
 /----------------------------------------------------------------------------\
 |  yosys -- Yosys Open SYnthesis Suite                                       |
 |  Copyright (C) 2012 - 2026  Claire Xenia Wolf <claire@yosyshq.com>         |
 |  Distributed under an ISC-like license, type "license" to see terms        |
 \----------------------------------------------------------------------------/
 Yosys 0.67+24 (git sha1 0e82bbefe, Release, Clang /usr/bin/clang++ 18.1.8)

-- Executing script file `equiv_check.ys' --

1. Executing Verilog-2005 frontend: ../RTL/scrambler_core.sv
Parsing SystemVerilog input from `../RTL/scrambler_core.sv' to AST representation.
Generating RTLIL representation for module `\scrambler_core'.
Successfully finished Verilog frontend.

2. Executing Verilog-2005 frontend: ../RTL/descrambler_core.sv
Parsing SystemVerilog input from `../RTL/descrambler_core.sv' to AST representation.
Generating RTLIL representation for module `\descrambler_core'.
Successfully finished Verilog frontend.

3. Executing Verilog-2005 frontend: ../RTL/scrambler_top.sv
Parsing SystemVerilog input from `../RTL/scrambler_top.sv' to AST representation.
Generating RTLIL representation for module `\scrambler_top'.
Warning: Replacing memory \csr_reg with list of registers. See ../RTL/scrambler_top.sv:268
Successfully finished Verilog frontend.

4. Executing Verilog-2005 frontend: ../RTL/scrambler_apb.sv
Parsing SystemVerilog input from `../RTL/scrambler_apb.sv' to AST representation.
Generating RTLIL representation for module `\scrambler_apb'.
Successfully finished Verilog frontend.

5. Executing HIERARCHY pass (managing design hierarchy).

5.1. Analyzing design hierarchy..
Top module:  \scrambler_apb
Used module:     \scrambler_top
Used module:         \descrambler_core
Used module:         \scrambler_core
Parameter \N = 58
Parameter \W = 8
Parameter \TAP_A = 39
Parameter \TAP_B = 58
Parameter \BIT_ORDER = 0

5.2. Executing AST frontend in derive mode using pre-parsed AST for module `\descrambler_core'.
Parameter \N = 58
Parameter \W = 8
Parameter \TAP_A = 39
Parameter \TAP_B = 58
Parameter \BIT_ORDER = 0
Generating RTLIL representation for module `$paramod$c9efeda027fc3d4256c20c1d70297742886506f1\descrambler_core'.
Parameter \N = 58
Parameter \W = 8
Parameter \TAP_A = 39
Parameter \TAP_B = 58
Parameter \BIT_ORDER = 0

5.3. Executing AST frontend in derive mode using pre-parsed AST for module `\scrambler_core'.
Parameter \N = 58
Parameter \W = 8
Parameter \TAP_A = 39
Parameter \TAP_B = 58
Parameter \BIT_ORDER = 0
Generating RTLIL representation for module `$paramod$c9efeda027fc3d4256c20c1d70297742886506f1\scrambler_core'.
Parameter \N = 58
Parameter \W = 8
Parameter \TAP_A = 39
Parameter \TAP_B = 58
Parameter \BIT_ORDER = 0

5.4. Executing AST frontend in derive mode using pre-parsed AST for module `\scrambler_top'.
Parameter \N = 58
Parameter \W = 8
Parameter \TAP_A = 39
Parameter \TAP_B = 58
Parameter \BIT_ORDER = 0
Generating RTLIL representation for module `$paramod$c9efeda027fc3d4256c20c1d70297742886506f1\scrambler_top'.
Warning: Replacing memory \csr_reg with list of registers. See ../RTL/scrambler_top.sv:268

5.5. Analyzing design hierarchy..
Top module:  \scrambler_apb
Used module:     $paramod$c9efeda027fc3d4256c20c1d70297742886506f1\scrambler_top
Used module:         \descrambler_core
Used module:         \scrambler_core
Parameter \N = 58
Parameter \W = 8
Parameter \TAP_A = 39
Parameter \TAP_B = 58
Parameter \BIT_ORDER = 0
Found cached RTLIL representation for module `$paramod$c9efeda027fc3d4256c20c1d70297742886506f1\descrambler_core'.
Parameter \N = 58
Parameter \W = 8
Parameter \TAP_A = 39
Parameter \TAP_B = 58
Parameter \BIT_ORDER = 0
Found cached RTLIL representation for module `$paramod$c9efeda027fc3d4256c20c1d70297742886506f1\scrambler_core'.

5.6. Analyzing design hierarchy..
Top module:  \scrambler_apb
Used module:     $paramod$c9efeda027fc3d4256c20c1d70297742886506f1\scrambler_top
Used module:         $paramod$c9efeda027fc3d4256c20c1d70297742886506f1\descrambler_core
Used module:         $paramod$c9efeda027fc3d4256c20c1d70297742886506f1\scrambler_core

5.7. Analyzing design hierarchy..
Top module:  \scrambler_apb
Used module:     $paramod$c9efeda027fc3d4256c20c1d70297742886506f1\scrambler_top
Used module:         $paramod$c9efeda027fc3d4256c20c1d70297742886506f1\descrambler_core
Used module:         $paramod$c9efeda027fc3d4256c20c1d70297742886506f1\scrambler_core
Removing unused module `\scrambler_top'.
Removing unused module `\descrambler_core'.
Removing unused module `\scrambler_core'.
Removed 3 unused modules.

6. Executing PREP pass.

6.1. Executing HIERARCHY pass (managing design hierarchy).

6.1.1. Analyzing design hierarchy..
Top module:  \scrambler_apb
Used module:     $paramod$c9efeda027fc3d4256c20c1d70297742886506f1\scrambler_top
Used module:         $paramod$c9efeda027fc3d4256c20c1d70297742886506f1\descrambler_core
Used module:         $paramod$c9efeda027fc3d4256c20c1d70297742886506f1\scrambler_core

6.1.2. Analyzing design hierarchy..
Top module:  \scrambler_apb
Used module:     $paramod$c9efeda027fc3d4256c20c1d70297742886506f1\scrambler_top
Used module:         $paramod$c9efeda027fc3d4256c20c1d70297742886506f1\descrambler_core
Used module:         $paramod$c9efeda027fc3d4256c20c1d70297742886506f1\scrambler_core
Removed 0 unused modules.

6.2. Executing PROC pass (convert processes to netlists).

6.2.1. Executing PROC_CLEAN pass (remove empty switches from decision trees).
Found and cleaned up 1 empty switch in `\scrambler_apb.$proc$../RTL/scrambler_apb.sv:39$131'.
Removing empty process `scrambler_apb.$proc$../RTL/scrambler_apb.sv:39$131'.
Found and cleaned up 5 empty switches in `$paramod$c9efeda027fc3d4256c20c1d70297742886506f1\scrambler_top.$proc$../RTL/scrambler_top.sv:68$251'.
Removing empty process `$paramod$c9efeda027fc3d4256c20c1d70297742886506f1\scrambler_top.$proc$../RTL/scrambler_top.sv:68$251'.
Found and cleaned up 3 empty switches in `$paramod$c9efeda027fc3d4256c20c1d70297742886506f1\scrambler_core.$proc$../RTL/scrambler_core.sv:43$204'.
Removing empty process `$paramod$c9efeda027fc3d4256c20c1d70297742886506f1\scrambler_core.$proc$../RTL/scrambler_core.sv:43$204'.
Found and cleaned up 1 empty switch in `$paramod$c9efeda027fc3d4256c20c1d70297742886506f1\scrambler_core.$proc$../RTL/scrambler_core.sv:117$173'.
Found and cleaned up 1 empty switch in `$paramod$c9efeda027fc3d4256c20c1d70297742886506f1\scrambler_core.$proc$../RTL/scrambler_core.sv:64$169'.
Found and cleaned up 3 empty switches in `$paramod$c9efeda027fc3d4256c20c1d70297742886506f1\descrambler_core.$proc$../RTL/descrambler_core.sv:41$168'.
Removing empty process `$paramod$c9efeda027fc3d4256c20c1d70297742886506f1\descrambler_core.$proc$../RTL/descrambler_core.sv:41$168'.
Found and cleaned up 1 empty switch in `$paramod$c9efeda027fc3d4256c20c1d70297742886506f1\descrambler_core.$proc$../RTL/descrambler_core.sv:124$140'.
Found and cleaned up 1 empty switch in `$paramod$c9efeda027fc3d4256c20c1d70297742886506f1\descrambler_core.$proc$../RTL/descrambler_core.sv:62$132'.
Cleaned up 16 empty switches.

6.2.2. Executing PROC_RMDEAD pass (remove dead branches from decision trees).
Marked 2 switch rules as full_case in process $proc$../RTL/scrambler_top.sv:338$242 in module $paramod$c9efeda027fc3d4256c20c1d70297742886506f1\scrambler_top.
Marked 1 switch rules as full_case in process $proc$../RTL/scrambler_top.sv:281$239 in module $paramod$c9efeda027fc3d4256c20c1d70297742886506f1\scrambler_top.
Marked 1 switch rules as full_case in process $proc$../RTL/scrambler_top.sv:204$214 in module $paramod$c9efeda027fc3d4256c20c1d70297742886506f1\scrambler_top.
Marked 1 switch rules as full_case in process $proc$../RTL/scrambler_top.sv:194$212 in module $paramod$c9efeda027fc3d4256c20c1d70297742886506f1\scrambler_top.
Removed 1 dead cases from process $proc$../RTL/scrambler_top.sv:133$210 in module $paramod$c9efeda027fc3d4256c20c1d70297742886506f1\scrambler_top.
Marked 1 switch rules as full_case in process $proc$../RTL/scrambler_top.sv:133$210 in module $paramod$c9efeda027fc3d4256c20c1d70297742886506f1\scrambler_top.
Marked 3 switch rules as full_case in process $proc$../RTL/scrambler_core.sv:203$184 in module $paramod$c9efeda027fc3d4256c20c1d70297742886506f1\scrambler_core.
Marked 2 switch rules as full_case in process $proc$../RTL/scrambler_core.sv:165$179 in module $paramod$c9efeda027fc3d4256c20c1d70297742886506f1\scrambler_core.
Marked 2 switch rules as full_case in process $proc$../RTL/scrambler_core.sv:150$176 in module $paramod$c9efeda027fc3d4256c20c1d70297742886506f1\scrambler_core.
Marked 1 switch rules as full_case in process $proc$../RTL/scrambler_core.sv:134$174 in module $paramod$c9efeda027fc3d4256c20c1d70297742886506f1\scrambler_core.
Marked 3 switch rules as full_case in process $proc$../RTL/scrambler_core.sv:91$170 in module $paramod$c9efeda027fc3d4256c20c1d70297742886506f1\scrambler_core.
Marked 2 switch rules as full_case in process $proc$../RTL/descrambler_core.sv:185$145 in module $paramod$c9efeda027fc3d4256c20c1d70297742886506f1\descrambler_core.
Marked 2 switch rules as full_case in process $proc$../RTL/descrambler_core.sv:156$142 in module $paramod$c9efeda027fc3d4256c20c1d70297742886506f1\descrambler_core.
Marked 2 switch rules as full_case in process $proc$../RTL/descrambler_core.sv:108$136 in module $paramod$c9efeda027fc3d4256c20c1d70297742886506f1\descrambler_core.
Marked 3 switch rules as full_case in process $proc$../RTL/descrambler_core.sv:86$133 in module $paramod$c9efeda027fc3d4256c20c1d70297742886506f1\descrambler_core.
Removed a total of 1 dead cases.

6.2.3. Executing PROC_PRUNE pass (remove redundant assignments in processes).
Removed 5 redundant assignments.
Promoted 36 assignments to connections.

6.2.4. Executing PROC_INIT pass (extract init attributes).

6.2.5. Executing PROC_ARST pass (detect async resets in processes).
Found async reset \rst_n in `$paramod$c9efeda027fc3d4256c20c1d70297742886506f1\scrambler_top.$proc$../RTL/scrambler_top.sv:338$242'.
Found async reset \rst_n in `$paramod$c9efeda027fc3d4256c20c1d70297742886506f1\scrambler_top.$proc$../RTL/scrambler_top.sv:204$214'.
Found async reset \rst_n in `$paramod$c9efeda027fc3d4256c20c1d70297742886506f1\scrambler_top.$proc$../RTL/scrambler_top.sv:194$212'.
Found async reset \rst_n in `$paramod$c9efeda027fc3d4256c20c1d70297742886506f1\scrambler_core.$proc$../RTL/scrambler_core.sv:203$184'.
Found async reset \rst_n in `$paramod$c9efeda027fc3d4256c20c1d70297742886506f1\scrambler_core.$proc$../RTL/scrambler_core.sv:165$179'.
Found async reset \rst_n in `$paramod$c9efeda027fc3d4256c20c1d70297742886506f1\scrambler_core.$proc$../RTL/scrambler_core.sv:150$176'.
Found async reset \rst_n in `$paramod$c9efeda027fc3d4256c20c1d70297742886506f1\scrambler_core.$proc$../RTL/scrambler_core.sv:91$170'.
Found async reset \rst_n in `$paramod$c9efeda027fc3d4256c20c1d70297742886506f1\descrambler_core.$proc$../RTL/descrambler_core.sv:185$145'.
Found async reset \rst_n in `$paramod$c9efeda027fc3d4256c20c1d70297742886506f1\descrambler_core.$proc$../RTL/descrambler_core.sv:156$142'.
Found async reset \rst_n in `$paramod$c9efeda027fc3d4256c20c1d70297742886506f1\descrambler_core.$proc$../RTL/descrambler_core.sv:108$136'.
Found async reset \rst_n in `$paramod$c9efeda027fc3d4256c20c1d70297742886506f1\descrambler_core.$proc$../RTL/descrambler_core.sv:86$133'.

6.2.6. Executing PROC_ROM pass (convert switches to ROMs).
Converted 0 switches.
<suppressed ~26 debug messages>

6.2.7. Executing PROC_MUX pass (convert decision trees to multiplexers).
Creating decoders for process `$paramod$c9efeda027fc3d4256c20c1d70297742886506f1\scrambler_top.$proc$../RTL/scrambler_top.sv:338$242'.
     1/1: $0\test_counter[15:0]
Creating decoders for process `$paramod$c9efeda027fc3d4256c20c1d70297742886506f1\scrambler_top.$proc$../RTL/scrambler_top.sv:281$239'.
     1/1: $1\csr_rdata[31:0]
Creating decoders for process `$paramod$c9efeda027fc3d4256c20c1d70297742886506f1\scrambler_top.$proc$../RTL/scrambler_top.sv:267$232'.
Creating decoders for process `$paramod$c9efeda027fc3d4256c20c1d70297742886506f1\scrambler_top.$proc$../RTL/scrambler_top.sv:204$214'.
     1/6: $0\seed_reg[57:0] [57:32]
     2/6: $0\seed_reg[57:0] [31:0]
     3/6: $0\test_period[15:0]
     4/6: $0\test_en[0:0]
     5/6: $0\ctrl_en[0:0]
     6/6: $0\mode[1:0]
Creating decoders for process `$paramod$c9efeda027fc3d4256c20c1d70297742886506f1\scrambler_top.$proc$../RTL/scrambler_top.sv:194$212'.
     1/1: $0\prev_mode[1:0]
Creating decoders for process `$paramod$c9efeda027fc3d4256c20c1d70297742886506f1\scrambler_top.$proc$../RTL/scrambler_top.sv:133$210'.
     1/7: $1\dout_valid[0:0]
     2/7: $1\dout[7:0]
     3/7: $1\des_din[7:0]
     4/7: $1\des_din_valid[0:0]
     5/7: $1\scr_din_valid[0:0]
     6/7: $1\en_descrambler[0:0]
     7/7: $1\en_scrambler[0:0]
Creating decoders for process `$paramod$c9efeda027fc3d4256c20c1d70297742886506f1\scrambler_core.$proc$../RTL/scrambler_core.sv:203$184'.
     1/2: $0\state_parity[0:0]
     2/2: $0\state[57:0]
Creating decoders for process `$paramod$c9efeda027fc3d4256c20c1d70297742886506f1\scrambler_core.$proc$../RTL/scrambler_core.sv:165$179'.
     1/1: $0\parity_err[0:0]
Creating decoders for process `$paramod$c9efeda027fc3d4256c20c1d70297742886506f1\scrambler_core.$proc$../RTL/scrambler_core.sv:150$176'.
     1/1: $0\allzero_err[0:0]
Creating decoders for process `$paramod$c9efeda027fc3d4256c20c1d70297742886506f1\scrambler_core.$proc$../RTL/scrambler_core.sv:134$174'.
     1/1: $1\internal_seed_load[0:0]
Creating decoders for process `$paramod$c9efeda027fc3d4256c20c1d70297742886506f1\scrambler_core.$proc$../RTL/scrambler_core.sv:117$173'.
Creating decoders for process `$paramod$c9efeda027fc3d4256c20c1d70297742886506f1\scrambler_core.$proc$../RTL/scrambler_core.sv:91$170'.
     1/2: $0\dout_valid[0:0]
     2/2: $0\dout_tmp[7:0]
Creating decoders for process `$paramod$c9efeda027fc3d4256c20c1d70297742886506f1\scrambler_core.$proc$../RTL/scrambler_core.sv:64$169'.
Creating decoders for process `$paramod$c9efeda027fc3d4256c20c1d70297742886506f1\descrambler_core.$proc$../RTL/descrambler_core.sv:185$145'.
     1/2: $0\lock_counter[4:0]
     2/2: $0\locked[0:0]
Creating decoders for process `$paramod$c9efeda027fc3d4256c20c1d70297742886506f1\descrambler_core.$proc$../RTL/descrambler_core.sv:156$142'.
     1/2: $0\state_parity[0:0]
     2/2: $0\state[57:0]
Creating decoders for process `$paramod$c9efeda027fc3d4256c20c1d70297742886506f1\descrambler_core.$proc$../RTL/descrambler_core.sv:124$140'.
Creating decoders for process `$paramod$c9efeda027fc3d4256c20c1d70297742886506f1\descrambler_core.$proc$../RTL/descrambler_core.sv:108$136'.
     1/1: $0\parity_err[0:0]
Creating decoders for process `$paramod$c9efeda027fc3d4256c20c1d70297742886506f1\descrambler_core.$proc$../RTL/descrambler_core.sv:86$133'.
     1/2: $0\dout_valid[0:0]
     2/2: $0\dout_tmp[7:0]
Creating decoders for process `$paramod$c9efeda027fc3d4256c20c1d70297742886506f1\descrambler_core.$proc$../RTL/descrambler_core.sv:62$132'.

6.2.8. Executing PROC_DLATCH pass (convert process syncs to latches).
No latch inferred for signal `$paramod$c9efeda027fc3d4256c20c1d70297742886506f1\scrambler_top.\csr_rdata' from process `$paramod$c9efeda027fc3d4256c20c1d70297742886506f1\scrambler_top.$proc$../RTL/scrambler_top.sv:281$239'.
No latch inferred for signal `$paramod$c9efeda027fc3d4256c20c1d70297742886506f1\scrambler_top.\csr_reg[0]' from process `$paramod$c9efeda027fc3d4256c20c1d70297742886506f1\scrambler_top.$proc$../RTL/scrambler_top.sv:267$232'.
No latch inferred for signal `$paramod$c9efeda027fc3d4256c20c1d70297742886506f1\scrambler_top.\csr_reg[1]' from process `$paramod$c9efeda027fc3d4256c20c1d70297742886506f1\scrambler_top.$proc$../RTL/scrambler_top.sv:267$232'.
No latch inferred for signal `$paramod$c9efeda027fc3d4256c20c1d70297742886506f1\scrambler_top.\csr_reg[2]' from process `$paramod$c9efeda027fc3d4256c20c1d70297742886506f1\scrambler_top.$proc$../RTL/scrambler_top.sv:267$232'.
No latch inferred for signal `$paramod$c9efeda027fc3d4256c20c1d70297742886506f1\scrambler_top.\csr_reg[3]' from process `$paramod$c9efeda027fc3d4256c20c1d70297742886506f1\scrambler_top.$proc$../RTL/scrambler_top.sv:267$232'.
No latch inferred for signal `$paramod$c9efeda027fc3d4256c20c1d70297742886506f1\scrambler_top.\csr_reg[4]' from process `$paramod$c9efeda027fc3d4256c20c1d70297742886506f1\scrambler_top.$proc$../RTL/scrambler_top.sv:267$232'.
No latch inferred for signal `$paramod$c9efeda027fc3d4256c20c1d70297742886506f1\scrambler_top.\csr_reg[5]' from process `$paramod$c9efeda027fc3d4256c20c1d70297742886506f1\scrambler_top.$proc$../RTL/scrambler_top.sv:267$232'.
No latch inferred for signal `$paramod$c9efeda027fc3d4256c20c1d70297742886506f1\scrambler_top.\csr_reg[6]' from process `$paramod$c9efeda027fc3d4256c20c1d70297742886506f1\scrambler_top.$proc$../RTL/scrambler_top.sv:267$232'.
No latch inferred for signal `$paramod$c9efeda027fc3d4256c20c1d70297742886506f1\scrambler_top.\csr_reg[7]' from process `$paramod$c9efeda027fc3d4256c20c1d70297742886506f1\scrambler_top.$proc$../RTL/scrambler_top.sv:267$232'.
No latch inferred for signal `$paramod$c9efeda027fc3d4256c20c1d70297742886506f1\scrambler_top.\csr_reg[8]' from process `$paramod$c9efeda027fc3d4256c20c1d70297742886506f1\scrambler_top.$proc$../RTL/scrambler_top.sv:267$232'.
No latch inferred for signal `$paramod$c9efeda027fc3d4256c20c1d70297742886506f1\scrambler_top.\csr_reg[9]' from process `$paramod$c9efeda027fc3d4256c20c1d70297742886506f1\scrambler_top.$proc$../RTL/scrambler_top.sv:267$232'.
No latch inferred for signal `$paramod$c9efeda027fc3d4256c20c1d70297742886506f1\scrambler_top.\dout' from process `$paramod$c9efeda027fc3d4256c20c1d70297742886506f1\scrambler_top.$proc$../RTL/scrambler_top.sv:133$210'.
No latch inferred for signal `$paramod$c9efeda027fc3d4256c20c1d70297742886506f1\scrambler_top.\dout_valid' from process `$paramod$c9efeda027fc3d4256c20c1d70297742886506f1\scrambler_top.$proc$../RTL/scrambler_top.sv:133$210'.
No latch inferred for signal `$paramod$c9efeda027fc3d4256c20c1d70297742886506f1\scrambler_top.\en_scrambler' from process `$paramod$c9efeda027fc3d4256c20c1d70297742886506f1\scrambler_top.$proc$../RTL/scrambler_top.sv:133$210'.
No latch inferred for signal `$paramod$c9efeda027fc3d4256c20c1d70297742886506f1\scrambler_top.\en_descrambler' from process `$paramod$c9efeda027fc3d4256c20c1d70297742886506f1\scrambler_top.$proc$../RTL/scrambler_top.sv:133$210'.
No latch inferred for signal `$paramod$c9efeda027fc3d4256c20c1d70297742886506f1\scrambler_top.\scr_din_valid' from process `$paramod$c9efeda027fc3d4256c20c1d70297742886506f1\scrambler_top.$proc$../RTL/scrambler_top.sv:133$210'.
No latch inferred for signal `$paramod$c9efeda027fc3d4256c20c1d70297742886506f1\scrambler_top.\des_din_valid' from process `$paramod$c9efeda027fc3d4256c20c1d70297742886506f1\scrambler_top.$proc$../RTL/scrambler_top.sv:133$210'.
No latch inferred for signal `$paramod$c9efeda027fc3d4256c20c1d70297742886506f1\scrambler_top.\des_din' from process `$paramod$c9efeda027fc3d4256c20c1d70297742886506f1\scrambler_top.$proc$../RTL/scrambler_top.sv:133$210'.
No latch inferred for signal `$paramod$c9efeda027fc3d4256c20c1d70297742886506f1\scrambler_core.\internal_seed_load' from process `$paramod$c9efeda027fc3d4256c20c1d70297742886506f1\scrambler_core.$proc$../RTL/scrambler_core.sv:134$174'.
No latch inferred for signal `$paramod$c9efeda027fc3d4256c20c1d70297742886506f1\scrambler_core.\dout' from process `$paramod$c9efeda027fc3d4256c20c1d70297742886506f1\scrambler_core.$proc$../RTL/scrambler_core.sv:117$173'.
No latch inferred for signal `$paramod$c9efeda027fc3d4256c20c1d70297742886506f1\scrambler_core.\din_core' from process `$paramod$c9efeda027fc3d4256c20c1d70297742886506f1\scrambler_core.$proc$../RTL/scrambler_core.sv:64$169'.
No latch inferred for signal `$paramod$c9efeda027fc3d4256c20c1d70297742886506f1\descrambler_core.\dout' from process `$paramod$c9efeda027fc3d4256c20c1d70297742886506f1\descrambler_core.$proc$../RTL/descrambler_core.sv:124$140'.
No latch inferred for signal `$paramod$c9efeda027fc3d4256c20c1d70297742886506f1\descrambler_core.\din_core' from process `$paramod$c9efeda027fc3d4256c20c1d70297742886506f1\descrambler_core.$proc$../RTL/descrambler_core.sv:62$132'.

6.2.9. Executing PROC_DFF pass (convert process syncs to FFs).
Creating register for signal `$paramod$c9efeda027fc3d4256c20c1d70297742886506f1\scrambler_top.\test_counter' using process `$paramod$c9efeda027fc3d4256c20c1d70297742886506f1\scrambler_top.$proc$../RTL/scrambler_top.sv:338$242'.
  created $adff cell `$procdff$423' with positive edge clock and positive level reset.
Creating register for signal `$paramod$c9efeda027fc3d4256c20c1d70297742886506f1\scrambler_top.\mode' using process `$paramod$c9efeda027fc3d4256c20c1d70297742886506f1\scrambler_top.$proc$../RTL/scrambler_top.sv:204$214'.
  created $adff cell `$procdff$428' with positive edge clock and positive level reset.
Creating register for signal `$paramod$c9efeda027fc3d4256c20c1d70297742886506f1\scrambler_top.\ctrl_en' using process `$paramod$c9efeda027fc3d4256c20c1d70297742886506f1\scrambler_top.$proc$../RTL/scrambler_top.sv:204$214'.
  created $adff cell `$procdff$433' with positive edge clock and positive level reset.
Creating register for signal `$paramod$c9efeda027fc3d4256c20c1d70297742886506f1\scrambler_top.\seed_reg' using process `$paramod$c9efeda027fc3d4256c20c1d70297742886506f1\scrambler_top.$proc$../RTL/scrambler_top.sv:204$214'.
  created $adff cell `$procdff$438' with positive edge clock and positive level reset.
Creating register for signal `$paramod$c9efeda027fc3d4256c20c1d70297742886506f1\scrambler_top.\test_period' using process `$paramod$c9efeda027fc3d4256c20c1d70297742886506f1\scrambler_top.$proc$../RTL/scrambler_top.sv:204$214'.
  created $adff cell `$procdff$443' with positive edge clock and positive level reset.
Creating register for signal `$paramod$c9efeda027fc3d4256c20c1d70297742886506f1\scrambler_top.\test_en' using process `$paramod$c9efeda027fc3d4256c20c1d70297742886506f1\scrambler_top.$proc$../RTL/scrambler_top.sv:204$214'.
  created $adff cell `$procdff$448' with positive edge clock and positive level reset.
Creating register for signal `$paramod$c9efeda027fc3d4256c20c1d70297742886506f1\scrambler_top.\prev_mode' using process `$paramod$c9efeda027fc3d4256c20c1d70297742886506f1\scrambler_top.$proc$../RTL/scrambler_top.sv:194$212'.
  created $adff cell `$procdff$453' with positive edge clock and positive level reset.
Creating register for signal `$paramod$c9efeda027fc3d4256c20c1d70297742886506f1\scrambler_core.\state' using process `$paramod$c9efeda027fc3d4256c20c1d70297742886506f1\scrambler_core.$proc$../RTL/scrambler_core.sv:203$184'.
  created $adff cell `$procdff$458' with positive edge clock and positive level reset.
Creating register for signal `$paramod$c9efeda027fc3d4256c20c1d70297742886506f1\scrambler_core.\state_parity' using process `$paramod$c9efeda027fc3d4256c20c1d70297742886506f1\scrambler_core.$proc$../RTL/scrambler_core.sv:203$184'.
  created $adff cell `$procdff$463' with positive edge clock and positive level reset.
Creating register for signal `$paramod$c9efeda027fc3d4256c20c1d70297742886506f1\scrambler_core.\parity_err' using process `$paramod$c9efeda027fc3d4256c20c1d70297742886506f1\scrambler_core.$proc$../RTL/scrambler_core.sv:165$179'.
  created $adff cell `$procdff$468' with positive edge clock and positive level reset.
Creating register for signal `$paramod$c9efeda027fc3d4256c20c1d70297742886506f1\scrambler_core.\allzero_err' using process `$paramod$c9efeda027fc3d4256c20c1d70297742886506f1\scrambler_core.$proc$../RTL/scrambler_core.sv:150$176'.
  created $adff cell `$procdff$473' with positive edge clock and positive level reset.
Creating register for signal `$paramod$c9efeda027fc3d4256c20c1d70297742886506f1\scrambler_core.\dout_valid' using process `$paramod$c9efeda027fc3d4256c20c1d70297742886506f1\scrambler_core.$proc$../RTL/scrambler_core.sv:91$170'.
  created $adff cell `$procdff$478' with positive edge clock and positive level reset.
Creating register for signal `$paramod$c9efeda027fc3d4256c20c1d70297742886506f1\scrambler_core.\dout_tmp' using process `$paramod$c9efeda027fc3d4256c20c1d70297742886506f1\scrambler_core.$proc$../RTL/scrambler_core.sv:91$170'.
  created $adff cell `$procdff$483' with positive edge clock and positive level reset.
Creating register for signal `$paramod$c9efeda027fc3d4256c20c1d70297742886506f1\descrambler_core.\locked' using process `$paramod$c9efeda027fc3d4256c20c1d70297742886506f1\descrambler_core.$proc$../RTL/descrambler_core.sv:185$145'.
  created $adff cell `$procdff$488' with positive edge clock and positive level reset.
Creating register for signal `$paramod$c9efeda027fc3d4256c20c1d70297742886506f1\descrambler_core.\lock_counter' using process `$paramod$c9efeda027fc3d4256c20c1d70297742886506f1\descrambler_core.$proc$../RTL/descrambler_core.sv:185$145'.
  created $adff cell `$procdff$493' with positive edge clock and positive level reset.
Creating register for signal `$paramod$c9efeda027fc3d4256c20c1d70297742886506f1\descrambler_core.\state' using process `$paramod$c9efeda027fc3d4256c20c1d70297742886506f1\descrambler_core.$proc$../RTL/descrambler_core.sv:156$142'.
  created $adff cell `$procdff$498' with positive edge clock and positive level reset.
Creating register for signal `$paramod$c9efeda027fc3d4256c20c1d70297742886506f1\descrambler_core.\state_parity' using process `$paramod$c9efeda027fc3d4256c20c1d70297742886506f1\descrambler_core.$proc$../RTL/descrambler_core.sv:156$142'.
  created $adff cell `$procdff$503' with positive edge clock and positive level reset.
Creating register for signal `$paramod$c9efeda027fc3d4256c20c1d70297742886506f1\descrambler_core.\parity_err' using process `$paramod$c9efeda027fc3d4256c20c1d70297742886506f1\descrambler_core.$proc$../RTL/descrambler_core.sv:108$136'.
  created $adff cell `$procdff$508' with positive edge clock and positive level reset.
Creating register for signal `$paramod$c9efeda027fc3d4256c20c1d70297742886506f1\descrambler_core.\dout_valid' using process `$paramod$c9efeda027fc3d4256c20c1d70297742886506f1\descrambler_core.$proc$../RTL/descrambler_core.sv:86$133'.
  created $adff cell `$procdff$513' with positive edge clock and positive level reset.
Creating register for signal `$paramod$c9efeda027fc3d4256c20c1d70297742886506f1\descrambler_core.\dout_tmp' using process `$paramod$c9efeda027fc3d4256c20c1d70297742886506f1\descrambler_core.$proc$../RTL/descrambler_core.sv:86$133'.
  created $adff cell `$procdff$518' with positive edge clock and positive level reset.

6.2.10. Executing PROC_MEMWR pass (convert process memory writes to cells).

6.2.11. Executing PROC_CLEAN pass (remove empty switches from decision trees).
Found and cleaned up 2 empty switches in `$paramod$c9efeda027fc3d4256c20c1d70297742886506f1\scrambler_top.$proc$../RTL/scrambler_top.sv:338$242'.
Removing empty process `$paramod$c9efeda027fc3d4256c20c1d70297742886506f1\scrambler_top.$proc$../RTL/scrambler_top.sv:338$242'.
Found and cleaned up 1 empty switch in `$paramod$c9efeda027fc3d4256c20c1d70297742886506f1\scrambler_top.$proc$../RTL/scrambler_top.sv:281$239'.
Removing empty process `$paramod$c9efeda027fc3d4256c20c1d70297742886506f1\scrambler_top.$proc$../RTL/scrambler_top.sv:281$239'.
Removing empty process `$paramod$c9efeda027fc3d4256c20c1d70297742886506f1\scrambler_top.$proc$../RTL/scrambler_top.sv:267$232'.
Found and cleaned up 2 empty switches in `$paramod$c9efeda027fc3d4256c20c1d70297742886506f1\scrambler_top.$proc$../RTL/scrambler_top.sv:204$214'.
Removing empty process `$paramod$c9efeda027fc3d4256c20c1d70297742886506f1\scrambler_top.$proc$../RTL/scrambler_top.sv:204$214'.
Removing empty process `$paramod$c9efeda027fc3d4256c20c1d70297742886506f1\scrambler_top.$proc$../RTL/scrambler_top.sv:194$212'.
Found and cleaned up 1 empty switch in `$paramod$c9efeda027fc3d4256c20c1d70297742886506f1\scrambler_top.$proc$../RTL/scrambler_top.sv:133$210'.
Removing empty process `$paramod$c9efeda027fc3d4256c20c1d70297742886506f1\scrambler_top.$proc$../RTL/scrambler_top.sv:133$210'.
Found and cleaned up 3 empty switches in `$paramod$c9efeda027fc3d4256c20c1d70297742886506f1\scrambler_core.$proc$../RTL/scrambler_core.sv:203$184'.
Removing empty process `$paramod$c9efeda027fc3d4256c20c1d70297742886506f1\scrambler_core.$proc$../RTL/scrambler_core.sv:203$184'.
Found and cleaned up 2 empty switches in `$paramod$c9efeda027fc3d4256c20c1d70297742886506f1\scrambler_core.$proc$../RTL/scrambler_core.sv:165$179'.
Removing empty process `$paramod$c9efeda027fc3d4256c20c1d70297742886506f1\scrambler_core.$proc$../RTL/scrambler_core.sv:165$179'.
Found and cleaned up 2 empty switches in `$paramod$c9efeda027fc3d4256c20c1d70297742886506f1\scrambler_core.$proc$../RTL/scrambler_core.sv:150$176'.
Removing empty process `$paramod$c9efeda027fc3d4256c20c1d70297742886506f1\scrambler_core.$proc$../RTL/scrambler_core.sv:150$176'.
Found and cleaned up 1 empty switch in `$paramod$c9efeda027fc3d4256c20c1d70297742886506f1\scrambler_core.$proc$../RTL/scrambler_core.sv:134$174'.
Removing empty process `$paramod$c9efeda027fc3d4256c20c1d70297742886506f1\scrambler_core.$proc$../RTL/scrambler_core.sv:134$174'.
Removing empty process `$paramod$c9efeda027fc3d4256c20c1d70297742886506f1\scrambler_core.$proc$../RTL/scrambler_core.sv:117$173'.
Found and cleaned up 2 empty switches in `$paramod$c9efeda027fc3d4256c20c1d70297742886506f1\scrambler_core.$proc$../RTL/scrambler_core.sv:91$170'.
Removing empty process `$paramod$c9efeda027fc3d4256c20c1d70297742886506f1\scrambler_core.$proc$../RTL/scrambler_core.sv:91$170'.
Removing empty process `$paramod$c9efeda027fc3d4256c20c1d70297742886506f1\scrambler_core.$proc$../RTL/scrambler_core.sv:64$169'.
Found and cleaned up 4 empty switches in `$paramod$c9efeda027fc3d4256c20c1d70297742886506f1\descrambler_core.$proc$../RTL/descrambler_core.sv:185$145'.
Removing empty process `$paramod$c9efeda027fc3d4256c20c1d70297742886506f1\descrambler_core.$proc$../RTL/descrambler_core.sv:185$145'.
Found and cleaned up 2 empty switches in `$paramod$c9efeda027fc3d4256c20c1d70297742886506f1\descrambler_core.$proc$../RTL/descrambler_core.sv:156$142'.
Removing empty process `$paramod$c9efeda027fc3d4256c20c1d70297742886506f1\descrambler_core.$proc$../RTL/descrambler_core.sv:156$142'.
Removing empty process `$paramod$c9efeda027fc3d4256c20c1d70297742886506f1\descrambler_core.$proc$../RTL/descrambler_core.sv:124$140'.
Found and cleaned up 2 empty switches in `$paramod$c9efeda027fc3d4256c20c1d70297742886506f1\descrambler_core.$proc$../RTL/descrambler_core.sv:108$136'.
Removing empty process `$paramod$c9efeda027fc3d4256c20c1d70297742886506f1\descrambler_core.$proc$../RTL/descrambler_core.sv:108$136'.
Found and cleaned up 2 empty switches in `$paramod$c9efeda027fc3d4256c20c1d70297742886506f1\descrambler_core.$proc$../RTL/descrambler_core.sv:86$133'.
Removing empty process `$paramod$c9efeda027fc3d4256c20c1d70297742886506f1\descrambler_core.$proc$../RTL/descrambler_core.sv:86$133'.
Removing empty process `$paramod$c9efeda027fc3d4256c20c1d70297742886506f1\descrambler_core.$proc$../RTL/descrambler_core.sv:62$132'.
Cleaned up 26 empty switches.

6.2.12. Executing OPT_EXPR pass (perform const folding).
Optimizing module scrambler_apb.
Optimizing module $paramod$c9efeda027fc3d4256c20c1d70297742886506f1\scrambler_top.
<suppressed ~29 debug messages>
Optimizing module $paramod$c9efeda027fc3d4256c20c1d70297742886506f1\scrambler_core.
<suppressed ~14 debug messages>
Optimizing module $paramod$c9efeda027fc3d4256c20c1d70297742886506f1\descrambler_core.
<suppressed ~15 debug messages>

6.3. Executing FLATTEN pass (flatten design).
Deleting now unused module $paramod$c9efeda027fc3d4256c20c1d70297742886506f1\scrambler_top.
Deleting now unused module $paramod$c9efeda027fc3d4256c20c1d70297742886506f1\scrambler_core.
Deleting now unused module $paramod$c9efeda027fc3d4256c20c1d70297742886506f1\descrambler_core.
<suppressed ~3 debug messages>

6.4. Executing FUTURE pass.

6.5. Executing OPT_EXPR pass (perform const folding).
Optimizing module scrambler_apb.

6.6. Executing OPT_CLEAN pass (remove unused cells and wires).
Finding unused cells or wires in module \scrambler_apb..
Removed 32 unused cells and 198 unused wires.
<suppressed ~33 debug messages>

6.7. Executing CHECK pass (checking for obvious problems).
Checking module scrambler_apb...
Found and reported 0 problems.

6.8. Executing OPT pass (performing simple optimizations).

6.8.1. Executing OPT_EXPR pass (perform const folding).
Optimizing module scrambler_apb.

6.8.2. Executing OPT_MERGE pass (detect identical cells).
Finding identical cells in module `\scrambler_apb'.
Computing hashes of 196 cells of `\scrambler_apb'.
Finding duplicate cells in `\scrambler_apb'.
Computing hashes of 158 cells of `\scrambler_apb'.
Finding duplicate cells in `\scrambler_apb'.
Computing hashes of 156 cells of `\scrambler_apb'.
Finding duplicate cells in `\scrambler_apb'.
<suppressed ~120 debug messages>
Removed a total of 40 cells.

6.8.3. Executing OPT_MUXTREE pass (detect dead branches in mux trees).
Running muxtree optimizer on module \scrambler_apb..
  Creating internal representation of mux trees.
  Evaluating internal representation of mux trees.
  Analyzing evaluation results.
Removed 0 multiplexer ports.
<suppressed ~82 debug messages>

6.8.4. Executing OPT_REDUCE pass (consolidate $*mux and $reduce_* inputs).
  Optimizing cells in module \scrambler_apb.
    New ctrl vector for $pmux cell $flatten\scrambler_top_inst.$procmux$312: { $flatten\scrambler_top_inst.$procmux$303_CMP $flatten\scrambler_top_inst.$procmux$304_CMP $auto$opt_reduce.cc:137:opt_pmux$523 }
    New ctrl vector for $pmux cell $flatten\scrambler_top_inst.$procmux$317: { $flatten\scrambler_top_inst.$procmux$303_CMP $flatten\scrambler_top_inst.$procmux$304_CMP $auto$opt_reduce.cc:137:opt_pmux$525 }
    New ctrl vector for $pmux cell $flatten\scrambler_top_inst.$procmux$322: { $auto$opt_reduce.cc:137:opt_pmux$529 $auto$opt_reduce.cc:137:opt_pmux$527 }
    New ctrl vector for $pmux cell $flatten\scrambler_top_inst.$procmux$327: { $auto$opt_reduce.cc:137:opt_pmux$533 $auto$opt_reduce.cc:137:opt_pmux$531 }
    New ctrl vector for $pmux cell $flatten\scrambler_top_inst.$procmux$332: { $auto$opt_reduce.cc:137:opt_pmux$537 $auto$opt_reduce.cc:137:opt_pmux$535 }
    New ctrl vector for $pmux cell $flatten\scrambler_top_inst.$procmux$307: { $auto$opt_reduce.cc:137:opt_pmux$539 $flatten\scrambler_top_inst.$procmux$305_CMP $flatten\scrambler_top_inst.$procmux$306_CMP }
    New ctrl vector for $pmux cell $flatten\scrambler_top_inst.$procmux$302: { $auto$opt_reduce.cc:137:opt_pmux$541 $flatten\scrambler_top_inst.$procmux$305_CMP $flatten\scrambler_top_inst.$procmux$306_CMP }
  Optimizing cells in module \scrambler_apb.
Performed a total of 7 changes.

6.8.5. Executing OPT_MERGE pass (detect identical cells).
Finding identical cells in module `\scrambler_apb'.
Computing hashes of 166 cells of `\scrambler_apb'.
Finding duplicate cells in `\scrambler_apb'.
Computing hashes of 160 cells of `\scrambler_apb'.
Finding duplicate cells in `\scrambler_apb'.
<suppressed ~18 debug messages>
Removed a total of 6 cells.

6.8.6. Executing OPT_CLEAN pass (remove unused cells and wires).
Finding unused cells or wires in module \scrambler_apb..
Removed 0 unused cells and 46 unused wires.
<suppressed ~1 debug messages>

6.8.7. Executing OPT_EXPR pass (perform const folding).
Optimizing module scrambler_apb.

6.8.8. Rerunning OPT passes. (Maybe there is more to do..)

6.8.9. Executing OPT_MUXTREE pass (detect dead branches in mux trees).
Running muxtree optimizer on module \scrambler_apb..
  Creating internal representation of mux trees.
  Evaluating internal representation of mux trees.
  Analyzing evaluation results.
Removed 0 multiplexer ports.
<suppressed ~82 debug messages>

6.8.10. Executing OPT_REDUCE pass (consolidate $*mux and $reduce_* inputs).
  Optimizing cells in module \scrambler_apb.
Performed a total of 0 changes.

6.8.11. Executing OPT_MERGE pass (detect identical cells).
Finding identical cells in module `\scrambler_apb'.
Computing hashes of 160 cells of `\scrambler_apb'.
Finding duplicate cells in `\scrambler_apb'.
Removed a total of 0 cells.

6.8.12. Executing OPT_CLEAN pass (remove unused cells and wires).
Finding unused cells or wires in module \scrambler_apb..

6.8.13. Executing OPT_EXPR pass (perform const folding).
Optimizing module scrambler_apb.

6.8.14. Finished fast OPT passes. (There is nothing left to do.)

6.9. Executing WREDUCE pass (reducing word size of cells).
Removed top 2 bits (of 5) from port B of cell scrambler_apb.$flatten\scrambler_top_inst.\descrambler.$eq$../RTL/descrambler_core.sv:195$148 ($eq).
Removed top 1 bits (of 2) from port B of cell scrambler_apb.$flatten\scrambler_top_inst.$procmux$305_CMP0 ($eq).
Removed top 5 bits (of 8) from port B of cell scrambler_apb.$flatten\scrambler_top_inst.$procmux$267_CMP0 ($eq).
Removed top 4 bits (of 8) from port B of cell scrambler_apb.$flatten\scrambler_top_inst.$procmux$266_CMP0 ($eq).
Removed top 4 bits (of 8) from port B of cell scrambler_apb.$flatten\scrambler_top_inst.$procmux$265_CMP0 ($eq).
Removed top 3 bits (of 8) from port B of cell scrambler_apb.$flatten\scrambler_top_inst.$procmux$264_CMP0 ($eq).
Removed top 3 bits (of 8) from port B of cell scrambler_apb.$flatten\scrambler_top_inst.$procmux$263_CMP0 ($eq).
Removed top 3 bits (of 8) from port B of cell scrambler_apb.$flatten\scrambler_top_inst.$procmux$262_CMP0 ($eq).
Removed top 3 bits (of 8) from port B of cell scrambler_apb.$flatten\scrambler_top_inst.$procmux$261_CMP0 ($eq).
Removed top 2 bits (of 8) from port B of cell scrambler_apb.$flatten\scrambler_top_inst.$procmux$260_CMP0 ($eq).
Removed top 2 bits (of 8) from port B of cell scrambler_apb.$flatten\scrambler_top_inst.$procmux$259_CMP0 ($eq).

6.10. Executing OPT_CLEAN pass (remove unused cells and wires).
Finding unused cells or wires in module \scrambler_apb..

6.11. Executing MEMORY_COLLECT pass (generating $mem cells).

6.12. Executing OPT pass (performing simple optimizations).

6.12.1. Executing OPT_EXPR pass (perform const folding).
Optimizing module scrambler_apb.

6.12.2. Executing OPT_MERGE pass (detect identical cells).
Finding identical cells in module `\scrambler_apb'.
Computing hashes of 160 cells of `\scrambler_apb'.
Finding duplicate cells in `\scrambler_apb'.
Removed a total of 0 cells.

6.12.3. Executing OPT_CLEAN pass (remove unused cells and wires).
Finding unused cells or wires in module \scrambler_apb..

6.12.4. Finished fast OPT passes.

6.13. Executing SORT pass.

6.14. Printing statistics.

=== scrambler_apb ===

        +----------Local Count, excluding submodules.
        | 
      218 wires
     2099 wire bits
      120 public wires
     1482 public wire bits
       15 ports
       98 port bits
      160 cells
        2   $add
       20   $adff
       14   $eq
       15   $logic_and
        5   $logic_not
        2   $logic_or
       45   $mux
        3   $ne
        8   $pmux
        2   $reduce_bool
        4   $reduce_or
        5   $reduce_xor
        3   $scopeinfo
       32   $xor

6.15. Executing CHECK pass (checking for obvious problems).
Checking module scrambler_apb...
Found and reported 0 problems.

7. Executing Verilog-2005 frontend: ../RTL/scrambler_core.sv
Parsing SystemVerilog input from `../RTL/scrambler_core.sv' to AST representation.
Generating RTLIL representation for module `\scrambler_core'.
Successfully finished Verilog frontend.

8. Executing Verilog-2005 frontend: ../RTL/descrambler_core.sv
Parsing SystemVerilog input from `../RTL/descrambler_core.sv' to AST representation.
Generating RTLIL representation for module `\descrambler_core'.
Successfully finished Verilog frontend.

9. Executing Verilog-2005 frontend: ../RTL/scrambler_top.sv
Parsing SystemVerilog input from `../RTL/scrambler_top.sv' to AST representation.
Generating RTLIL representation for module `\scrambler_top'.
Warning: Replacing memory \csr_reg with list of registers. See ../RTL/scrambler_top.sv:268
Successfully finished Verilog frontend.

10. Executing Verilog-2005 frontend: ../RTL/scrambler_apb.sv
Parsing SystemVerilog input from `../RTL/scrambler_apb.sv' to AST representation.
Generating RTLIL representation for module `\scrambler_apb'.
Successfully finished Verilog frontend.

11. Executing HIERARCHY pass (managing design hierarchy).

11.1. Analyzing design hierarchy..
Top module:  \scrambler_apb
Used module:     \scrambler_top
Used module:         \descrambler_core
Used module:         \scrambler_core
Parameter \N = 58
Parameter \W = 8
Parameter \TAP_A = 39
Parameter \TAP_B = 58
Parameter \BIT_ORDER = 0

11.2. Executing AST frontend in derive mode using pre-parsed AST for module `\scrambler_top'.
Parameter \N = 58
Parameter \W = 8
Parameter \TAP_A = 39
Parameter \TAP_B = 58
Parameter \BIT_ORDER = 0
Generating RTLIL representation for module `$paramod$c9efeda027fc3d4256c20c1d70297742886506f1\scrambler_top'.
Warning: Replacing memory \csr_reg with list of registers. See ../RTL/scrambler_top.sv:268
Parameter \N = 58
Parameter \W = 8
Parameter \TAP_A = 39
Parameter \TAP_B = 58
Parameter \BIT_ORDER = 0

11.3. Executing AST frontend in derive mode using pre-parsed AST for module `\descrambler_core'.
Parameter \N = 58
Parameter \W = 8
Parameter \TAP_A = 39
Parameter \TAP_B = 58
Parameter \BIT_ORDER = 0
Generating RTLIL representation for module `$paramod$c9efeda027fc3d4256c20c1d70297742886506f1\descrambler_core'.
Parameter \N = 58
Parameter \W = 8
Parameter \TAP_A = 39
Parameter \TAP_B = 58
Parameter \BIT_ORDER = 0

11.4. Executing AST frontend in derive mode using pre-parsed AST for module `\scrambler_core'.
Parameter \N = 58
Parameter \W = 8
Parameter \TAP_A = 39
Parameter \TAP_B = 58
Parameter \BIT_ORDER = 0
Generating RTLIL representation for module `$paramod$c9efeda027fc3d4256c20c1d70297742886506f1\scrambler_core'.

11.5. Analyzing design hierarchy..
Top module:  \scrambler_apb
Used module:     $paramod$c9efeda027fc3d4256c20c1d70297742886506f1\scrambler_top
Used module:         \descrambler_core
Used module:         \scrambler_core
Parameter \N = 58
Parameter \W = 8
Parameter \TAP_A = 39
Parameter \TAP_B = 58
Parameter \BIT_ORDER = 0
Found cached RTLIL representation for module `$paramod$c9efeda027fc3d4256c20c1d70297742886506f1\descrambler_core'.
Parameter \N = 58
Parameter \W = 8
Parameter \TAP_A = 39
Parameter \TAP_B = 58
Parameter \BIT_ORDER = 0
Found cached RTLIL representation for module `$paramod$c9efeda027fc3d4256c20c1d70297742886506f1\scrambler_core'.

11.6. Analyzing design hierarchy..
Top module:  \scrambler_apb
Used module:     $paramod$c9efeda027fc3d4256c20c1d70297742886506f1\scrambler_top
Used module:         $paramod$c9efeda027fc3d4256c20c1d70297742886506f1\descrambler_core
Used module:         $paramod$c9efeda027fc3d4256c20c1d70297742886506f1\scrambler_core

11.7. Analyzing design hierarchy..
Top module:  \scrambler_apb
Used module:     $paramod$c9efeda027fc3d4256c20c1d70297742886506f1\scrambler_top
Used module:         $paramod$c9efeda027fc3d4256c20c1d70297742886506f1\descrambler_core
Used module:         $paramod$c9efeda027fc3d4256c20c1d70297742886506f1\scrambler_core
Removing unused module `\scrambler_top'.
Removing unused module `\descrambler_core'.
Removing unused module `\scrambler_core'.
Removed 3 unused modules.

12. Executing SYNTH pass.

12.1. Executing HIERARCHY pass (managing design hierarchy).

12.1.1. Analyzing design hierarchy..
Top module:  \scrambler_apb
Used module:     $paramod$c9efeda027fc3d4256c20c1d70297742886506f1\scrambler_top
Used module:         $paramod$c9efeda027fc3d4256c20c1d70297742886506f1\descrambler_core
Used module:         $paramod$c9efeda027fc3d4256c20c1d70297742886506f1\scrambler_core

12.1.2. Analyzing design hierarchy..
Top module:  \scrambler_apb
Used module:     $paramod$c9efeda027fc3d4256c20c1d70297742886506f1\scrambler_top
Used module:         $paramod$c9efeda027fc3d4256c20c1d70297742886506f1\descrambler_core
Used module:         $paramod$c9efeda027fc3d4256c20c1d70297742886506f1\scrambler_core
Removed 0 unused modules.

12.2. Executing PROC pass (convert processes to netlists).

12.2.1. Executing PROC_CLEAN pass (remove empty switches from decision trees).
Found and cleaned up 1 empty switch in `\scrambler_apb.$proc$../RTL/scrambler_apb.sv:39$672'.
Removing empty process `scrambler_apb.$proc$../RTL/scrambler_apb.sv:39$672'.
Found and cleaned up 3 empty switches in `$paramod$c9efeda027fc3d4256c20c1d70297742886506f1\scrambler_core.$proc$../RTL/scrambler_core.sv:43$792'.
Removing empty process `$paramod$c9efeda027fc3d4256c20c1d70297742886506f1\scrambler_core.$proc$../RTL/scrambler_core.sv:43$792'.
Found and cleaned up 1 empty switch in `$paramod$c9efeda027fc3d4256c20c1d70297742886506f1\scrambler_core.$proc$../RTL/scrambler_core.sv:117$761'.
Found and cleaned up 1 empty switch in `$paramod$c9efeda027fc3d4256c20c1d70297742886506f1\scrambler_core.$proc$../RTL/scrambler_core.sv:64$757'.
Found and cleaned up 3 empty switches in `$paramod$c9efeda027fc3d4256c20c1d70297742886506f1\descrambler_core.$proc$../RTL/descrambler_core.sv:41$756'.
Removing empty process `$paramod$c9efeda027fc3d4256c20c1d70297742886506f1\descrambler_core.$proc$../RTL/descrambler_core.sv:41$756'.
Found and cleaned up 1 empty switch in `$paramod$c9efeda027fc3d4256c20c1d70297742886506f1\descrambler_core.$proc$../RTL/descrambler_core.sv:124$728'.
Found and cleaned up 1 empty switch in `$paramod$c9efeda027fc3d4256c20c1d70297742886506f1\descrambler_core.$proc$../RTL/descrambler_core.sv:62$720'.
Found and cleaned up 5 empty switches in `$paramod$c9efeda027fc3d4256c20c1d70297742886506f1\scrambler_top.$proc$../RTL/scrambler_top.sv:68$719'.
Removing empty process `$paramod$c9efeda027fc3d4256c20c1d70297742886506f1\scrambler_top.$proc$../RTL/scrambler_top.sv:68$719'.
Cleaned up 16 empty switches.

12.2.2. Executing PROC_RMDEAD pass (remove dead branches from decision trees).
Marked 3 switch rules as full_case in process $proc$../RTL/scrambler_core.sv:203$772 in module $paramod$c9efeda027fc3d4256c20c1d70297742886506f1\scrambler_core.
Marked 2 switch rules as full_case in process $proc$../RTL/scrambler_core.sv:165$767 in module $paramod$c9efeda027fc3d4256c20c1d70297742886506f1\scrambler_core.
Marked 2 switch rules as full_case in process $proc$../RTL/scrambler_core.sv:150$764 in module $paramod$c9efeda027fc3d4256c20c1d70297742886506f1\scrambler_core.
Marked 1 switch rules as full_case in process $proc$../RTL/scrambler_core.sv:134$762 in module $paramod$c9efeda027fc3d4256c20c1d70297742886506f1\scrambler_core.
Marked 3 switch rules as full_case in process $proc$../RTL/scrambler_core.sv:91$758 in module $paramod$c9efeda027fc3d4256c20c1d70297742886506f1\scrambler_core.
Marked 2 switch rules as full_case in process $proc$../RTL/descrambler_core.sv:185$733 in module $paramod$c9efeda027fc3d4256c20c1d70297742886506f1\descrambler_core.
Marked 2 switch rules as full_case in process $proc$../RTL/descrambler_core.sv:156$730 in module $paramod$c9efeda027fc3d4256c20c1d70297742886506f1\descrambler_core.
Marked 2 switch rules as full_case in process $proc$../RTL/descrambler_core.sv:108$724 in module $paramod$c9efeda027fc3d4256c20c1d70297742886506f1\descrambler_core.
Marked 3 switch rules as full_case in process $proc$../RTL/descrambler_core.sv:86$721 in module $paramod$c9efeda027fc3d4256c20c1d70297742886506f1\descrambler_core.
Marked 2 switch rules as full_case in process $proc$../RTL/scrambler_top.sv:338$710 in module $paramod$c9efeda027fc3d4256c20c1d70297742886506f1\scrambler_top.
Marked 1 switch rules as full_case in process $proc$../RTL/scrambler_top.sv:281$707 in module $paramod$c9efeda027fc3d4256c20c1d70297742886506f1\scrambler_top.
Marked 1 switch rules as full_case in process $proc$../RTL/scrambler_top.sv:204$682 in module $paramod$c9efeda027fc3d4256c20c1d70297742886506f1\scrambler_top.
Marked 1 switch rules as full_case in process $proc$../RTL/scrambler_top.sv:194$680 in module $paramod$c9efeda027fc3d4256c20c1d70297742886506f1\scrambler_top.
Removed 1 dead cases from process $proc$../RTL/scrambler_top.sv:133$678 in module $paramod$c9efeda027fc3d4256c20c1d70297742886506f1\scrambler_top.
Marked 1 switch rules as full_case in process $proc$../RTL/scrambler_top.sv:133$678 in module $paramod$c9efeda027fc3d4256c20c1d70297742886506f1\scrambler_top.
Removed a total of 1 dead cases.

12.2.3. Executing PROC_PRUNE pass (remove redundant assignments in processes).
Removed 5 redundant assignments.
Promoted 36 assignments to connections.

12.2.4. Executing PROC_INIT pass (extract init attributes).

12.2.5. Executing PROC_ARST pass (detect async resets in processes).
Found async reset \rst_n in `$paramod$c9efeda027fc3d4256c20c1d70297742886506f1\scrambler_core.$proc$../RTL/scrambler_core.sv:203$772'.
Found async reset \rst_n in `$paramod$c9efeda027fc3d4256c20c1d70297742886506f1\scrambler_core.$proc$../RTL/scrambler_core.sv:165$767'.
Found async reset \rst_n in `$paramod$c9efeda027fc3d4256c20c1d70297742886506f1\scrambler_core.$proc$../RTL/scrambler_core.sv:150$764'.
Found async reset \rst_n in `$paramod$c9efeda027fc3d4256c20c1d70297742886506f1\scrambler_core.$proc$../RTL/scrambler_core.sv:91$758'.
Found async reset \rst_n in `$paramod$c9efeda027fc3d4256c20c1d70297742886506f1\descrambler_core.$proc$../RTL/descrambler_core.sv:185$733'.
Found async reset \rst_n in `$paramod$c9efeda027fc3d4256c20c1d70297742886506f1\descrambler_core.$proc$../RTL/descrambler_core.sv:156$730'.
Found async reset \rst_n in `$paramod$c9efeda027fc3d4256c20c1d70297742886506f1\descrambler_core.$proc$../RTL/descrambler_core.sv:108$724'.
Found async reset \rst_n in `$paramod$c9efeda027fc3d4256c20c1d70297742886506f1\descrambler_core.$proc$../RTL/descrambler_core.sv:86$721'.
Found async reset \rst_n in `$paramod$c9efeda027fc3d4256c20c1d70297742886506f1\scrambler_top.$proc$../RTL/scrambler_top.sv:338$710'.
Found async reset \rst_n in `$paramod$c9efeda027fc3d4256c20c1d70297742886506f1\scrambler_top.$proc$../RTL/scrambler_top.sv:204$682'.
Found async reset \rst_n in `$paramod$c9efeda027fc3d4256c20c1d70297742886506f1\scrambler_top.$proc$../RTL/scrambler_top.sv:194$680'.

12.2.6. Executing PROC_ROM pass (convert switches to ROMs).
Converted 0 switches.
<suppressed ~26 debug messages>

12.2.7. Executing PROC_MUX pass (convert decision trees to multiplexers).
Creating decoders for process `$paramod$c9efeda027fc3d4256c20c1d70297742886506f1\scrambler_core.$proc$../RTL/scrambler_core.sv:203$772'.
     1/2: $0\state[57:0]
     2/2: $0\state_parity[0:0]
Creating decoders for process `$paramod$c9efeda027fc3d4256c20c1d70297742886506f1\scrambler_core.$proc$../RTL/scrambler_core.sv:165$767'.
     1/1: $0\parity_err[0:0]
Creating decoders for process `$paramod$c9efeda027fc3d4256c20c1d70297742886506f1\scrambler_core.$proc$../RTL/scrambler_core.sv:150$764'.
     1/1: $0\allzero_err[0:0]
Creating decoders for process `$paramod$c9efeda027fc3d4256c20c1d70297742886506f1\scrambler_core.$proc$../RTL/scrambler_core.sv:134$762'.
     1/1: $1\internal_seed_load[0:0]
Creating decoders for process `$paramod$c9efeda027fc3d4256c20c1d70297742886506f1\scrambler_core.$proc$../RTL/scrambler_core.sv:117$761'.
Creating decoders for process `$paramod$c9efeda027fc3d4256c20c1d70297742886506f1\scrambler_core.$proc$../RTL/scrambler_core.sv:91$758'.
     1/2: $0\dout_valid[0:0]
     2/2: $0\dout_tmp[7:0]
Creating decoders for process `$paramod$c9efeda027fc3d4256c20c1d70297742886506f1\scrambler_core.$proc$../RTL/scrambler_core.sv:64$757'.
Creating decoders for process `$paramod$c9efeda027fc3d4256c20c1d70297742886506f1\descrambler_core.$proc$../RTL/descrambler_core.sv:185$733'.
     1/2: $0\locked[0:0]
     2/2: $0\lock_counter[4:0]
Creating decoders for process `$paramod$c9efeda027fc3d4256c20c1d70297742886506f1\descrambler_core.$proc$../RTL/descrambler_core.sv:156$730'.
     1/2: $0\state[57:0]
     2/2: $0\state_parity[0:0]
Creating decoders for process `$paramod$c9efeda027fc3d4256c20c1d70297742886506f1\descrambler_core.$proc$../RTL/descrambler_core.sv:124$728'.
Creating decoders for process `$paramod$c9efeda027fc3d4256c20c1d70297742886506f1\descrambler_core.$proc$../RTL/descrambler_core.sv:108$724'.
     1/1: $0\parity_err[0:0]
Creating decoders for process `$paramod$c9efeda027fc3d4256c20c1d70297742886506f1\descrambler_core.$proc$../RTL/descrambler_core.sv:86$721'.
     1/2: $0\dout_valid[0:0]
     2/2: $0\dout_tmp[7:0]
Creating decoders for process `$paramod$c9efeda027fc3d4256c20c1d70297742886506f1\descrambler_core.$proc$../RTL/descrambler_core.sv:62$720'.
Creating decoders for process `$paramod$c9efeda027fc3d4256c20c1d70297742886506f1\scrambler_top.$proc$../RTL/scrambler_top.sv:338$710'.
     1/1: $0\test_counter[15:0]
Creating decoders for process `$paramod$c9efeda027fc3d4256c20c1d70297742886506f1\scrambler_top.$proc$../RTL/scrambler_top.sv:281$707'.
     1/1: $1\csr_rdata[31:0]
Creating decoders for process `$paramod$c9efeda027fc3d4256c20c1d70297742886506f1\scrambler_top.$proc$../RTL/scrambler_top.sv:267$700'.
Creating decoders for process `$paramod$c9efeda027fc3d4256c20c1d70297742886506f1\scrambler_top.$proc$../RTL/scrambler_top.sv:204$682'.
     1/6: $0\seed_reg[57:0] [57:32]
     2/6: $0\seed_reg[57:0] [31:0]
     3/6: $0\ctrl_en[0:0]
     4/6: $0\mode[1:0]
     5/6: $0\test_period[15:0]
     6/6: $0\test_en[0:0]
Creating decoders for process `$paramod$c9efeda027fc3d4256c20c1d70297742886506f1\scrambler_top.$proc$../RTL/scrambler_top.sv:194$680'.
     1/1: $0\prev_mode[1:0]
Creating decoders for process `$paramod$c9efeda027fc3d4256c20c1d70297742886506f1\scrambler_top.$proc$../RTL/scrambler_top.sv:133$678'.
     1/7: $1\dout_valid[0:0]
     2/7: $1\dout[7:0]
     3/7: $1\des_din[7:0]
     4/7: $1\des_din_valid[0:0]
     5/7: $1\scr_din_valid[0:0]
     6/7: $1\en_descrambler[0:0]
     7/7: $1\en_scrambler[0:0]

12.2.8. Executing PROC_DLATCH pass (convert process syncs to latches).
No latch inferred for signal `$paramod$c9efeda027fc3d4256c20c1d70297742886506f1\scrambler_core.\internal_seed_load' from process `$paramod$c9efeda027fc3d4256c20c1d70297742886506f1\scrambler_core.$proc$../RTL/scrambler_core.sv:134$762'.
No latch inferred for signal `$paramod$c9efeda027fc3d4256c20c1d70297742886506f1\scrambler_core.\dout' from process `$paramod$c9efeda027fc3d4256c20c1d70297742886506f1\scrambler_core.$proc$../RTL/scrambler_core.sv:117$761'.
No latch inferred for signal `$paramod$c9efeda027fc3d4256c20c1d70297742886506f1\scrambler_core.\din_core' from process `$paramod$c9efeda027fc3d4256c20c1d70297742886506f1\scrambler_core.$proc$../RTL/scrambler_core.sv:64$757'.
No latch inferred for signal `$paramod$c9efeda027fc3d4256c20c1d70297742886506f1\descrambler_core.\dout' from process `$paramod$c9efeda027fc3d4256c20c1d70297742886506f1\descrambler_core.$proc$../RTL/descrambler_core.sv:124$728'.
No latch inferred for signal `$paramod$c9efeda027fc3d4256c20c1d70297742886506f1\descrambler_core.\din_core' from process `$paramod$c9efeda027fc3d4256c20c1d70297742886506f1\descrambler_core.$proc$../RTL/descrambler_core.sv:62$720'.
No latch inferred for signal `$paramod$c9efeda027fc3d4256c20c1d70297742886506f1\scrambler_top.\csr_rdata' from process `$paramod$c9efeda027fc3d4256c20c1d70297742886506f1\scrambler_top.$proc$../RTL/scrambler_top.sv:281$707'.
No latch inferred for signal `$paramod$c9efeda027fc3d4256c20c1d70297742886506f1\scrambler_top.\csr_reg[9]' from process `$paramod$c9efeda027fc3d4256c20c1d70297742886506f1\scrambler_top.$proc$../RTL/scrambler_top.sv:267$700'.
No latch inferred for signal `$paramod$c9efeda027fc3d4256c20c1d70297742886506f1\scrambler_top.\csr_reg[8]' from process `$paramod$c9efeda027fc3d4256c20c1d70297742886506f1\scrambler_top.$proc$../RTL/scrambler_top.sv:267$700'.
No latch inferred for signal `$paramod$c9efeda027fc3d4256c20c1d70297742886506f1\scrambler_top.\csr_reg[7]' from process `$paramod$c9efeda027fc3d4256c20c1d70297742886506f1\scrambler_top.$proc$../RTL/scrambler_top.sv:267$700'.
No latch inferred for signal `$paramod$c9efeda027fc3d4256c20c1d70297742886506f1\scrambler_top.\csr_reg[6]' from process `$paramod$c9efeda027fc3d4256c20c1d70297742886506f1\scrambler_top.$proc$../RTL/scrambler_top.sv:267$700'.
No latch inferred for signal `$paramod$c9efeda027fc3d4256c20c1d70297742886506f1\scrambler_top.\csr_reg[5]' from process `$paramod$c9efeda027fc3d4256c20c1d70297742886506f1\scrambler_top.$proc$../RTL/scrambler_top.sv:267$700'.
No latch inferred for signal `$paramod$c9efeda027fc3d4256c20c1d70297742886506f1\scrambler_top.\csr_reg[4]' from process `$paramod$c9efeda027fc3d4256c20c1d70297742886506f1\scrambler_top.$proc$../RTL/scrambler_top.sv:267$700'.
No latch inferred for signal `$paramod$c9efeda027fc3d4256c20c1d70297742886506f1\scrambler_top.\csr_reg[3]' from process `$paramod$c9efeda027fc3d4256c20c1d70297742886506f1\scrambler_top.$proc$../RTL/scrambler_top.sv:267$700'.
No latch inferred for signal `$paramod$c9efeda027fc3d4256c20c1d70297742886506f1\scrambler_top.\csr_reg[2]' from process `$paramod$c9efeda027fc3d4256c20c1d70297742886506f1\scrambler_top.$proc$../RTL/scrambler_top.sv:267$700'.
No latch inferred for signal `$paramod$c9efeda027fc3d4256c20c1d70297742886506f1\scrambler_top.\csr_reg[1]' from process `$paramod$c9efeda027fc3d4256c20c1d70297742886506f1\scrambler_top.$proc$../RTL/scrambler_top.sv:267$700'.
No latch inferred for signal `$paramod$c9efeda027fc3d4256c20c1d70297742886506f1\scrambler_top.\csr_reg[0]' from process `$paramod$c9efeda027fc3d4256c20c1d70297742886506f1\scrambler_top.$proc$../RTL/scrambler_top.sv:267$700'.
No latch inferred for signal `$paramod$c9efeda027fc3d4256c20c1d70297742886506f1\scrambler_top.\dout' from process `$paramod$c9efeda027fc3d4256c20c1d70297742886506f1\scrambler_top.$proc$../RTL/scrambler_top.sv:133$678'.
No latch inferred for signal `$paramod$c9efeda027fc3d4256c20c1d70297742886506f1\scrambler_top.\dout_valid' from process `$paramod$c9efeda027fc3d4256c20c1d70297742886506f1\scrambler_top.$proc$../RTL/scrambler_top.sv:133$678'.
No latch inferred for signal `$paramod$c9efeda027fc3d4256c20c1d70297742886506f1\scrambler_top.\des_din' from process `$paramod$c9efeda027fc3d4256c20c1d70297742886506f1\scrambler_top.$proc$../RTL/scrambler_top.sv:133$678'.
No latch inferred for signal `$paramod$c9efeda027fc3d4256c20c1d70297742886506f1\scrambler_top.\des_din_valid' from process `$paramod$c9efeda027fc3d4256c20c1d70297742886506f1\scrambler_top.$proc$../RTL/scrambler_top.sv:133$678'.
No latch inferred for signal `$paramod$c9efeda027fc3d4256c20c1d70297742886506f1\scrambler_top.\scr_din_valid' from process `$paramod$c9efeda027fc3d4256c20c1d70297742886506f1\scrambler_top.$proc$../RTL/scrambler_top.sv:133$678'.
No latch inferred for signal `$paramod$c9efeda027fc3d4256c20c1d70297742886506f1\scrambler_top.\en_descrambler' from process `$paramod$c9efeda027fc3d4256c20c1d70297742886506f1\scrambler_top.$proc$../RTL/scrambler_top.sv:133$678'.
No latch inferred for signal `$paramod$c9efeda027fc3d4256c20c1d70297742886506f1\scrambler_top.\en_scrambler' from process `$paramod$c9efeda027fc3d4256c20c1d70297742886506f1\scrambler_top.$proc$../RTL/scrambler_top.sv:133$678'.

12.2.9. Executing PROC_DFF pass (convert process syncs to FFs).
Creating register for signal `$paramod$c9efeda027fc3d4256c20c1d70297742886506f1\scrambler_core.\state_parity' using process `$paramod$c9efeda027fc3d4256c20c1d70297742886506f1\scrambler_core.$proc$../RTL/scrambler_core.sv:203$772'.
  created $adff cell `$procdff$964' with positive edge clock and positive level reset.
Creating register for signal `$paramod$c9efeda027fc3d4256c20c1d70297742886506f1\scrambler_core.\state' using process `$paramod$c9efeda027fc3d4256c20c1d70297742886506f1\scrambler_core.$proc$../RTL/scrambler_core.sv:203$772'.
  created $adff cell `$procdff$969' with positive edge clock and positive level reset.
Creating register for signal `$paramod$c9efeda027fc3d4256c20c1d70297742886506f1\scrambler_core.\parity_err' using process `$paramod$c9efeda027fc3d4256c20c1d70297742886506f1\scrambler_core.$proc$../RTL/scrambler_core.sv:165$767'.
  created $adff cell `$procdff$974' with positive edge clock and positive level reset.
Creating register for signal `$paramod$c9efeda027fc3d4256c20c1d70297742886506f1\scrambler_core.\allzero_err' using process `$paramod$c9efeda027fc3d4256c20c1d70297742886506f1\scrambler_core.$proc$../RTL/scrambler_core.sv:150$764'.
  created $adff cell `$procdff$979' with positive edge clock and positive level reset.
Creating register for signal `$paramod$c9efeda027fc3d4256c20c1d70297742886506f1\scrambler_core.\dout_valid' using process `$paramod$c9efeda027fc3d4256c20c1d70297742886506f1\scrambler_core.$proc$../RTL/scrambler_core.sv:91$758'.
  created $adff cell `$procdff$984' with positive edge clock and positive level reset.
Creating register for signal `$paramod$c9efeda027fc3d4256c20c1d70297742886506f1\scrambler_core.\dout_tmp' using process `$paramod$c9efeda027fc3d4256c20c1d70297742886506f1\scrambler_core.$proc$../RTL/scrambler_core.sv:91$758'.
  created $adff cell `$procdff$989' with positive edge clock and positive level reset.
Creating register for signal `$paramod$c9efeda027fc3d4256c20c1d70297742886506f1\descrambler_core.\lock_counter' using process `$paramod$c9efeda027fc3d4256c20c1d70297742886506f1\descrambler_core.$proc$../RTL/descrambler_core.sv:185$733'.
  created $adff cell `$procdff$994' with positive edge clock and positive level reset.
Creating register for signal `$paramod$c9efeda027fc3d4256c20c1d70297742886506f1\descrambler_core.\locked' using process `$paramod$c9efeda027fc3d4256c20c1d70297742886506f1\descrambler_core.$proc$../RTL/descrambler_core.sv:185$733'.
  created $adff cell `$procdff$999' with positive edge clock and positive level reset.
Creating register for signal `$paramod$c9efeda027fc3d4256c20c1d70297742886506f1\descrambler_core.\state_parity' using process `$paramod$c9efeda027fc3d4256c20c1d70297742886506f1\descrambler_core.$proc$../RTL/descrambler_core.sv:156$730'.
  created $adff cell `$procdff$1004' with positive edge clock and positive level reset.
Creating register for signal `$paramod$c9efeda027fc3d4256c20c1d70297742886506f1\descrambler_core.\state' using process `$paramod$c9efeda027fc3d4256c20c1d70297742886506f1\descrambler_core.$proc$../RTL/descrambler_core.sv:156$730'.
  created $adff cell `$procdff$1009' with positive edge clock and positive level reset.
Creating register for signal `$paramod$c9efeda027fc3d4256c20c1d70297742886506f1\descrambler_core.\parity_err' using process `$paramod$c9efeda027fc3d4256c20c1d70297742886506f1\descrambler_core.$proc$../RTL/descrambler_core.sv:108$724'.
  created $adff cell `$procdff$1014' with positive edge clock and positive level reset.
Creating register for signal `$paramod$c9efeda027fc3d4256c20c1d70297742886506f1\descrambler_core.\dout_valid' using process `$paramod$c9efeda027fc3d4256c20c1d70297742886506f1\descrambler_core.$proc$../RTL/descrambler_core.sv:86$721'.
  created $adff cell `$procdff$1019' with positive edge clock and positive level reset.
Creating register for signal `$paramod$c9efeda027fc3d4256c20c1d70297742886506f1\descrambler_core.\dout_tmp' using process `$paramod$c9efeda027fc3d4256c20c1d70297742886506f1\descrambler_core.$proc$../RTL/descrambler_core.sv:86$721'.
  created $adff cell `$procdff$1024' with positive edge clock and positive level reset.
Creating register for signal `$paramod$c9efeda027fc3d4256c20c1d70297742886506f1\scrambler_top.\test_counter' using process `$paramod$c9efeda027fc3d4256c20c1d70297742886506f1\scrambler_top.$proc$../RTL/scrambler_top.sv:338$710'.
  created $adff cell `$procdff$1029' with positive edge clock and positive level reset.
Creating register for signal `$paramod$c9efeda027fc3d4256c20c1d70297742886506f1\scrambler_top.\test_en' using process `$paramod$c9efeda027fc3d4256c20c1d70297742886506f1\scrambler_top.$proc$../RTL/scrambler_top.sv:204$682'.
  created $adff cell `$procdff$1034' with positive edge clock and positive level reset.
Creating register for signal `$paramod$c9efeda027fc3d4256c20c1d70297742886506f1\scrambler_top.\test_period' using process `$paramod$c9efeda027fc3d4256c20c1d70297742886506f1\scrambler_top.$proc$../RTL/scrambler_top.sv:204$682'.
  created $adff cell `$procdff$1039' with positive edge clock and positive level reset.
Creating register for signal `$paramod$c9efeda027fc3d4256c20c1d70297742886506f1\scrambler_top.\seed_reg' using process `$paramod$c9efeda027fc3d4256c20c1d70297742886506f1\scrambler_top.$proc$../RTL/scrambler_top.sv:204$682'.
  created $adff cell `$procdff$1044' with positive edge clock and positive level reset.
Creating register for signal `$paramod$c9efeda027fc3d4256c20c1d70297742886506f1\scrambler_top.\ctrl_en' using process `$paramod$c9efeda027fc3d4256c20c1d70297742886506f1\scrambler_top.$proc$../RTL/scrambler_top.sv:204$682'.
  created $adff cell `$procdff$1049' with positive edge clock and positive level reset.
Creating register for signal `$paramod$c9efeda027fc3d4256c20c1d70297742886506f1\scrambler_top.\mode' using process `$paramod$c9efeda027fc3d4256c20c1d70297742886506f1\scrambler_top.$proc$../RTL/scrambler_top.sv:204$682'.
  created $adff cell `$procdff$1054' with positive edge clock and positive level reset.
Creating register for signal `$paramod$c9efeda027fc3d4256c20c1d70297742886506f1\scrambler_top.\prev_mode' using process `$paramod$c9efeda027fc3d4256c20c1d70297742886506f1\scrambler_top.$proc$../RTL/scrambler_top.sv:194$680'.
  created $adff cell `$procdff$1059' with positive edge clock and positive level reset.

12.2.10. Executing PROC_MEMWR pass (convert process memory writes to cells).

12.2.11. Executing PROC_CLEAN pass (remove empty switches from decision trees).
Found and cleaned up 3 empty switches in `$paramod$c9efeda027fc3d4256c20c1d70297742886506f1\scrambler_core.$proc$../RTL/scrambler_core.sv:203$772'.
Removing empty process `$paramod$c9efeda027fc3d4256c20c1d70297742886506f1\scrambler_core.$proc$../RTL/scrambler_core.sv:203$772'.
Found and cleaned up 2 empty switches in `$paramod$c9efeda027fc3d4256c20c1d70297742886506f1\scrambler_core.$proc$../RTL/scrambler_core.sv:165$767'.
Removing empty process `$paramod$c9efeda027fc3d4256c20c1d70297742886506f1\scrambler_core.$proc$../RTL/scrambler_core.sv:165$767'.
Found and cleaned up 2 empty switches in `$paramod$c9efeda027fc3d4256c20c1d70297742886506f1\scrambler_core.$proc$../RTL/scrambler_core.sv:150$764'.
Removing empty process `$paramod$c9efeda027fc3d4256c20c1d70297742886506f1\scrambler_core.$proc$../RTL/scrambler_core.sv:150$764'.
Found and cleaned up 1 empty switch in `$paramod$c9efeda027fc3d4256c20c1d70297742886506f1\scrambler_core.$proc$../RTL/scrambler_core.sv:134$762'.
Removing empty process `$paramod$c9efeda027fc3d4256c20c1d70297742886506f1\scrambler_core.$proc$../RTL/scrambler_core.sv:134$762'.
Removing empty process `$paramod$c9efeda027fc3d4256c20c1d70297742886506f1\scrambler_core.$proc$../RTL/scrambler_core.sv:117$761'.
Found and cleaned up 2 empty switches in `$paramod$c9efeda027fc3d4256c20c1d70297742886506f1\scrambler_core.$proc$../RTL/scrambler_core.sv:91$758'.
Removing empty process `$paramod$c9efeda027fc3d4256c20c1d70297742886506f1\scrambler_core.$proc$../RTL/scrambler_core.sv:91$758'.
Removing empty process `$paramod$c9efeda027fc3d4256c20c1d70297742886506f1\scrambler_core.$proc$../RTL/scrambler_core.sv:64$757'.
Found and cleaned up 4 empty switches in `$paramod$c9efeda027fc3d4256c20c1d70297742886506f1\descrambler_core.$proc$../RTL/descrambler_core.sv:185$733'.
Removing empty process `$paramod$c9efeda027fc3d4256c20c1d70297742886506f1\descrambler_core.$proc$../RTL/descrambler_core.sv:185$733'.
Found and cleaned up 2 empty switches in `$paramod$c9efeda027fc3d4256c20c1d70297742886506f1\descrambler_core.$proc$../RTL/descrambler_core.sv:156$730'.
Removing empty process `$paramod$c9efeda027fc3d4256c20c1d70297742886506f1\descrambler_core.$proc$../RTL/descrambler_core.sv:156$730'.
Removing empty process `$paramod$c9efeda027fc3d4256c20c1d70297742886506f1\descrambler_core.$proc$../RTL/descrambler_core.sv:124$728'.
Found and cleaned up 2 empty switches in `$paramod$c9efeda027fc3d4256c20c1d70297742886506f1\descrambler_core.$proc$../RTL/descrambler_core.sv:108$724'.
Removing empty process `$paramod$c9efeda027fc3d4256c20c1d70297742886506f1\descrambler_core.$proc$../RTL/descrambler_core.sv:108$724'.
Found and cleaned up 2 empty switches in `$paramod$c9efeda027fc3d4256c20c1d70297742886506f1\descrambler_core.$proc$../RTL/descrambler_core.sv:86$721'.
Removing empty process `$paramod$c9efeda027fc3d4256c20c1d70297742886506f1\descrambler_core.$proc$../RTL/descrambler_core.sv:86$721'.
Removing empty process `$paramod$c9efeda027fc3d4256c20c1d70297742886506f1\descrambler_core.$proc$../RTL/descrambler_core.sv:62$720'.
Found and cleaned up 2 empty switches in `$paramod$c9efeda027fc3d4256c20c1d70297742886506f1\scrambler_top.$proc$../RTL/scrambler_top.sv:338$710'.
Removing empty process `$paramod$c9efeda027fc3d4256c20c1d70297742886506f1\scrambler_top.$proc$../RTL/scrambler_top.sv:338$710'.
Found and cleaned up 1 empty switch in `$paramod$c9efeda027fc3d4256c20c1d70297742886506f1\scrambler_top.$proc$../RTL/scrambler_top.sv:281$707'.
Removing empty process `$paramod$c9efeda027fc3d4256c20c1d70297742886506f1\scrambler_top.$proc$../RTL/scrambler_top.sv:281$707'.
Removing empty process `$paramod$c9efeda027fc3d4256c20c1d70297742886506f1\scrambler_top.$proc$../RTL/scrambler_top.sv:267$700'.
Found and cleaned up 2 empty switches in `$paramod$c9efeda027fc3d4256c20c1d70297742886506f1\scrambler_top.$proc$../RTL/scrambler_top.sv:204$682'.
Removing empty process `$paramod$c9efeda027fc3d4256c20c1d70297742886506f1\scrambler_top.$proc$../RTL/scrambler_top.sv:204$682'.
Removing empty process `$paramod$c9efeda027fc3d4256c20c1d70297742886506f1\scrambler_top.$proc$../RTL/scrambler_top.sv:194$680'.
Found and cleaned up 1 empty switch in `$paramod$c9efeda027fc3d4256c20c1d70297742886506f1\scrambler_top.$proc$../RTL/scrambler_top.sv:133$678'.
Removing empty process `$paramod$c9efeda027fc3d4256c20c1d70297742886506f1\scrambler_top.$proc$../RTL/scrambler_top.sv:133$678'.
Cleaned up 26 empty switches.

12.2.12. Executing OPT_EXPR pass (perform const folding).
Optimizing module scrambler_apb.
Optimizing module $paramod$c9efeda027fc3d4256c20c1d70297742886506f1\scrambler_core.
<suppressed ~14 debug messages>
Optimizing module $paramod$c9efeda027fc3d4256c20c1d70297742886506f1\descrambler_core.
<suppressed ~15 debug messages>
Optimizing module $paramod$c9efeda027fc3d4256c20c1d70297742886506f1\scrambler_top.
<suppressed ~29 debug messages>

12.3. Executing OPT_EXPR pass (perform const folding).
Optimizing module scrambler_apb.
Optimizing module $paramod$c9efeda027fc3d4256c20c1d70297742886506f1\scrambler_core.
Optimizing module $paramod$c9efeda027fc3d4256c20c1d70297742886506f1\descrambler_core.
Optimizing module $paramod$c9efeda027fc3d4256c20c1d70297742886506f1\scrambler_top.

12.4. Executing OPT_CLEAN pass (remove unused cells and wires).
Finding unused cells or wires in module \scrambler_apb..
Finding unused cells or wires in module $paramod$c9efeda027fc3d4256c20c1d70297742886506f1\scrambler_core..
Finding unused cells or wires in module $paramod$c9efeda027fc3d4256c20c1d70297742886506f1\descrambler_core..
Finding unused cells or wires in module $paramod$c9efeda027fc3d4256c20c1d70297742886506f1\scrambler_top..
Removed 32 unused cells and 198 unused wires.
<suppressed ~36 debug messages>

12.5. Executing CHECK pass (checking for obvious problems).
Checking module scrambler_apb...
Checking module $paramod$c9efeda027fc3d4256c20c1d70297742886506f1\scrambler_core...
Checking module $paramod$c9efeda027fc3d4256c20c1d70297742886506f1\descrambler_core...
Checking module $paramod$c9efeda027fc3d4256c20c1d70297742886506f1\scrambler_top...
Found and reported 0 problems.

12.6. Executing OPT pass (performing simple optimizations).

12.6.1. Executing OPT_EXPR pass (perform const folding).
Optimizing module scrambler_apb.
Optimizing module $paramod$c9efeda027fc3d4256c20c1d70297742886506f1\scrambler_core.
Optimizing module $paramod$c9efeda027fc3d4256c20c1d70297742886506f1\descrambler_core.
Optimizing module $paramod$c9efeda027fc3d4256c20c1d70297742886506f1\scrambler_top.

12.6.2. Executing OPT_MERGE pass (detect identical cells).
Finding identical cells in module `\scrambler_apb'.
Computing hashes of 3 cells of `\scrambler_apb'.
Finding duplicate cells in `\scrambler_apb'.
Finding identical cells in module `$paramod$c9efeda027fc3d4256c20c1d70297742886506f1\scrambler_core'.
Computing hashes of 45 cells of `$paramod$c9efeda027fc3d4256c20c1d70297742886506f1\scrambler_core'.
Finding duplicate cells in `$paramod$c9efeda027fc3d4256c20c1d70297742886506f1\scrambler_core'.
Computing hashes of 44 cells of `$paramod$c9efeda027fc3d4256c20c1d70297742886506f1\scrambler_core'.
Finding duplicate cells in `$paramod$c9efeda027fc3d4256c20c1d70297742886506f1\scrambler_core'.
<suppressed ~3 debug messages>
Finding identical cells in module `$paramod$c9efeda027fc3d4256c20c1d70297742886506f1\descrambler_core'.
Computing hashes of 48 cells of `$paramod$c9efeda027fc3d4256c20c1d70297742886506f1\descrambler_core'.
Finding duplicate cells in `$paramod$c9efeda027fc3d4256c20c1d70297742886506f1\descrambler_core'.
Computing hashes of 46 cells of `$paramod$c9efeda027fc3d4256c20c1d70297742886506f1\descrambler_core'.
Finding duplicate cells in `$paramod$c9efeda027fc3d4256c20c1d70297742886506f1\descrambler_core'.
<suppressed ~6 debug messages>
Finding identical cells in module `$paramod$c9efeda027fc3d4256c20c1d70297742886506f1\scrambler_top'.
Computing hashes of 100 cells of `$paramod$c9efeda027fc3d4256c20c1d70297742886506f1\scrambler_top'.
Finding duplicate cells in `$paramod$c9efeda027fc3d4256c20c1d70297742886506f1\scrambler_top'.
Computing hashes of 66 cells of `$paramod$c9efeda027fc3d4256c20c1d70297742886506f1\scrambler_top'.
Finding duplicate cells in `$paramod$c9efeda027fc3d4256c20c1d70297742886506f1\scrambler_top'.
Computing hashes of 64 cells of `$paramod$c9efeda027fc3d4256c20c1d70297742886506f1\scrambler_top'.
Finding duplicate cells in `$paramod$c9efeda027fc3d4256c20c1d70297742886506f1\scrambler_top'.
<suppressed ~108 debug messages>
Removed a total of 39 cells.

12.6.3. Executing OPT_MUXTREE pass (detect dead branches in mux trees).
Running muxtree optimizer on module \scrambler_apb..
  Creating internal representation of mux trees.
  No muxes found in this module.
Running muxtree optimizer on module $paramod$c9efeda027fc3d4256c20c1d70297742886506f1\scrambler_core..
  Creating internal representation of mux trees.
  Evaluating internal representation of mux trees.
  Analyzing evaluation results.
Running muxtree optimizer on module $paramod$c9efeda027fc3d4256c20c1d70297742886506f1\descrambler_core..
  Creating internal representation of mux trees.
  Evaluating internal representation of mux trees.
  Analyzing evaluation results.
Running muxtree optimizer on module $paramod$c9efeda027fc3d4256c20c1d70297742886506f1\scrambler_top..
  Creating internal representation of mux trees.
  Evaluating internal representation of mux trees.
  Analyzing evaluation results.
Removed 0 multiplexer ports.
<suppressed ~82 debug messages>

12.6.4. Executing OPT_REDUCE pass (consolidate $*mux and $reduce_* inputs).
  Optimizing cells in module \scrambler_apb.
  Optimizing cells in module $paramod$c9efeda027fc3d4256c20c1d70297742886506f1\scrambler_core.
  Optimizing cells in module $paramod$c9efeda027fc3d4256c20c1d70297742886506f1\descrambler_core.
  Optimizing cells in module $paramod$c9efeda027fc3d4256c20c1d70297742886506f1\scrambler_top.
    New ctrl vector for $pmux cell $procmux$935: { $procmux$956_CMP $procmux$957_CMP $auto$opt_reduce.cc:137:opt_pmux$1061 }
    New ctrl vector for $pmux cell $procmux$950: { $auto$opt_reduce.cc:137:opt_pmux$1065 $auto$opt_reduce.cc:137:opt_pmux$1063 }
    New ctrl vector for $pmux cell $procmux$930: { $auto$opt_reduce.cc:137:opt_pmux$1067 $procmux$958_CMP $procmux$959_CMP }
    New ctrl vector for $pmux cell $procmux$925: { $auto$opt_reduce.cc:137:opt_pmux$1069 $procmux$958_CMP $procmux$959_CMP }
    New ctrl vector for $pmux cell $procmux$940: { $procmux$956_CMP $procmux$957_CMP $auto$opt_reduce.cc:137:opt_pmux$1071 }
    New ctrl vector for $pmux cell $procmux$955: { $auto$opt_reduce.cc:137:opt_pmux$1075 $auto$opt_reduce.cc:137:opt_pmux$1073 }
    New ctrl vector for $pmux cell $procmux$945: { $auto$opt_reduce.cc:137:opt_pmux$1079 $auto$opt_reduce.cc:137:opt_pmux$1077 }
  Optimizing cells in module $paramod$c9efeda027fc3d4256c20c1d70297742886506f1\scrambler_top.
Performed a total of 7 changes.

12.6.5. Executing OPT_MERGE pass (detect identical cells).
Finding identical cells in module `\scrambler_apb'.
Computing hashes of 3 cells of `\scrambler_apb'.
Finding duplicate cells in `\scrambler_apb'.
Finding identical cells in module `$paramod$c9efeda027fc3d4256c20c1d70297742886506f1\scrambler_core'.
Computing hashes of 44 cells of `$paramod$c9efeda027fc3d4256c20c1d70297742886506f1\scrambler_core'.
Finding duplicate cells in `$paramod$c9efeda027fc3d4256c20c1d70297742886506f1\scrambler_core'.
Finding identical cells in module `$paramod$c9efeda027fc3d4256c20c1d70297742886506f1\descrambler_core'.
Computing hashes of 46 cells of `$paramod$c9efeda027fc3d4256c20c1d70297742886506f1\descrambler_core'.
Finding duplicate cells in `$paramod$c9efeda027fc3d4256c20c1d70297742886506f1\descrambler_core'.
Finding identical cells in module `$paramod$c9efeda027fc3d4256c20c1d70297742886506f1\scrambler_top'.
Computing hashes of 74 cells of `$paramod$c9efeda027fc3d4256c20c1d70297742886506f1\scrambler_top'.
Finding duplicate cells in `$paramod$c9efeda027fc3d4256c20c1d70297742886506f1\scrambler_top'.
Computing hashes of 68 cells of `$paramod$c9efeda027fc3d4256c20c1d70297742886506f1\scrambler_top'.
Finding duplicate cells in `$paramod$c9efeda027fc3d4256c20c1d70297742886506f1\scrambler_top'.
<suppressed ~18 debug messages>
Removed a total of 6 cells.

12.6.6. Executing OPT_DFF pass (perform DFF optimizations).

12.6.7. Executing OPT_CLEAN pass (remove unused cells and wires).
Finding unused cells or wires in module \scrambler_apb..
Finding unused cells or wires in module $paramod$c9efeda027fc3d4256c20c1d70297742886506f1\scrambler_core..
Finding unused cells or wires in module $paramod$c9efeda027fc3d4256c20c1d70297742886506f1\descrambler_core..
Finding unused cells or wires in module $paramod$c9efeda027fc3d4256c20c1d70297742886506f1\scrambler_top..
Removed 0 unused cells and 45 unused wires.
<suppressed ~3 debug messages>

12.6.8. Executing OPT_EXPR pass (perform const folding).
Optimizing module scrambler_apb.
Optimizing module $paramod$c9efeda027fc3d4256c20c1d70297742886506f1\scrambler_core.
Optimizing module $paramod$c9efeda027fc3d4256c20c1d70297742886506f1\descrambler_core.
Optimizing module $paramod$c9efeda027fc3d4256c20c1d70297742886506f1\scrambler_top.

12.6.9. Rerunning OPT passes. (Maybe there is more to do..)

12.6.10. Executing OPT_MUXTREE pass (detect dead branches in mux trees).
Running muxtree optimizer on module \scrambler_apb..
  Creating internal representation of mux trees.
  No muxes found in this module.
Running muxtree optimizer on module $paramod$c9efeda027fc3d4256c20c1d70297742886506f1\scrambler_core..
  Creating internal representation of mux trees.
  Evaluating internal representation of mux trees.
  Analyzing evaluation results.
Running muxtree optimizer on module $paramod$c9efeda027fc3d4256c20c1d70297742886506f1\descrambler_core..
  Creating internal representation of mux trees.
  Evaluating internal representation of mux trees.
  Analyzing evaluation results.
Running muxtree optimizer on module $paramod$c9efeda027fc3d4256c20c1d70297742886506f1\scrambler_top..
  Creating internal representation of mux trees.
  Evaluating internal representation of mux trees.
  Analyzing evaluation results.
Removed 0 multiplexer ports.
<suppressed ~82 debug messages>

12.6.11. Executing OPT_REDUCE pass (consolidate $*mux and $reduce_* inputs).
  Optimizing cells in module \scrambler_apb.
  Optimizing cells in module $paramod$c9efeda027fc3d4256c20c1d70297742886506f1\scrambler_core.
  Optimizing cells in module $paramod$c9efeda027fc3d4256c20c1d70297742886506f1\descrambler_core.
  Optimizing cells in module $paramod$c9efeda027fc3d4256c20c1d70297742886506f1\scrambler_top.
Performed a total of 0 changes.

12.6.12. Executing OPT_MERGE pass (detect identical cells).
Finding identical cells in module `\scrambler_apb'.
Computing hashes of 3 cells of `\scrambler_apb'.
Finding duplicate cells in `\scrambler_apb'.
Finding identical cells in module `$paramod$c9efeda027fc3d4256c20c1d70297742886506f1\scrambler_core'.
Computing hashes of 44 cells of `$paramod$c9efeda027fc3d4256c20c1d70297742886506f1\scrambler_core'.
Finding duplicate cells in `$paramod$c9efeda027fc3d4256c20c1d70297742886506f1\scrambler_core'.
Finding identical cells in module `$paramod$c9efeda027fc3d4256c20c1d70297742886506f1\descrambler_core'.
Computing hashes of 46 cells of `$paramod$c9efeda027fc3d4256c20c1d70297742886506f1\descrambler_core'.
Finding duplicate cells in `$paramod$c9efeda027fc3d4256c20c1d70297742886506f1\descrambler_core'.
Finding identical cells in module `$paramod$c9efeda027fc3d4256c20c1d70297742886506f1\scrambler_top'.
Computing hashes of 68 cells of `$paramod$c9efeda027fc3d4256c20c1d70297742886506f1\scrambler_top'.
Finding duplicate cells in `$paramod$c9efeda027fc3d4256c20c1d70297742886506f1\scrambler_top'.
Removed a total of 0 cells.

12.6.13. Executing OPT_DFF pass (perform DFF optimizations).

12.6.14. Executing OPT_CLEAN pass (remove unused cells and wires).
Finding unused cells or wires in module \scrambler_apb..
Finding unused cells or wires in module $paramod$c9efeda027fc3d4256c20c1d70297742886506f1\scrambler_core..
Finding unused cells or wires in module $paramod$c9efeda027fc3d4256c20c1d70297742886506f1\descrambler_core..
Finding unused cells or wires in module $paramod$c9efeda027fc3d4256c20c1d70297742886506f1\scrambler_top..

12.6.15. Executing OPT_EXPR pass (perform const folding).
Optimizing module scrambler_apb.
Optimizing module $paramod$c9efeda027fc3d4256c20c1d70297742886506f1\scrambler_core.
Optimizing module $paramod$c9efeda027fc3d4256c20c1d70297742886506f1\descrambler_core.
Optimizing module $paramod$c9efeda027fc3d4256c20c1d70297742886506f1\scrambler_top.

12.6.16. Finished fast OPT passes. (There is nothing left to do.)

12.7. Executing OPT pass (performing simple optimizations).

12.7.1. Executing OPT_EXPR pass (perform const folding).
Optimizing module scrambler_apb.
Optimizing module $paramod$c9efeda027fc3d4256c20c1d70297742886506f1\scrambler_core.
Optimizing module $paramod$c9efeda027fc3d4256c20c1d70297742886506f1\descrambler_core.
Optimizing module $paramod$c9efeda027fc3d4256c20c1d70297742886506f1\scrambler_top.

12.7.2. Executing OPT_MERGE pass (detect identical cells).
Finding identical cells in module `\scrambler_apb'.
Computing hashes of 3 cells of `\scrambler_apb'.
Finding duplicate cells in `\scrambler_apb'.
Finding identical cells in module `$paramod$c9efeda027fc3d4256c20c1d70297742886506f1\scrambler_core'.
Computing hashes of 44 cells of `$paramod$c9efeda027fc3d4256c20c1d70297742886506f1\scrambler_core'.
Finding duplicate cells in `$paramod$c9efeda027fc3d4256c20c1d70297742886506f1\scrambler_core'.
Finding identical cells in module `$paramod$c9efeda027fc3d4256c20c1d70297742886506f1\descrambler_core'.
Computing hashes of 46 cells of `$paramod$c9efeda027fc3d4256c20c1d70297742886506f1\descrambler_core'.
Finding duplicate cells in `$paramod$c9efeda027fc3d4256c20c1d70297742886506f1\descrambler_core'.
Finding identical cells in module `$paramod$c9efeda027fc3d4256c20c1d70297742886506f1\scrambler_top'.
Computing hashes of 68 cells of `$paramod$c9efeda027fc3d4256c20c1d70297742886506f1\scrambler_top'.
Finding duplicate cells in `$paramod$c9efeda027fc3d4256c20c1d70297742886506f1\scrambler_top'.
Removed a total of 0 cells.

12.7.3. Executing OPT_MUXTREE pass (detect dead branches in mux trees).
Running muxtree optimizer on module \scrambler_apb..
  Creating internal representation of mux trees.
  No muxes found in this module.
Running muxtree optimizer on module $paramod$c9efeda027fc3d4256c20c1d70297742886506f1\scrambler_core..
  Creating internal representation of mux trees.
  Evaluating internal representation of mux trees.
  Analyzing evaluation results.
Running muxtree optimizer on module $paramod$c9efeda027fc3d4256c20c1d70297742886506f1\descrambler_core..
  Creating internal representation of mux trees.
  Evaluating internal representation of mux trees.
  Analyzing evaluation results.
Running muxtree optimizer on module $paramod$c9efeda027fc3d4256c20c1d70297742886506f1\scrambler_top..
  Creating internal representation of mux trees.
  Evaluating internal representation of mux trees.
  Analyzing evaluation results.
Removed 0 multiplexer ports.
<suppressed ~82 debug messages>

12.7.4. Executing OPT_REDUCE pass (consolidate $*mux and $reduce_* inputs).
  Optimizing cells in module \scrambler_apb.
  Optimizing cells in module $paramod$c9efeda027fc3d4256c20c1d70297742886506f1\scrambler_core.
  Optimizing cells in module $paramod$c9efeda027fc3d4256c20c1d70297742886506f1\descrambler_core.
  Optimizing cells in module $paramod$c9efeda027fc3d4256c20c1d70297742886506f1\scrambler_top.
Performed a total of 0 changes.

12.7.5. Executing OPT_MERGE pass (detect identical cells).
Finding identical cells in module `\scrambler_apb'.
Computing hashes of 3 cells of `\scrambler_apb'.
Finding duplicate cells in `\scrambler_apb'.
Finding identical cells in module `$paramod$c9efeda027fc3d4256c20c1d70297742886506f1\scrambler_core'.
Computing hashes of 44 cells of `$paramod$c9efeda027fc3d4256c20c1d70297742886506f1\scrambler_core'.
Finding duplicate cells in `$paramod$c9efeda027fc3d4256c20c1d70297742886506f1\scrambler_core'.
Finding identical cells in module `$paramod$c9efeda027fc3d4256c20c1d70297742886506f1\descrambler_core'.
Computing hashes of 46 cells of `$paramod$c9efeda027fc3d4256c20c1d70297742886506f1\descrambler_core'.
Finding duplicate cells in `$paramod$c9efeda027fc3d4256c20c1d70297742886506f1\descrambler_core'.
Finding identical cells in module `$paramod$c9efeda027fc3d4256c20c1d70297742886506f1\scrambler_top'.
Computing hashes of 68 cells of `$paramod$c9efeda027fc3d4256c20c1d70297742886506f1\scrambler_top'.
Finding duplicate cells in `$paramod$c9efeda027fc3d4256c20c1d70297742886506f1\scrambler_top'.
Removed a total of 0 cells.

12.7.6. Executing OPT_DFF pass (perform DFF optimizations).
Adding EN signal on $procdff$964 ($adff) from module $paramod$c9efeda027fc3d4256c20c1d70297742886506f1\scrambler_core (D = $0\state_parity[0:0], Q = \state_parity).
Adding EN signal on $procdff$979 ($adff) from module $paramod$c9efeda027fc3d4256c20c1d70297742886506f1\scrambler_core (D = $0\allzero_err[0:0], Q = \allzero_err).
Adding EN signal on $procdff$969 ($adff) from module $paramod$c9efeda027fc3d4256c20c1d70297742886506f1\scrambler_core (D = $0\state[57:0], Q = \state).
Adding EN signal on $procdff$974 ($adff) from module $paramod$c9efeda027fc3d4256c20c1d70297742886506f1\scrambler_core (D = $0\parity_err[0:0], Q = \parity_err).
Adding EN signal on $procdff$994 ($adff) from module $paramod$c9efeda027fc3d4256c20c1d70297742886506f1\descrambler_core (D = $0\lock_counter[4:0], Q = \lock_counter).
Adding EN signal on $procdff$1004 ($adff) from module $paramod$c9efeda027fc3d4256c20c1d70297742886506f1\descrambler_core (D = $0\state_parity[0:0], Q = \state_parity).
Adding EN signal on $procdff$1009 ($adff) from module $paramod$c9efeda027fc3d4256c20c1d70297742886506f1\descrambler_core (D = $0\state[57:0], Q = \state).
Adding EN signal on $procdff$999 ($adff) from module $paramod$c9efeda027fc3d4256c20c1d70297742886506f1\descrambler_core (D = $0\locked[0:0], Q = \locked).
Adding EN signal on $procdff$1014 ($adff) from module $paramod$c9efeda027fc3d4256c20c1d70297742886506f1\descrambler_core (D = $0\parity_err[0:0], Q = \parity_err).
Adding EN signal on $procdff$1049 ($adff) from module $paramod$c9efeda027fc3d4256c20c1d70297742886506f1\scrambler_top (D = \csr_wdata [2], Q = \ctrl_en).
Adding EN signal on $procdff$1029 ($adff) from module $paramod$c9efeda027fc3d4256c20c1d70297742886506f1\scrambler_top (D = $0\test_counter[15:0], Q = \test_counter).
Adding EN signal on $procdff$1054 ($adff) from module $paramod$c9efeda027fc3d4256c20c1d70297742886506f1\scrambler_top (D = \csr_wdata [1:0], Q = \mode).
Adding EN signal on $procdff$1044 ($adff) from module $paramod$c9efeda027fc3d4256c20c1d70297742886506f1\scrambler_top (D = \csr_wdata, Q = \seed_reg [31:0]).
Adding EN signal on $procdff$1044 ($adff) from module $paramod$c9efeda027fc3d4256c20c1d70297742886506f1\scrambler_top (D = \csr_wdata [25:0], Q = \seed_reg [57:32]).
Adding EN signal on $procdff$1039 ($adff) from module $paramod$c9efeda027fc3d4256c20c1d70297742886506f1\scrambler_top (D = \csr_wdata [16:1], Q = \test_period).
Adding EN signal on $procdff$1034 ($adff) from module $paramod$c9efeda027fc3d4256c20c1d70297742886506f1\scrambler_top (D = \csr_wdata [0], Q = \test_en).

12.7.7. Executing OPT_CLEAN pass (remove unused cells and wires).
Finding unused cells or wires in module \scrambler_apb..
Finding unused cells or wires in module $paramod$c9efeda027fc3d4256c20c1d70297742886506f1\scrambler_core..
Finding unused cells or wires in module $paramod$c9efeda027fc3d4256c20c1d70297742886506f1\descrambler_core..
Finding unused cells or wires in module $paramod$c9efeda027fc3d4256c20c1d70297742886506f1\scrambler_top..
Removed 12 unused cells and 11 unused wires.
<suppressed ~13 debug messages>

12.7.8. Executing OPT_EXPR pass (perform const folding).
Optimizing module scrambler_apb.
Optimizing module $paramod$c9efeda027fc3d4256c20c1d70297742886506f1\scrambler_core.
<suppressed ~4 debug messages>
Optimizing module $paramod$c9efeda027fc3d4256c20c1d70297742886506f1\descrambler_core.
<suppressed ~6 debug messages>
Optimizing module $paramod$c9efeda027fc3d4256c20c1d70297742886506f1\scrambler_top.
<suppressed ~1 debug messages>

12.7.9. Rerunning OPT passes. (Maybe there is more to do..)

12.7.10. Executing OPT_MUXTREE pass (detect dead branches in mux trees).
Running muxtree optimizer on module \scrambler_apb..
  Creating internal representation of mux trees.
  No muxes found in this module.
Running muxtree optimizer on module $paramod$c9efeda027fc3d4256c20c1d70297742886506f1\scrambler_core..
  Creating internal representation of mux trees.
  Evaluating internal representation of mux trees.
  Analyzing evaluation results.
Running muxtree optimizer on module $paramod$c9efeda027fc3d4256c20c1d70297742886506f1\descrambler_core..
  Creating internal representation of mux trees.
  Evaluating internal representation of mux trees.
  Analyzing evaluation results.
Running muxtree optimizer on module $paramod$c9efeda027fc3d4256c20c1d70297742886506f1\scrambler_top..
  Creating internal representation of mux trees.
  Evaluating internal representation of mux trees.
  Analyzing evaluation results.
Removed 0 multiplexer ports.
<suppressed ~64 debug messages>

12.7.11. Executing OPT_REDUCE pass (consolidate $*mux and $reduce_* inputs).
  Optimizing cells in module \scrambler_apb.
  Optimizing cells in module $paramod$c9efeda027fc3d4256c20c1d70297742886506f1\scrambler_core.
  Optimizing cells in module $paramod$c9efeda027fc3d4256c20c1d70297742886506f1\descrambler_core.
  Optimizing cells in module $paramod$c9efeda027fc3d4256c20c1d70297742886506f1\scrambler_top.
Performed a total of 0 changes.

12.7.12. Executing OPT_MERGE pass (detect identical cells).
Finding identical cells in module `\scrambler_apb'.
Computing hashes of 3 cells of `\scrambler_apb'.
Finding duplicate cells in `\scrambler_apb'.
Finding identical cells in module `$paramod$c9efeda027fc3d4256c20c1d70297742886506f1\scrambler_core'.
Computing hashes of 48 cells of `$paramod$c9efeda027fc3d4256c20c1d70297742886506f1\scrambler_core'.
Finding duplicate cells in `$paramod$c9efeda027fc3d4256c20c1d70297742886506f1\scrambler_core'.
Computing hashes of 47 cells of `$paramod$c9efeda027fc3d4256c20c1d70297742886506f1\scrambler_core'.
Finding duplicate cells in `$paramod$c9efeda027fc3d4256c20c1d70297742886506f1\scrambler_core'.
<suppressed ~3 debug messages>
Finding identical cells in module `$paramod$c9efeda027fc3d4256c20c1d70297742886506f1\descrambler_core'.
Computing hashes of 55 cells of `$paramod$c9efeda027fc3d4256c20c1d70297742886506f1\descrambler_core'.
Finding duplicate cells in `$paramod$c9efeda027fc3d4256c20c1d70297742886506f1\descrambler_core'.
Computing hashes of 52 cells of `$paramod$c9efeda027fc3d4256c20c1d70297742886506f1\descrambler_core'.
Finding duplicate cells in `$paramod$c9efeda027fc3d4256c20c1d70297742886506f1\descrambler_core'.
<suppressed ~9 debug messages>
Finding identical cells in module `$paramod$c9efeda027fc3d4256c20c1d70297742886506f1\scrambler_top'.
Computing hashes of 64 cells of `$paramod$c9efeda027fc3d4256c20c1d70297742886506f1\scrambler_top'.
Finding duplicate cells in `$paramod$c9efeda027fc3d4256c20c1d70297742886506f1\scrambler_top'.
Computing hashes of 62 cells of `$paramod$c9efeda027fc3d4256c20c1d70297742886506f1\scrambler_top'.
Finding duplicate cells in `$paramod$c9efeda027fc3d4256c20c1d70297742886506f1\scrambler_top'.
<suppressed ~6 debug messages>
Removed a total of 6 cells.

12.7.13. Executing OPT_DFF pass (perform DFF optimizations).

12.7.14. Executing OPT_CLEAN pass (remove unused cells and wires).
Finding unused cells or wires in module \scrambler_apb..
Finding unused cells or wires in module $paramod$c9efeda027fc3d4256c20c1d70297742886506f1\scrambler_core..
Finding unused cells or wires in module $paramod$c9efeda027fc3d4256c20c1d70297742886506f1\descrambler_core..
Finding unused cells or wires in module $paramod$c9efeda027fc3d4256c20c1d70297742886506f1\scrambler_top..
Removed 0 unused cells and 6 unused wires.
<suppressed ~3 debug messages>

12.7.15. Executing OPT_EXPR pass (perform const folding).
Optimizing module scrambler_apb.
Optimizing module $paramod$c9efeda027fc3d4256c20c1d70297742886506f1\scrambler_core.
Optimizing module $paramod$c9efeda027fc3d4256c20c1d70297742886506f1\descrambler_core.
Optimizing module $paramod$c9efeda027fc3d4256c20c1d70297742886506f1\scrambler_top.

12.7.16. Rerunning OPT passes. (Maybe there is more to do..)

12.7.17. Executing OPT_MUXTREE pass (detect dead branches in mux trees).
Running muxtree optimizer on module \scrambler_apb..
  Creating internal representation of mux trees.
  No muxes found in this module.
Running muxtree optimizer on module $paramod$c9efeda027fc3d4256c20c1d70297742886506f1\scrambler_core..
  Creating internal representation of mux trees.
  Evaluating internal representation of mux trees.
  Analyzing evaluation results.
Running muxtree optimizer on module $paramod$c9efeda027fc3d4256c20c1d70297742886506f1\descrambler_core..
  Creating internal representation of mux trees.
  Evaluating internal representation of mux trees.
  Analyzing evaluation results.
Running muxtree optimizer on module $paramod$c9efeda027fc3d4256c20c1d70297742886506f1\scrambler_top..
  Creating internal representation of mux trees.
  Evaluating internal representation of mux trees.
  Analyzing evaluation results.
Removed 0 multiplexer ports.
<suppressed ~64 debug messages>

12.7.18. Executing OPT_REDUCE pass (consolidate $*mux and $reduce_* inputs).
  Optimizing cells in module \scrambler_apb.
  Optimizing cells in module $paramod$c9efeda027fc3d4256c20c1d70297742886506f1\scrambler_core.
  Optimizing cells in module $paramod$c9efeda027fc3d4256c20c1d70297742886506f1\descrambler_core.
  Optimizing cells in module $paramod$c9efeda027fc3d4256c20c1d70297742886506f1\scrambler_top.
Performed a total of 0 changes.

12.7.19. Executing OPT_MERGE pass (detect identical cells).
Finding identical cells in module `\scrambler_apb'.
Computing hashes of 3 cells of `\scrambler_apb'.
Finding duplicate cells in `\scrambler_apb'.
Finding identical cells in module `$paramod$c9efeda027fc3d4256c20c1d70297742886506f1\scrambler_core'.
Computing hashes of 47 cells of `$paramod$c9efeda027fc3d4256c20c1d70297742886506f1\scrambler_core'.
Finding duplicate cells in `$paramod$c9efeda027fc3d4256c20c1d70297742886506f1\scrambler_core'.
Finding identical cells in module `$paramod$c9efeda027fc3d4256c20c1d70297742886506f1\descrambler_core'.
Computing hashes of 52 cells of `$paramod$c9efeda027fc3d4256c20c1d70297742886506f1\descrambler_core'.
Finding duplicate cells in `$paramod$c9efeda027fc3d4256c20c1d70297742886506f1\descrambler_core'.
Finding identical cells in module `$paramod$c9efeda027fc3d4256c20c1d70297742886506f1\scrambler_top'.
Computing hashes of 62 cells of `$paramod$c9efeda027fc3d4256c20c1d70297742886506f1\scrambler_top'.
Finding duplicate cells in `$paramod$c9efeda027fc3d4256c20c1d70297742886506f1\scrambler_top'.
Removed a total of 0 cells.

12.7.20. Executing OPT_DFF pass (perform DFF optimizations).

12.7.21. Executing OPT_CLEAN pass (remove unused cells and wires).
Finding unused cells or wires in module \scrambler_apb..
Finding unused cells or wires in module $paramod$c9efeda027fc3d4256c20c1d70297742886506f1\scrambler_core..
Finding unused cells or wires in module $paramod$c9efeda027fc3d4256c20c1d70297742886506f1\descrambler_core..
Finding unused cells or wires in module $paramod$c9efeda027fc3d4256c20c1d70297742886506f1\scrambler_top..

12.7.22. Executing OPT_EXPR pass (perform const folding).
Optimizing module scrambler_apb.
Optimizing module $paramod$c9efeda027fc3d4256c20c1d70297742886506f1\scrambler_core.
Optimizing module $paramod$c9efeda027fc3d4256c20c1d70297742886506f1\descrambler_core.
Optimizing module $paramod$c9efeda027fc3d4256c20c1d70297742886506f1\scrambler_top.

12.7.23. Finished fast OPT passes. (There is nothing left to do.)

12.8. Executing WREDUCE pass (reducing word size of cells).
Removed top 1 bits (of 2) from port B of cell $paramod$c9efeda027fc3d4256c20c1d70297742886506f1\descrambler_core.$auto$opt_dff.cc:320:make_patterns_logic$1096 ($ne).
Removed top 2 bits (of 5) from port B of cell $paramod$c9efeda027fc3d4256c20c1d70297742886506f1\descrambler_core.$eq$../RTL/descrambler_core.sv:195$736 ($eq).
Removed top 1 bits (of 2) from port B of cell $paramod$c9efeda027fc3d4256c20c1d70297742886506f1\scrambler_top.$procmux$958_CMP0 ($eq).
Removed top 3 bits (of 8) from port B of cell $paramod$c9efeda027fc3d4256c20c1d70297742886506f1\scrambler_top.$procmux$922_CMP0 ($eq).
Removed top 5 bits (of 8) from port B of cell $paramod$c9efeda027fc3d4256c20c1d70297742886506f1\scrambler_top.$procmux$900_CMP0 ($eq).
Removed top 4 bits (of 8) from port B of cell $paramod$c9efeda027fc3d4256c20c1d70297742886506f1\scrambler_top.$procmux$894_CMP0 ($eq).
Removed top 4 bits (of 8) from port B of cell $paramod$c9efeda027fc3d4256c20c1d70297742886506f1\scrambler_top.$procmux$888_CMP0 ($eq).
Removed top 3 bits (of 8) from port B of cell $paramod$c9efeda027fc3d4256c20c1d70297742886506f1\scrambler_top.$procmux$886_CMP0 ($eq).
Removed top 3 bits (of 8) from port B of cell $paramod$c9efeda027fc3d4256c20c1d70297742886506f1\scrambler_top.$procmux$885_CMP0 ($eq).
Removed top 3 bits (of 8) from port B of cell $paramod$c9efeda027fc3d4256c20c1d70297742886506f1\scrambler_top.$procmux$884_CMP0 ($eq).
Removed top 2 bits (of 8) from port B of cell $paramod$c9efeda027fc3d4256c20c1d70297742886506f1\scrambler_top.$procmux$883_CMP0 ($eq).
Removed top 2 bits (of 8) from port B of cell $paramod$c9efeda027fc3d4256c20c1d70297742886506f1\scrambler_top.$procmux$882_CMP0 ($eq).
Removed top 6 bits (of 32) from wire $paramod$c9efeda027fc3d4256c20c1d70297742886506f1\scrambler_top.csr_reg[9].
Removed top 6 bits (of 32) from wire $paramod$c9efeda027fc3d4256c20c1d70297742886506f1\scrambler_top.csr_reg[7].
Removed top 29 bits (of 32) from wire $paramod$c9efeda027fc3d4256c20c1d70297742886506f1\scrambler_top.csr_reg[5].
Removed top 15 bits (of 32) from wire $paramod$c9efeda027fc3d4256c20c1d70297742886506f1\scrambler_top.csr_reg[4].
Removed top 30 bits (of 32) from wire $paramod$c9efeda027fc3d4256c20c1d70297742886506f1\scrambler_top.csr_reg[3].
Removed top 6 bits (of 32) from wire $paramod$c9efeda027fc3d4256c20c1d70297742886506f1\scrambler_top.csr_reg[2].
Removed top 29 bits (of 32) from wire $paramod$c9efeda027fc3d4256c20c1d70297742886506f1\scrambler_top.csr_reg[0].

12.9. Executing PEEPOPT pass (run peephole optimizers).

12.10. Executing OPT_CLEAN pass (remove unused cells and wires).
Finding unused cells or wires in module \scrambler_apb..
Finding unused cells or wires in module $paramod$c9efeda027fc3d4256c20c1d70297742886506f1\scrambler_core..
Finding unused cells or wires in module $paramod$c9efeda027fc3d4256c20c1d70297742886506f1\descrambler_core..
Finding unused cells or wires in module $paramod$c9efeda027fc3d4256c20c1d70297742886506f1\scrambler_top..
Removed 0 unused cells and 7 unused wires.
<suppressed ~1 debug messages>

12.11. Executing ALUMACC pass (create $alu and $macc cells).
Extracting $alu and $macc cells in module scrambler_apb:
  created 0 $alu and 0 $macc cells.
Extracting $alu and $macc cells in module $paramod$c9efeda027fc3d4256c20c1d70297742886506f1\scrambler_core:
  created 0 $alu and 0 $macc cells.
Extracting $alu and $macc cells in module $paramod$c9efeda027fc3d4256c20c1d70297742886506f1\descrambler_core:
  creating $macc model for $add$../RTL/descrambler_core.sv:198$738 ($add).
  creating $alu model for $macc $add$../RTL/descrambler_core.sv:198$738.
  creating $alu cell for $add$../RTL/descrambler_core.sv:198$738: $auto$alumacc.cc:512:replace_alu$1143
  created 1 $alu and 0 $macc cells.
Extracting $alu and $macc cells in module $paramod$c9efeda027fc3d4256c20c1d70297742886506f1\scrambler_top:
  creating $macc model for $add$../RTL/scrambler_top.sv:346$714 ($add).
  creating $alu model for $macc $add$../RTL/scrambler_top.sv:346$714.
  creating $alu cell for $add$../RTL/scrambler_top.sv:346$714: $auto$alumacc.cc:512:replace_alu$1146
  created 1 $alu and 0 $macc cells.

12.12. Executing SHARE pass (SAT-based resource sharing).

12.13. Executing OPT pass (performing simple optimizations).

12.13.1. Executing OPT_EXPR pass (perform const folding).
Optimizing module scrambler_apb.
Optimizing module $paramod$c9efeda027fc3d4256c20c1d70297742886506f1\scrambler_core.
Optimizing module $paramod$c9efeda027fc3d4256c20c1d70297742886506f1\descrambler_core.
Optimizing module $paramod$c9efeda027fc3d4256c20c1d70297742886506f1\scrambler_top.

12.13.2. Executing OPT_MERGE pass (detect identical cells).
Finding identical cells in module `\scrambler_apb'.
Computing hashes of 3 cells of `\scrambler_apb'.
Finding duplicate cells in `\scrambler_apb'.
Finding identical cells in module `$paramod$c9efeda027fc3d4256c20c1d70297742886506f1\scrambler_core'.
Computing hashes of 47 cells of `$paramod$c9efeda027fc3d4256c20c1d70297742886506f1\scrambler_core'.
Finding duplicate cells in `$paramod$c9efeda027fc3d4256c20c1d70297742886506f1\scrambler_core'.
Finding identical cells in module `$paramod$c9efeda027fc3d4256c20c1d70297742886506f1\descrambler_core'.
Computing hashes of 52 cells of `$paramod$c9efeda027fc3d4256c20c1d70297742886506f1\descrambler_core'.
Finding duplicate cells in `$paramod$c9efeda027fc3d4256c20c1d70297742886506f1\descrambler_core'.
Finding identical cells in module `$paramod$c9efeda027fc3d4256c20c1d70297742886506f1\scrambler_top'.
Computing hashes of 62 cells of `$paramod$c9efeda027fc3d4256c20c1d70297742886506f1\scrambler_top'.
Finding duplicate cells in `$paramod$c9efeda027fc3d4256c20c1d70297742886506f1\scrambler_top'.
Removed a total of 0 cells.

12.13.3. Executing OPT_MUXTREE pass (detect dead branches in mux trees).
Running muxtree optimizer on module \scrambler_apb..
  Creating internal representation of mux trees.
  No muxes found in this module.
Running muxtree optimizer on module $paramod$c9efeda027fc3d4256c20c1d70297742886506f1\scrambler_core..
  Creating internal representation of mux trees.
  Evaluating internal representation of mux trees.
  Analyzing evaluation results.
Running muxtree optimizer on module $paramod$c9efeda027fc3d4256c20c1d70297742886506f1\descrambler_core..
  Creating internal representation of mux trees.
  Evaluating internal representation of mux trees.
  Analyzing evaluation results.
Running muxtree optimizer on module $paramod$c9efeda027fc3d4256c20c1d70297742886506f1\scrambler_top..
  Creating internal representation of mux trees.
  Evaluating internal representation of mux trees.
  Analyzing evaluation results.
Removed 0 multiplexer ports.
<suppressed ~64 debug messages>

12.13.4. Executing OPT_REDUCE pass (consolidate $*mux and $reduce_* inputs).
  Optimizing cells in module \scrambler_apb.
  Optimizing cells in module $paramod$c9efeda027fc3d4256c20c1d70297742886506f1\scrambler_core.
  Optimizing cells in module $paramod$c9efeda027fc3d4256c20c1d70297742886506f1\descrambler_core.
  Optimizing cells in module $paramod$c9efeda027fc3d4256c20c1d70297742886506f1\scrambler_top.
Performed a total of 0 changes.

12.13.5. Executing OPT_MERGE pass (detect identical cells).
Finding identical cells in module `\scrambler_apb'.
Computing hashes of 3 cells of `\scrambler_apb'.
Finding duplicate cells in `\scrambler_apb'.
Finding identical cells in module `$paramod$c9efeda027fc3d4256c20c1d70297742886506f1\scrambler_core'.
Computing hashes of 47 cells of `$paramod$c9efeda027fc3d4256c20c1d70297742886506f1\scrambler_core'.
Finding duplicate cells in `$paramod$c9efeda027fc3d4256c20c1d70297742886506f1\scrambler_core'.
Finding identical cells in module `$paramod$c9efeda027fc3d4256c20c1d70297742886506f1\descrambler_core'.
Computing hashes of 52 cells of `$paramod$c9efeda027fc3d4256c20c1d70297742886506f1\descrambler_core'.
Finding duplicate cells in `$paramod$c9efeda027fc3d4256c20c1d70297742886506f1\descrambler_core'.
Finding identical cells in module `$paramod$c9efeda027fc3d4256c20c1d70297742886506f1\scrambler_top'.
Computing hashes of 62 cells of `$paramod$c9efeda027fc3d4256c20c1d70297742886506f1\scrambler_top'.
Finding duplicate cells in `$paramod$c9efeda027fc3d4256c20c1d70297742886506f1\scrambler_top'.
Removed a total of 0 cells.

12.13.6. Executing OPT_DFF pass (perform DFF optimizations).

12.13.7. Executing OPT_CLEAN pass (remove unused cells and wires).
Finding unused cells or wires in module \scrambler_apb..
Finding unused cells or wires in module $paramod$c9efeda027fc3d4256c20c1d70297742886506f1\scrambler_core..
Finding unused cells or wires in module $paramod$c9efeda027fc3d4256c20c1d70297742886506f1\descrambler_core..
Finding unused cells or wires in module $paramod$c9efeda027fc3d4256c20c1d70297742886506f1\scrambler_top..

12.13.8. Executing OPT_EXPR pass (perform const folding).
Optimizing module scrambler_apb.
Optimizing module $paramod$c9efeda027fc3d4256c20c1d70297742886506f1\scrambler_core.
Optimizing module $paramod$c9efeda027fc3d4256c20c1d70297742886506f1\descrambler_core.
Optimizing module $paramod$c9efeda027fc3d4256c20c1d70297742886506f1\scrambler_top.

12.13.9. Finished fast OPT passes. (There is nothing left to do.)

12.14. Executing MEMORY pass.

12.14.1. Executing OPT_MEM pass (optimize memories).
Performed a total of 0 transformations.

12.14.2. Executing OPT_MEM_PRIORITY pass (removing unnecessary memory write priority relations).
Performed a total of 0 transformations.

12.14.3. Executing OPT_MEM_FEEDBACK pass (finding memory read-to-write feedback paths).

12.14.4. Executing MEMORY_BMUX2ROM pass (converting muxes to ROMs).

12.14.5. Executing MEMORY_DFF pass (merging $dff cells to $memrd).

12.14.6. Executing OPT_CLEAN pass (remove unused cells and wires).
Finding unused cells or wires in module \scrambler_apb..
Finding unused cells or wires in module $paramod$c9efeda027fc3d4256c20c1d70297742886506f1\scrambler_core..
Finding unused cells or wires in module $paramod$c9efeda027fc3d4256c20c1d70297742886506f1\descrambler_core..
Finding unused cells or wires in module $paramod$c9efeda027fc3d4256c20c1d70297742886506f1\scrambler_top..

12.14.7. Executing MEMORY_SHARE pass (consolidating $memrd/$memwr cells).

12.14.8. Executing OPT_MEM_WIDEN pass (optimize memories where all ports are wide).
Performed a total of 0 transformations.

12.14.9. Executing OPT_CLEAN pass (remove unused cells and wires).
Finding unused cells or wires in module \scrambler_apb..
Finding unused cells or wires in module $paramod$c9efeda027fc3d4256c20c1d70297742886506f1\scrambler_core..
Finding unused cells or wires in module $paramod$c9efeda027fc3d4256c20c1d70297742886506f1\descrambler_core..
Finding unused cells or wires in module $paramod$c9efeda027fc3d4256c20c1d70297742886506f1\scrambler_top..

12.14.10. Executing MEMORY_COLLECT pass (generating $mem cells).

12.15. Executing OPT_CLEAN pass (remove unused cells and wires).
Finding unused cells or wires in module \scrambler_apb..
Finding unused cells or wires in module $paramod$c9efeda027fc3d4256c20c1d70297742886506f1\scrambler_core..
Finding unused cells or wires in module $paramod$c9efeda027fc3d4256c20c1d70297742886506f1\descrambler_core..
Finding unused cells or wires in module $paramod$c9efeda027fc3d4256c20c1d70297742886506f1\scrambler_top..

12.16. Executing OPT pass (performing simple optimizations).

12.16.1. Executing OPT_EXPR pass (perform const folding).
Optimizing module scrambler_apb.
Optimizing module $paramod$c9efeda027fc3d4256c20c1d70297742886506f1\scrambler_core.
<suppressed ~9 debug messages>
Optimizing module $paramod$c9efeda027fc3d4256c20c1d70297742886506f1\descrambler_core.
<suppressed ~10 debug messages>
Optimizing module $paramod$c9efeda027fc3d4256c20c1d70297742886506f1\scrambler_top.
<suppressed ~8 debug messages>

12.16.2. Executing OPT_MERGE pass (detect identical cells).
Finding identical cells in module `\scrambler_apb'.
Computing hashes of 3 cells of `\scrambler_apb'.
Finding duplicate cells in `\scrambler_apb'.
Finding identical cells in module `$paramod$c9efeda027fc3d4256c20c1d70297742886506f1\scrambler_core'.
Computing hashes of 40 cells of `$paramod$c9efeda027fc3d4256c20c1d70297742886506f1\scrambler_core'.
Finding duplicate cells in `$paramod$c9efeda027fc3d4256c20c1d70297742886506f1\scrambler_core'.
Finding identical cells in module `$paramod$c9efeda027fc3d4256c20c1d70297742886506f1\descrambler_core'.
Computing hashes of 44 cells of `$paramod$c9efeda027fc3d4256c20c1d70297742886506f1\descrambler_core'.
Finding duplicate cells in `$paramod$c9efeda027fc3d4256c20c1d70297742886506f1\descrambler_core'.
Finding identical cells in module `$paramod$c9efeda027fc3d4256c20c1d70297742886506f1\scrambler_top'.
Computing hashes of 61 cells of `$paramod$c9efeda027fc3d4256c20c1d70297742886506f1\scrambler_top'.
Finding duplicate cells in `$paramod$c9efeda027fc3d4256c20c1d70297742886506f1\scrambler_top'.
Removed a total of 0 cells.

12.16.3. Executing OPT_DFF pass (perform DFF optimizations).

12.16.4. Executing OPT_CLEAN pass (remove unused cells and wires).
Finding unused cells or wires in module \scrambler_apb..
Finding unused cells or wires in module $paramod$c9efeda027fc3d4256c20c1d70297742886506f1\scrambler_core..
Finding unused cells or wires in module $paramod$c9efeda027fc3d4256c20c1d70297742886506f1\descrambler_core..
Finding unused cells or wires in module $paramod$c9efeda027fc3d4256c20c1d70297742886506f1\scrambler_top..
Removed 3 unused cells and 19 unused wires.
<suppressed ~6 debug messages>

12.16.5. Finished fast OPT passes.

12.17. Executing MEMORY_MAP pass (converting memories to logic and flip-flops).

12.18. Executing OPT pass (performing simple optimizations).

12.18.1. Executing OPT_EXPR pass (perform const folding).
Optimizing module scrambler_apb.
Optimizing module $paramod$c9efeda027fc3d4256c20c1d70297742886506f1\scrambler_core.
Optimizing module $paramod$c9efeda027fc3d4256c20c1d70297742886506f1\descrambler_core.
<suppressed ~1 debug messages>
Optimizing module $paramod$c9efeda027fc3d4256c20c1d70297742886506f1\scrambler_top.

12.18.2. Executing OPT_MERGE pass (detect identical cells).
Finding identical cells in module `\scrambler_apb'.
Computing hashes of 3 cells of `\scrambler_apb'.
Finding duplicate cells in `\scrambler_apb'.
Finding identical cells in module `$paramod$c9efeda027fc3d4256c20c1d70297742886506f1\scrambler_core'.
Computing hashes of 40 cells of `$paramod$c9efeda027fc3d4256c20c1d70297742886506f1\scrambler_core'.
Finding duplicate cells in `$paramod$c9efeda027fc3d4256c20c1d70297742886506f1\scrambler_core'.
Finding identical cells in module `$paramod$c9efeda027fc3d4256c20c1d70297742886506f1\descrambler_core'.
Computing hashes of 44 cells of `$paramod$c9efeda027fc3d4256c20c1d70297742886506f1\descrambler_core'.
Finding duplicate cells in `$paramod$c9efeda027fc3d4256c20c1d70297742886506f1\descrambler_core'.
Finding identical cells in module `$paramod$c9efeda027fc3d4256c20c1d70297742886506f1\scrambler_top'.
Computing hashes of 58 cells of `$paramod$c9efeda027fc3d4256c20c1d70297742886506f1\scrambler_top'.
Finding duplicate cells in `$paramod$c9efeda027fc3d4256c20c1d70297742886506f1\scrambler_top'.
Removed a total of 0 cells.

12.18.3. Executing OPT_MUXTREE pass (detect dead branches in mux trees).
Running muxtree optimizer on module \scrambler_apb..
  Creating internal representation of mux trees.
  No muxes found in this module.
Running muxtree optimizer on module $paramod$c9efeda027fc3d4256c20c1d70297742886506f1\scrambler_core..
  Creating internal representation of mux trees.
  Evaluating internal representation of mux trees.
  Analyzing evaluation results.
Running muxtree optimizer on module $paramod$c9efeda027fc3d4256c20c1d70297742886506f1\descrambler_core..
  Creating internal representation of mux trees.
  Evaluating internal representation of mux trees.
  Analyzing evaluation results.
Running muxtree optimizer on module $paramod$c9efeda027fc3d4256c20c1d70297742886506f1\scrambler_top..
  Creating internal representation of mux trees.
  Evaluating internal representation of mux trees.
  Analyzing evaluation results.
Removed 0 multiplexer ports.
<suppressed ~42 debug messages>

12.18.4. Executing OPT_REDUCE pass (consolidate $*mux and $reduce_* inputs).
  Optimizing cells in module \scrambler_apb.
  Optimizing cells in module $paramod$c9efeda027fc3d4256c20c1d70297742886506f1\scrambler_core.
  Optimizing cells in module $paramod$c9efeda027fc3d4256c20c1d70297742886506f1\descrambler_core.
  Optimizing cells in module $paramod$c9efeda027fc3d4256c20c1d70297742886506f1\scrambler_top.
Performed a total of 0 changes.

12.18.5. Executing OPT_MERGE pass (detect identical cells).
Finding identical cells in module `\scrambler_apb'.
Computing hashes of 3 cells of `\scrambler_apb'.
Finding duplicate cells in `\scrambler_apb'.
Finding identical cells in module `$paramod$c9efeda027fc3d4256c20c1d70297742886506f1\scrambler_core'.
Computing hashes of 40 cells of `$paramod$c9efeda027fc3d4256c20c1d70297742886506f1\scrambler_core'.
Finding duplicate cells in `$paramod$c9efeda027fc3d4256c20c1d70297742886506f1\scrambler_core'.
Finding identical cells in module `$paramod$c9efeda027fc3d4256c20c1d70297742886506f1\descrambler_core'.
Computing hashes of 44 cells of `$paramod$c9efeda027fc3d4256c20c1d70297742886506f1\descrambler_core'.
Finding duplicate cells in `$paramod$c9efeda027fc3d4256c20c1d70297742886506f1\descrambler_core'.
Finding identical cells in module `$paramod$c9efeda027fc3d4256c20c1d70297742886506f1\scrambler_top'.
Computing hashes of 58 cells of `$paramod$c9efeda027fc3d4256c20c1d70297742886506f1\scrambler_top'.
Finding duplicate cells in `$paramod$c9efeda027fc3d4256c20c1d70297742886506f1\scrambler_top'.
Removed a total of 0 cells.

12.18.6. Executing OPT_SHARE pass.

12.18.7. Executing OPT_DFF pass (perform DFF optimizations).

12.18.8. Executing OPT_CLEAN pass (remove unused cells and wires).
Finding unused cells or wires in module \scrambler_apb..
Finding unused cells or wires in module $paramod$c9efeda027fc3d4256c20c1d70297742886506f1\scrambler_core..
Finding unused cells or wires in module $paramod$c9efeda027fc3d4256c20c1d70297742886506f1\descrambler_core..
Finding unused cells or wires in module $paramod$c9efeda027fc3d4256c20c1d70297742886506f1\scrambler_top..

12.18.9. Executing OPT_EXPR pass (perform const folding).
Optimizing module scrambler_apb.
Optimizing module $paramod$c9efeda027fc3d4256c20c1d70297742886506f1\scrambler_core.
Optimizing module $paramod$c9efeda027fc3d4256c20c1d70297742886506f1\descrambler_core.
Optimizing module $paramod$c9efeda027fc3d4256c20c1d70297742886506f1\scrambler_top.

12.18.10. Finished fast OPT passes. (There is nothing left to do.)

12.19. Executing TECHMAP pass (map to technology primitives).

12.19.1. Executing Verilog-2005 frontend: /mnt/c/Yosys/oss-cad-suite/lib/../share/yosys/techmap.v
Parsing Verilog input from `/mnt/c/Yosys/oss-cad-suite/lib/../share/yosys/techmap.v' to AST representation.
Generating RTLIL representation for module `\_90_simplemap_bool_ops'.
Generating RTLIL representation for module `\_90_simplemap_reduce_ops'.
Generating RTLIL representation for module `\_90_simplemap_logic_ops'.
Generating RTLIL representation for module `\_90_simplemap_compare_ops'.
Generating RTLIL representation for module `\_90_simplemap_various'.
Generating RTLIL representation for module `\_90_simplemap_registers'.
Generating RTLIL representation for module `\_90_shift_ops_shr_shl_sshl_sshr'.
Generating RTLIL representation for module `\_90_shift_shiftx'.
Generating RTLIL representation for module `\_90_fa'.
Generating RTLIL representation for module `\_90_lcu_brent_kung'.
Generating RTLIL representation for module `\_90_alu'.
Generating RTLIL representation for module `\_90_macc'.
Generating RTLIL representation for module `\_90_alumacc'.
Generating RTLIL representation for module `$__div_mod_u'.
Generating RTLIL representation for module `$__div_mod_trunc'.
Generating RTLIL representation for module `\_90_div'.
Generating RTLIL representation for module `\_90_mod'.
Generating RTLIL representation for module `$__div_mod_floor'.
Generating RTLIL representation for module `\_90_divfloor'.
Generating RTLIL representation for module `\_90_modfloor'.
Generating RTLIL representation for module `\_90_pow'.
Generating RTLIL representation for module `\_90_demux'.
Generating RTLIL representation for module `\_90_lut'.
Generating RTLIL representation for module `$connect'.
Generating RTLIL representation for module `$input_port'.
Successfully finished Verilog frontend.

12.19.2. Continuing TECHMAP pass.
Using template $paramod$2af30114e9bd4ccb04dad757b3f0a8f6bf0615b0\_90_alu for cells of type $alu.
Using extmapper simplemap for cells of type $reduce_and.
Using extmapper simplemap for cells of type $adffe.
Using extmapper simplemap for cells of type $reduce_bool.
Using extmapper simplemap for cells of type $reduce_or.
Using extmapper simplemap for cells of type $adff.
Using extmapper simplemap for cells of type $logic_not.
Using extmapper simplemap for cells of type $eq.
Using extmapper simplemap for cells of type $mux.
Using extmapper simplemap for cells of type $pmux.
Using extmapper simplemap for cells of type $logic_or.
Using extmapper simplemap for cells of type $ne.
Using extmapper simplemap for cells of type $logic_and.
Using extmapper simplemap for cells of type $not.
Using extmapper simplemap for cells of type $pos.
Using template $paramod\_90_fa\WIDTH=32'00000000000000000000000000010000 for cells of type $fa.
Using template $paramod\_90_lcu_brent_kung\WIDTH=32'00000000000000000000000000010000 for cells of type $lcu.
Using extmapper simplemap for cells of type $xor.
Using extmapper simplemap for cells of type $and.
Using extmapper simplemap for cells of type $or.
Using template $paramod$672a140277c71df8314410f22acc08d55222c3c7\_90_alu for cells of type $alu.
Using extmapper simplemap for cells of type $reduce_xor.
Using template $paramod\_90_fa\WIDTH=32'00000000000000000000000000000101 for cells of type $fa.
Using template $paramod\_90_lcu_brent_kung\WIDTH=32'00000000000000000000000000000101 for cells of type $lcu.
No more expansions possible.
<suppressed ~616 debug messages>

12.20. Executing OPT pass (performing simple optimizations).

12.20.1. Executing OPT_EXPR pass (perform const folding).
Optimizing module scrambler_apb.
Optimizing module $paramod$c9efeda027fc3d4256c20c1d70297742886506f1\scrambler_core.
<suppressed ~1 debug messages>
Optimizing module $paramod$c9efeda027fc3d4256c20c1d70297742886506f1\descrambler_core.
<suppressed ~47 debug messages>
Optimizing module $paramod$c9efeda027fc3d4256c20c1d70297742886506f1\scrambler_top.
<suppressed ~475 debug messages>

12.20.2. Executing OPT_MERGE pass (detect identical cells).
Finding identical cells in module `\scrambler_apb'.
Computing hashes of 3 cells of `\scrambler_apb'.
Finding duplicate cells in `\scrambler_apb'.
Finding identical cells in module `$paramod$c9efeda027fc3d4256c20c1d70297742886506f1\scrambler_core'.
Computing hashes of 515 cells of `$paramod$c9efeda027fc3d4256c20c1d70297742886506f1\scrambler_core'.
Finding duplicate cells in `$paramod$c9efeda027fc3d4256c20c1d70297742886506f1\scrambler_core'.
Computing hashes of 490 cells of `$paramod$c9efeda027fc3d4256c20c1d70297742886506f1\scrambler_core'.
Finding duplicate cells in `$paramod$c9efeda027fc3d4256c20c1d70297742886506f1\scrambler_core'.
Computing hashes of 478 cells of `$paramod$c9efeda027fc3d4256c20c1d70297742886506f1\scrambler_core'.
Finding duplicate cells in `$paramod$c9efeda027fc3d4256c20c1d70297742886506f1\scrambler_core'.
Computing hashes of 472 cells of `$paramod$c9efeda027fc3d4256c20c1d70297742886506f1\scrambler_core'.
Finding duplicate cells in `$paramod$c9efeda027fc3d4256c20c1d70297742886506f1\scrambler_core'.
<suppressed ~129 debug messages>
Finding identical cells in module `$paramod$c9efeda027fc3d4256c20c1d70297742886506f1\descrambler_core'.
Computing hashes of 321 cells of `$paramod$c9efeda027fc3d4256c20c1d70297742886506f1\descrambler_core'.
Finding duplicate cells in `$paramod$c9efeda027fc3d4256c20c1d70297742886506f1\descrambler_core'.
Computing hashes of 292 cells of `$paramod$c9efeda027fc3d4256c20c1d70297742886506f1\descrambler_core'.
Finding duplicate cells in `$paramod$c9efeda027fc3d4256c20c1d70297742886506f1\descrambler_core'.
Computing hashes of 280 cells of `$paramod$c9efeda027fc3d4256c20c1d70297742886506f1\descrambler_core'.
Finding duplicate cells in `$paramod$c9efeda027fc3d4256c20c1d70297742886506f1\descrambler_core'.
Computing hashes of 274 cells of `$paramod$c9efeda027fc3d4256c20c1d70297742886506f1\descrambler_core'.
Finding duplicate cells in `$paramod$c9efeda027fc3d4256c20c1d70297742886506f1\descrambler_core'.
<suppressed ~141 debug messages>
Finding identical cells in module `$paramod$c9efeda027fc3d4256c20c1d70297742886506f1\scrambler_top'.
Computing hashes of 869 cells of `$paramod$c9efeda027fc3d4256c20c1d70297742886506f1\scrambler_top'.
Finding duplicate cells in `$paramod$c9efeda027fc3d4256c20c1d70297742886506f1\scrambler_top'.
Computing hashes of 831 cells of `$paramod$c9efeda027fc3d4256c20c1d70297742886506f1\scrambler_top'.
Finding duplicate cells in `$paramod$c9efeda027fc3d4256c20c1d70297742886506f1\scrambler_top'.
Computing hashes of 818 cells of `$paramod$c9efeda027fc3d4256c20c1d70297742886506f1\scrambler_top'.
Finding duplicate cells in `$paramod$c9efeda027fc3d4256c20c1d70297742886506f1\scrambler_top'.
Computing hashes of 810 cells of `$paramod$c9efeda027fc3d4256c20c1d70297742886506f1\scrambler_top'.
Finding duplicate cells in `$paramod$c9efeda027fc3d4256c20c1d70297742886506f1\scrambler_top'.
<suppressed ~177 debug messages>
Removed a total of 149 cells.

12.20.3. Executing OPT_DFF pass (perform DFF optimizations).

12.20.4. Executing OPT_CLEAN pass (remove unused cells and wires).
Finding unused cells or wires in module \scrambler_apb..
Finding unused cells or wires in module $paramod$c9efeda027fc3d4256c20c1d70297742886506f1\scrambler_core..
Finding unused cells or wires in module $paramod$c9efeda027fc3d4256c20c1d70297742886506f1\descrambler_core..
Finding unused cells or wires in module $paramod$c9efeda027fc3d4256c20c1d70297742886506f1\scrambler_top..
Removed 23 unused cells and 432 unused wires.
<suppressed ~26 debug messages>

12.20.5. Finished fast OPT passes.

12.21. Executing ABC pass (technology mapping using ABC).

12.21.1. Extracting gate netlist of module `\scrambler_apb' to `<abc-temp-dir>/input.blif'..

12.21.1.1. Executed ABC.
Extracted 2 gates and 5 wires to a netlist network with 3 inputs and 1 outputs.
Running ABC script: <abc-temp-dir>/abc.script
ABC: UC Berkeley, ABC 1.01 (compiled Jul 11 2026 03:57:20)
ABC: abc 01> empty
ABC: abc 01> source <abc-temp-dir>/abc.script
ABC: + read_blif <abc-temp-dir>/input.blif 
ABC: + read_library <abc-temp-dir>/stdcells.genlib 
ABC: + strash 
ABC: + &get -n 
ABC: + &fraig -x 
ABC: + &put 
ABC: + scorr 
ABC: Warning: The network is combinational (run "fraig" or "fraig_sweep").
ABC: + dc2 
ABC: + dretime 
ABC: + strash 
ABC: + &get -n 
ABC: + &dch -f 
ABC: + &nf 
ABC: + &put 
ABC: + write_blif <abc-temp-dir>/output.blif 
ABC: 
ABC: YOSYS_ABC_DONE 

12.21.1.2. Re-integrating ABC results.
ABC RESULTS:               AND cells:        2
ABC RESULTS:        internal signals:        1
ABC RESULTS:           input signals:        3
ABC RESULTS:          output signals:        1
Removing temp directory.

12.21.2. Extracting gate netlist of module `$paramod$c9efeda027fc3d4256c20c1d70297742886506f1\scrambler_core' to `<abc-temp-dir>/input.blif'..

12.21.2.1. Executed ABC.
Extracted 401 gates and 534 wires to a netlist network with 131 inputs and 73 outputs.
Running ABC script: <abc-temp-dir>/abc.script
ABC: UC Berkeley, ABC 1.01 (compiled Jul 11 2026 03:57:20)
ABC: abc 01> empty
ABC: abc 01> source <abc-temp-dir>/abc.script
ABC: + read_blif <abc-temp-dir>/input.blif 
ABC: + read_library <abc-temp-dir>/stdcells.genlib 
ABC: + strash 
ABC: + &get -n 
ABC: + &fraig -x 
ABC: + &put 
ABC: + scorr 
ABC: Warning: The network is combinational (run "fraig" or "fraig_sweep").
ABC: + dc2 
ABC: + dretime 
ABC: + strash 
ABC: + &get -n 
ABC: + &dch -f 
ABC: + &nf 
ABC: + &put 
ABC: + write_blif <abc-temp-dir>/output.blif 
ABC: 
ABC: YOSYS_ABC_DONE 

12.21.2.2. Re-integrating ABC results.
ABC RESULTS:               AND cells:       59
ABC RESULTS:               MUX cells:       58
ABC RESULTS:              NAND cells:        5
ABC RESULTS:               NOR cells:       68
ABC RESULTS:               NOT cells:        9
ABC RESULTS:                OR cells:       62
ABC RESULTS:             ORNOT cells:        1
ABC RESULTS:              XNOR cells:       90
ABC RESULTS:               XOR cells:       51
ABC RESULTS:        internal signals:      330
ABC RESULTS:           input signals:      131
ABC RESULTS:          output signals:       73
Removing temp directory.

12.21.3. Extracting gate netlist of module `$paramod$c9efeda027fc3d4256c20c1d70297742886506f1\descrambler_core' to `<abc-temp-dir>/input.blif'..

12.21.3.1. Executed ABC.
Extracted 196 gates and 275 wires to a netlist network with 77 inputs and 79 outputs.
Running ABC script: <abc-temp-dir>/abc.script
ABC: UC Berkeley, ABC 1.01 (compiled Jul 11 2026 03:57:20)
ABC: abc 01> empty
ABC: abc 01> source <abc-temp-dir>/abc.script
ABC: + read_blif <abc-temp-dir>/input.blif 
ABC: + read_library <abc-temp-dir>/stdcells.genlib 
ABC: + strash 
ABC: + &get -n 
ABC: + &fraig -x 
ABC: + &put 
ABC: + scorr 
ABC: Warning: The network is combinational (run "fraig" or "fraig_sweep").
ABC: + dc2 
ABC: + dretime 
ABC: + strash 
ABC: + &get -n 
ABC: + &dch -f 
ABC: + &nf 
ABC: + &put 
ABC: + write_blif <abc-temp-dir>/output.blif 
ABC: 
ABC: YOSYS_ABC_DONE 

12.21.3.2. Re-integrating ABC results.
ABC RESULTS:               AND cells:       19
ABC RESULTS:            ANDNOT cells:        3
ABC RESULTS:              NAND cells:        3
ABC RESULTS:               NOR cells:        2
ABC RESULTS:               NOT cells:        1
ABC RESULTS:                OR cells:       63
ABC RESULTS:             ORNOT cells:        1
ABC RESULTS:              XNOR cells:       66
ABC RESULTS:               XOR cells:       21
ABC RESULTS:        internal signals:      119
ABC RESULTS:           input signals:       77
ABC RESULTS:          output signals:       79
Removing temp directory.

12.21.4. Extracting gate netlist of module `$paramod$c9efeda027fc3d4256c20c1d70297742886506f1\scrambler_top' to `<abc-temp-dir>/input.blif'..

12.21.4.1. Executed ABC.
Extracted 693 gates and 950 wires to a netlist network with 256 inputs and 78 outputs.
Running ABC script: <abc-temp-dir>/abc.script
ABC: UC Berkeley, ABC 1.01 (compiled Jul 11 2026 03:57:20)
ABC: abc 01> empty
ABC: abc 01> source <abc-temp-dir>/abc.script
ABC: + read_blif <abc-temp-dir>/input.blif 
ABC: + read_library <abc-temp-dir>/stdcells.genlib 
ABC: + strash 
ABC: + &get -n 
ABC: + &fraig -x 
ABC: + &put 
ABC: + scorr 
ABC: Warning: The network is combinational (run "fraig" or "fraig_sweep").
ABC: + dc2 
ABC: + dretime 
ABC: + strash 
ABC: + &get -n 
ABC: + &dch -f 
ABC: + &nf 
ABC: + &put 
ABC: + write_blif <abc-temp-dir>/output.blif 
ABC: 
ABC: YOSYS_ABC_DONE 

12.21.4.2. Re-integrating ABC results.
ABC RESULTS:               AND cells:      282
ABC RESULTS:            ANDNOT cells:       14
ABC RESULTS:              NAND cells:      300
ABC RESULTS:               NOR cells:       40
ABC RESULTS:               NOT cells:        1
ABC RESULTS:                OR cells:        8
ABC RESULTS:             ORNOT cells:       16
ABC RESULTS:              XNOR cells:       14
ABC RESULTS:               XOR cells:        7
ABC RESULTS:        internal signals:      616
ABC RESULTS:           input signals:      256
ABC RESULTS:          output signals:       78
Removing temp directory.
Removing global temp directory.

12.22. Executing OPT pass (performing simple optimizations).

12.22.1. Executing OPT_EXPR pass (perform const folding).
Optimizing module scrambler_apb.
Optimizing module $paramod$c9efeda027fc3d4256c20c1d70297742886506f1\scrambler_core.
Optimizing module $paramod$c9efeda027fc3d4256c20c1d70297742886506f1\descrambler_core.
Optimizing module $paramod$c9efeda027fc3d4256c20c1d70297742886506f1\scrambler_top.

12.22.2. Executing OPT_MERGE pass (detect identical cells).
Finding identical cells in module `\scrambler_apb'.
Computing hashes of 3 cells of `\scrambler_apb'.
Finding duplicate cells in `\scrambler_apb'.
Finding identical cells in module `$paramod$c9efeda027fc3d4256c20c1d70297742886506f1\scrambler_core'.
Computing hashes of 473 cells of `$paramod$c9efeda027fc3d4256c20c1d70297742886506f1\scrambler_core'.
Finding duplicate cells in `$paramod$c9efeda027fc3d4256c20c1d70297742886506f1\scrambler_core'.
Finding identical cells in module `$paramod$c9efeda027fc3d4256c20c1d70297742886506f1\descrambler_core'.
Computing hashes of 254 cells of `$paramod$c9efeda027fc3d4256c20c1d70297742886506f1\descrambler_core'.
Finding duplicate cells in `$paramod$c9efeda027fc3d4256c20c1d70297742886506f1\descrambler_core'.
Finding identical cells in module `$paramod$c9efeda027fc3d4256c20c1d70297742886506f1\scrambler_top'.
Computing hashes of 780 cells of `$paramod$c9efeda027fc3d4256c20c1d70297742886506f1\scrambler_top'.
Finding duplicate cells in `$paramod$c9efeda027fc3d4256c20c1d70297742886506f1\scrambler_top'.
Removed a total of 0 cells.

12.22.3. Executing OPT_DFF pass (perform DFF optimizations).

12.22.4. Executing OPT_CLEAN pass (remove unused cells and wires).
Finding unused cells or wires in module \scrambler_apb..
Finding unused cells or wires in module $paramod$c9efeda027fc3d4256c20c1d70297742886506f1\scrambler_core..
Finding unused cells or wires in module $paramod$c9efeda027fc3d4256c20c1d70297742886506f1\descrambler_core..
Finding unused cells or wires in module $paramod$c9efeda027fc3d4256c20c1d70297742886506f1\scrambler_top..
Removed 0 unused cells and 1145 unused wires.
<suppressed ~14 debug messages>

12.22.5. Finished fast OPT passes.

12.23. Executing HIERARCHY pass (managing design hierarchy).
Attribute `top' found on module `scrambler_apb'. Setting top module to scrambler_apb.

12.23.1. Analyzing design hierarchy..
Top module:  \scrambler_apb
Used module:     $paramod$c9efeda027fc3d4256c20c1d70297742886506f1\scrambler_top
Used module:         $paramod$c9efeda027fc3d4256c20c1d70297742886506f1\descrambler_core
Used module:         $paramod$c9efeda027fc3d4256c20c1d70297742886506f1\scrambler_core

12.23.2. Analyzing design hierarchy..
Top module:  \scrambler_apb
Used module:     $paramod$c9efeda027fc3d4256c20c1d70297742886506f1\scrambler_top
Used module:         $paramod$c9efeda027fc3d4256c20c1d70297742886506f1\descrambler_core
Used module:         $paramod$c9efeda027fc3d4256c20c1d70297742886506f1\scrambler_core
Removed 0 unused modules.

12.24. Printing statistics.

=== scrambler_apb ===

        +----------Local Count, excluding submodules.
        | 
       20 wires
      172 wire bits
       19 public wires
      171 public wire bits
       15 ports
       98 port bits
        2 cells
        2   $_AND_
        1 submodules
        1   $paramod$c9efeda027fc3d4256c20c1d70297742886506f1\scrambler_top

=== $paramod$c9efeda027fc3d4256c20c1d70297742886506f1\scrambler_core ===

        +----------Local Count, excluding submodules.
        | 
      359 wires
      671 wire bits
       20 public wires
      268 public wire bits
       15 ports
      143 port bits
      473 cells
       59   $_AND_
        3   $_DFFE_PN0P_
       58   $_DFFE_PN1P_
        9   $_DFF_PN0_
       58   $_MUX_
        5   $_NAND_
       68   $_NOR_
        9   $_NOT_
        1   $_ORNOT_
       62   $_OR_
       90   $_XNOR_
       51   $_XOR_

=== $paramod$c9efeda027fc3d4256c20c1d70297742886506f1\descrambler_core ===

        +----------Local Count, excluding submodules.
        | 
      129 wires
      350 wire bits
       18 public wires
      171 public wire bits
       12 ports
       83 port bits
      254 cells
        3   $_ANDNOT_
       19   $_AND_
        8   $_DFFE_PN0P_
       58   $_DFFE_PN1P_
        9   $_DFF_PN0_
        3   $_NAND_
        2   $_NOR_
        1   $_NOT_
        1   $_ORNOT_
       63   $_OR_
       66   $_XNOR_
       21   $_XOR_

=== $paramod$c9efeda027fc3d4256c20c1d70297742886506f1\scrambler_top ===

        +----------Local Count, excluding submodules.
        | 
      663 wires
     1345 wire bits
       53 public wires
      720 public wire bits
       11 ports
       94 port bits
      778 cells
       14   $_ANDNOT_
      282   $_AND_
       36   $_DFFE_PN0P_
       58   $_DFFE_PN1P_
        2   $_DFF_PN0_
      300   $_NAND_
       40   $_NOR_
        1   $_NOT_
       16   $_ORNOT_
        8   $_OR_
       14   $_XNOR_
        7   $_XOR_
        2 submodules
        1   $paramod$c9efeda027fc3d4256c20c1d70297742886506f1\descrambler_core
        1   $paramod$c9efeda027fc3d4256c20c1d70297742886506f1\scrambler_core

=== design hierarchy ===

        +----------Count including submodules.
        | 
     1507 scrambler_apb
      778 $paramod$c9efeda027fc3d4256c20c1d70297742886506f1\scrambler_top
      254   $paramod$c9efeda027fc3d4256c20c1d70297742886506f1\descrambler_core
      473   $paramod$c9efeda027fc3d4256c20c1d70297742886506f1\scrambler_core

        +----------Count including submodules.
        | 
     1171 wires
     2538 wire bits
      110 public wires
     1330 public wire bits
       53 ports
      418 port bits
        - memories
        - memory bits
        - processes
     1507 cells
       17   $_ANDNOT_
      362   $_AND_
       47   $_DFFE_PN0P_
      174   $_DFFE_PN1P_
       20   $_DFF_PN0_
       58   $_MUX_
      308   $_NAND_
      110   $_NOR_
       11   $_NOT_
       18   $_ORNOT_
      133   $_OR_
      170   $_XNOR_
       79   $_XOR_
        1 submodules
        1   $paramod$c9efeda027fc3d4256c20c1d70297742886506f1\scrambler_top

12.25. Executing CHECK pass (checking for obvious problems).
Checking module scrambler_apb...
Checking module $paramod$c9efeda027fc3d4256c20c1d70297742886506f1\scrambler_core...
Checking module $paramod$c9efeda027fc3d4256c20c1d70297742886506f1\descrambler_core...
Checking module $paramod$c9efeda027fc3d4256c20c1d70297742886506f1\scrambler_top...
Found and reported 0 problems.

13. Executing FLATTEN pass (flatten design).
Deleting now unused module $paramod$c9efeda027fc3d4256c20c1d70297742886506f1\scrambler_core.
Deleting now unused module $paramod$c9efeda027fc3d4256c20c1d70297742886506f1\descrambler_core.
Deleting now unused module $paramod$c9efeda027fc3d4256c20c1d70297742886506f1\scrambler_top.
<suppressed ~3 debug messages>

14. Executing OPT pass (performing simple optimizations).

14.1. Executing OPT_EXPR pass (perform const folding).
Optimizing module scrambler_apb.
<suppressed ~2 debug messages>

14.2. Executing OPT_MERGE pass (detect identical cells).
Finding identical cells in module `\scrambler_apb'.
Computing hashes of 1510 cells of `\scrambler_apb'.
Finding duplicate cells in `\scrambler_apb'.
Computing hashes of 1500 cells of `\scrambler_apb'.
Finding duplicate cells in `\scrambler_apb'.
<suppressed ~30 debug messages>
Removed a total of 10 cells.

14.3. Executing OPT_MUXTREE pass (detect dead branches in mux trees).
Running muxtree optimizer on module \scrambler_apb..
  Creating internal representation of mux trees.
  No muxes found in this module.
Removed 0 multiplexer ports.

14.4. Executing OPT_REDUCE pass (consolidate $*mux and $reduce_* inputs).
  Optimizing cells in module \scrambler_apb.
Performed a total of 0 changes.

14.5. Executing OPT_MERGE pass (detect identical cells).
Finding identical cells in module `\scrambler_apb'.
Computing hashes of 1500 cells of `\scrambler_apb'.
Finding duplicate cells in `\scrambler_apb'.
Removed a total of 0 cells.

14.6. Executing OPT_SHARE pass.

14.7. Executing OPT_DFF pass (perform DFF optimizations).

14.8. Executing OPT_CLEAN pass (remove unused cells and wires).
Finding unused cells or wires in module \scrambler_apb..
Removed 0 unused cells and 10 unused wires.
<suppressed ~1 debug messages>

14.9. Executing OPT_EXPR pass (perform const folding).
Optimizing module scrambler_apb.

14.10. Rerunning OPT passes. (Maybe there is more to do..)

14.11. Executing OPT_MUXTREE pass (detect dead branches in mux trees).
Running muxtree optimizer on module \scrambler_apb..
  Creating internal representation of mux trees.
  No muxes found in this module.
Removed 0 multiplexer ports.

14.12. Executing OPT_REDUCE pass (consolidate $*mux and $reduce_* inputs).
  Optimizing cells in module \scrambler_apb.
Performed a total of 0 changes.

14.13. Executing OPT_MERGE pass (detect identical cells).
Finding identical cells in module `\scrambler_apb'.
Computing hashes of 1500 cells of `\scrambler_apb'.
Finding duplicate cells in `\scrambler_apb'.
Removed a total of 0 cells.

14.14. Executing OPT_SHARE pass.

14.15. Executing OPT_DFF pass (perform DFF optimizations).

14.16. Executing OPT_CLEAN pass (remove unused cells and wires).
Finding unused cells or wires in module \scrambler_apb..

14.17. Executing OPT_EXPR pass (perform const folding).
Optimizing module scrambler_apb.

14.18. Finished fast OPT passes. (There is nothing left to do.)

15. Executing TECHMAP pass (map to technology primitives).

15.1. Executing Verilog-2005 frontend: /mnt/c/Yosys/oss-cad-suite/lib/../share/yosys/techmap.v
Parsing Verilog input from `/mnt/c/Yosys/oss-cad-suite/lib/../share/yosys/techmap.v' to AST representation.
Generating RTLIL representation for module `\_90_simplemap_bool_ops'.
Generating RTLIL representation for module `\_90_simplemap_reduce_ops'.
Generating RTLIL representation for module `\_90_simplemap_logic_ops'.
Generating RTLIL representation for module `\_90_simplemap_compare_ops'.
Generating RTLIL representation for module `\_90_simplemap_various'.
Generating RTLIL representation for module `\_90_simplemap_registers'.
Generating RTLIL representation for module `\_90_shift_ops_shr_shl_sshl_sshr'.
Generating RTLIL representation for module `\_90_shift_shiftx'.
Generating RTLIL representation for module `\_90_fa'.
Generating RTLIL representation for module `\_90_lcu_brent_kung'.
Generating RTLIL representation for module `\_90_alu'.
Generating RTLIL representation for module `\_90_macc'.
Generating RTLIL representation for module `\_90_alumacc'.
Generating RTLIL representation for module `$__div_mod_u'.
Generating RTLIL representation for module `$__div_mod_trunc'.
Generating RTLIL representation for module `\_90_div'.
Generating RTLIL representation for module `\_90_mod'.
Generating RTLIL representation for module `$__div_mod_floor'.
Generating RTLIL representation for module `\_90_divfloor'.
Generating RTLIL representation for module `\_90_modfloor'.
Generating RTLIL representation for module `\_90_pow'.
Generating RTLIL representation for module `\_90_demux'.
Generating RTLIL representation for module `\_90_lut'.
Generating RTLIL representation for module `$connect'.
Generating RTLIL representation for module `$input_port'.
Successfully finished Verilog frontend.

15.2. Continuing TECHMAP pass.
No more expansions possible.
<suppressed ~77 debug messages>

16. Executing OPT pass (performing simple optimizations).

16.1. Executing OPT_EXPR pass (perform const folding).
Optimizing module scrambler_apb.

16.2. Executing OPT_MERGE pass (detect identical cells).
Finding identical cells in module `\scrambler_apb'.
Computing hashes of 1500 cells of `\scrambler_apb'.
Finding duplicate cells in `\scrambler_apb'.
Removed a total of 0 cells.

16.3. Executing OPT_MUXTREE pass (detect dead branches in mux trees).
Running muxtree optimizer on module \scrambler_apb..
  Creating internal representation of mux trees.
  No muxes found in this module.
Removed 0 multiplexer ports.

16.4. Executing OPT_REDUCE pass (consolidate $*mux and $reduce_* inputs).
  Optimizing cells in module \scrambler_apb.
Performed a total of 0 changes.

16.5. Executing OPT_MERGE pass (detect identical cells).
Finding identical cells in module `\scrambler_apb'.
Computing hashes of 1500 cells of `\scrambler_apb'.
Finding duplicate cells in `\scrambler_apb'.
Removed a total of 0 cells.

16.6. Executing OPT_SHARE pass.

16.7. Executing OPT_DFF pass (perform DFF optimizations).

16.8. Executing OPT_CLEAN pass (remove unused cells and wires).
Finding unused cells or wires in module \scrambler_apb..

16.9. Executing OPT_EXPR pass (perform const folding).
Optimizing module scrambler_apb.

16.10. Finished fast OPT passes. (There is nothing left to do.)

17. Executing ABC pass (technology mapping using ABC).

17.1. Extracting gate netlist of module `\scrambler_apb' to `<abc-temp-dir>/input.blif'..

17.1.1. Executed ABC.
Extracted 1256 gates and 1521 wires to a netlist network with 265 inputs and 214 outputs.
Running ABC script: <abc-temp-dir>/abc.script
ABC: UC Berkeley, ABC 1.01 (compiled Jul 11 2026 03:57:20)
ABC: abc 01> empty
ABC: abc 01> source <abc-temp-dir>/abc.script
ABC: + read_blif <abc-temp-dir>/input.blif 
ABC: + read_library <abc-temp-dir>/stdcells.genlib 
ABC: + strash 
ABC: + &get -n 
ABC: + &fraig -x 
ABC: + &put 
ABC: + scorr 
ABC: Warning: The network is combinational (run "fraig" or "fraig_sweep").
ABC: + dc2 
ABC: + dretime 
ABC: + strash 
ABC: + &get -n 
ABC: + &dch -f 
ABC: + &nf 
ABC: + &put 
ABC: + write_blif <abc-temp-dir>/output.blif 
ABC: 
ABC: YOSYS_ABC_DONE 

17.1.2. Re-integrating ABC results.
ABC RESULTS:               AND cells:      311
ABC RESULTS:               MUX cells:       58
ABC RESULTS:              NAND cells:      327
ABC RESULTS:               NOR cells:       96
ABC RESULTS:               NOT cells:       24
ABC RESULTS:                OR cells:      115
ABC RESULTS:              XNOR cells:      174
ABC RESULTS:               XOR cells:       79
ABC RESULTS:        internal signals:     1042
ABC RESULTS:           input signals:      265
ABC RESULTS:          output signals:      214
Removing temp directory.
Removing global temp directory.

18. Executing OPT_CLEAN pass (remove unused cells and wires).
Finding unused cells or wires in module \scrambler_apb..
Removed 0 unused cells and 1382 unused wires.
<suppressed ~26 debug messages>

19. Executing ASYNC2SYNC pass.
Replacing gate.$flatten\scrambler_top_inst.$auto$ff.cc:337:slice$1325 ($_DFFE_PN0P_): ARST=\rst_n, D=$abc$5626$flatten\scrambler_top_inst.$0\test_counter[15:0][15], Q=\scrambler_top_inst.test_counter [15]
Replacing gate.$flatten\scrambler_top_inst.$auto$ff.cc:337:slice$1259 ($_DFFE_PN1P_): ARST=\rst_n, D=\pwdata [15], Q=\scrambler_top_inst.seed_reg [47]
Replacing gate.$flatten\scrambler_top_inst.$auto$ff.cc:337:slice$1260 ($_DFFE_PN1P_): ARST=\rst_n, D=\pwdata [16], Q=\scrambler_top_inst.seed_reg [48]
Replacing gate.$flatten\scrambler_top_inst.$auto$ff.cc:337:slice$1261 ($_DFFE_PN1P_): ARST=\rst_n, D=\pwdata [17], Q=\scrambler_top_inst.seed_reg [49]
Replacing gate.$flatten\scrambler_top_inst.$auto$ff.cc:337:slice$1262 ($_DFFE_PN1P_): ARST=\rst_n, D=\pwdata [18], Q=\scrambler_top_inst.seed_reg [50]
Replacing gate.$flatten\scrambler_top_inst.$auto$ff.cc:337:slice$1267 ($_DFFE_PN1P_): ARST=\rst_n, D=\pwdata [23], Q=\scrambler_top_inst.seed_reg [55]
Replacing gate.$flatten\scrambler_top_inst.$auto$ff.cc:337:slice$1332 ($_DFF_PN0_): ARST=\rst_n, D=\scrambler_top_inst.mode [1], Q=\scrambler_top_inst.prev_mode [1]
Replacing gate.$flatten\scrambler_top_inst.$auto$ff.cc:337:slice$1268 ($_DFFE_PN1P_): ARST=\rst_n, D=\pwdata [24], Q=\scrambler_top_inst.seed_reg [56]
Replacing gate.$flatten\scrambler_top_inst.$auto$ff.cc:337:slice$1266 ($_DFFE_PN1P_): ARST=\rst_n, D=\pwdata [22], Q=\scrambler_top_inst.seed_reg [54]
Replacing gate.$flatten\scrambler_top_inst.$auto$ff.cc:337:slice$1272 ($_DFFE_PN1P_): ARST=\rst_n, D=\pwdata [0], Q=\scrambler_top_inst.seed_reg [0]
Replacing gate.$flatten\scrambler_top_inst.$auto$ff.cc:337:slice$1269 ($_DFFE_PN1P_): ARST=\rst_n, D=\pwdata [25], Q=\scrambler_top_inst.seed_reg [57]
Replacing gate.$flatten\scrambler_top_inst.$auto$ff.cc:337:slice$1273 ($_DFFE_PN1P_): ARST=\rst_n, D=\pwdata [1], Q=\scrambler_top_inst.seed_reg [1]
Replacing gate.$flatten\scrambler_top_inst.$auto$ff.cc:337:slice$1274 ($_DFFE_PN1P_): ARST=\rst_n, D=\pwdata [2], Q=\scrambler_top_inst.seed_reg [2]
Replacing gate.$flatten\scrambler_top_inst.$auto$ff.cc:337:slice$1275 ($_DFFE_PN1P_): ARST=\rst_n, D=\pwdata [3], Q=\scrambler_top_inst.seed_reg [3]
Replacing gate.$flatten\scrambler_top_inst.$auto$ff.cc:337:slice$1241 ($_DFFE_PN0P_): ARST=\rst_n, D=\pwdata [16], Q=\scrambler_top_inst.test_period [15]
Replacing gate.$flatten\scrambler_top_inst.$auto$ff.cc:337:slice$1276 ($_DFFE_PN1P_): ARST=\rst_n, D=\pwdata [4], Q=\scrambler_top_inst.seed_reg [4]
Replacing gate.$flatten\scrambler_top_inst.$auto$ff.cc:337:slice$1277 ($_DFFE_PN1P_): ARST=\rst_n, D=\pwdata [5], Q=\scrambler_top_inst.seed_reg [5]
Replacing gate.$flatten\scrambler_top_inst.$auto$ff.cc:337:slice$1278 ($_DFFE_PN1P_): ARST=\rst_n, D=\pwdata [6], Q=\scrambler_top_inst.seed_reg [6]
Replacing gate.$flatten\scrambler_top_inst.$auto$ff.cc:337:slice$1279 ($_DFFE_PN1P_): ARST=\rst_n, D=\pwdata [7], Q=\scrambler_top_inst.seed_reg [7]
Replacing gate.$flatten\scrambler_top_inst.$auto$ff.cc:337:slice$1280 ($_DFFE_PN1P_): ARST=\rst_n, D=\pwdata [8], Q=\scrambler_top_inst.seed_reg [8]
Replacing gate.$flatten\scrambler_top_inst.$auto$ff.cc:337:slice$1281 ($_DFFE_PN1P_): ARST=\rst_n, D=\pwdata [9], Q=\scrambler_top_inst.seed_reg [9]
Replacing gate.$flatten\scrambler_top_inst.$auto$ff.cc:337:slice$1282 ($_DFFE_PN1P_): ARST=\rst_n, D=\pwdata [10], Q=\scrambler_top_inst.seed_reg [10]
Replacing gate.$flatten\scrambler_top_inst.$auto$ff.cc:337:slice$1225 ($_DFFE_PN0P_): ARST=\rst_n, D=\pwdata [0], Q=\scrambler_top_inst.test_en
Replacing gate.$flatten\scrambler_top_inst.$auto$ff.cc:337:slice$1283 ($_DFFE_PN1P_): ARST=\rst_n, D=\pwdata [11], Q=\scrambler_top_inst.seed_reg [11]
Replacing gate.$flatten\scrambler_top_inst.$auto$ff.cc:337:slice$1307 ($_DFFE_PN0P_): ARST=\rst_n, D=\pwdata [1], Q=\scrambler_top_inst.mode [1]
Replacing gate.$flatten\scrambler_top_inst.$auto$ff.cc:337:slice$1284 ($_DFFE_PN1P_): ARST=\rst_n, D=\pwdata [12], Q=\scrambler_top_inst.seed_reg [12]
Replacing gate.$flatten\scrambler_top_inst.$auto$ff.cc:337:slice$1285 ($_DFFE_PN1P_): ARST=\rst_n, D=\pwdata [13], Q=\scrambler_top_inst.seed_reg [13]
Replacing gate.$flatten\scrambler_top_inst.$auto$ff.cc:337:slice$1286 ($_DFFE_PN1P_): ARST=\rst_n, D=\pwdata [14], Q=\scrambler_top_inst.seed_reg [14]
Replacing gate.$flatten\scrambler_top_inst.$auto$ff.cc:337:slice$1287 ($_DFFE_PN1P_): ARST=\rst_n, D=\pwdata [15], Q=\scrambler_top_inst.seed_reg [15]
Replacing gate.$flatten\scrambler_top_inst.$auto$ff.cc:337:slice$1288 ($_DFFE_PN1P_): ARST=\rst_n, D=\pwdata [16], Q=\scrambler_top_inst.seed_reg [16]
Replacing gate.$flatten\scrambler_top_inst.$auto$ff.cc:337:slice$1289 ($_DFFE_PN1P_): ARST=\rst_n, D=\pwdata [17], Q=\scrambler_top_inst.seed_reg [17]
Replacing gate.$flatten\scrambler_top_inst.$auto$ff.cc:337:slice$1290 ($_DFFE_PN1P_): ARST=\rst_n, D=\pwdata [18], Q=\scrambler_top_inst.seed_reg [18]
Replacing gate.$flatten\scrambler_top_inst.$auto$ff.cc:337:slice$1291 ($_DFFE_PN1P_): ARST=\rst_n, D=\pwdata [19], Q=\scrambler_top_inst.seed_reg [19]
Replacing gate.$flatten\scrambler_top_inst.$auto$ff.cc:337:slice$1292 ($_DFFE_PN1P_): ARST=\rst_n, D=\pwdata [20], Q=\scrambler_top_inst.seed_reg [20]
Replacing gate.$flatten\scrambler_top_inst.$auto$ff.cc:337:slice$1293 ($_DFFE_PN1P_): ARST=\rst_n, D=\pwdata [21], Q=\scrambler_top_inst.seed_reg [21]
Replacing gate.$flatten\scrambler_top_inst.$auto$ff.cc:337:slice$1294 ($_DFFE_PN1P_): ARST=\rst_n, D=\pwdata [22], Q=\scrambler_top_inst.seed_reg [22]
Replacing gate.$flatten\scrambler_top_inst.$auto$ff.cc:337:slice$1295 ($_DFFE_PN1P_): ARST=\rst_n, D=\pwdata [23], Q=\scrambler_top_inst.seed_reg [23]
Replacing gate.$flatten\scrambler_top_inst.$auto$ff.cc:337:slice$1296 ($_DFFE_PN1P_): ARST=\rst_n, D=\pwdata [24], Q=\scrambler_top_inst.seed_reg [24]
Replacing gate.$flatten\scrambler_top_inst.$auto$ff.cc:337:slice$1297 ($_DFFE_PN1P_): ARST=\rst_n, D=\pwdata [25], Q=\scrambler_top_inst.seed_reg [25]
Replacing gate.$flatten\scrambler_top_inst.$auto$ff.cc:337:slice$1298 ($_DFFE_PN1P_): ARST=\rst_n, D=\pwdata [26], Q=\scrambler_top_inst.seed_reg [26]
Replacing gate.$flatten\scrambler_top_inst.$auto$ff.cc:337:slice$1299 ($_DFFE_PN1P_): ARST=\rst_n, D=\pwdata [27], Q=\scrambler_top_inst.seed_reg [27]
Replacing gate.$flatten\scrambler_top_inst.$auto$ff.cc:337:slice$1300 ($_DFFE_PN1P_): ARST=\rst_n, D=\pwdata [28], Q=\scrambler_top_inst.seed_reg [28]
Replacing gate.$flatten\scrambler_top_inst.$auto$ff.cc:337:slice$1301 ($_DFFE_PN1P_): ARST=\rst_n, D=\pwdata [29], Q=\scrambler_top_inst.seed_reg [29]
Replacing gate.$flatten\scrambler_top_inst.$auto$ff.cc:337:slice$1302 ($_DFFE_PN1P_): ARST=\rst_n, D=\pwdata [30], Q=\scrambler_top_inst.seed_reg [30]
Replacing gate.$flatten\scrambler_top_inst.$auto$ff.cc:337:slice$1306 ($_DFFE_PN0P_): ARST=\rst_n, D=\pwdata [0], Q=\scrambler_top_inst.mode [0]
Replacing gate.$flatten\scrambler_top_inst.$auto$ff.cc:337:slice$1303 ($_DFFE_PN1P_): ARST=\rst_n, D=\pwdata [31], Q=\scrambler_top_inst.seed_reg [31]
Replacing gate.$flatten\scrambler_top_inst.$auto$ff.cc:337:slice$1310 ($_DFFE_PN0P_): ARST=\rst_n, D=$abc$5626$flatten\scrambler_top_inst.$0\test_counter[15:0][0], Q=\scrambler_top_inst.test_counter [0]
Replacing gate.$flatten\scrambler_top_inst.$auto$ff.cc:337:slice$1311 ($_DFFE_PN0P_): ARST=\rst_n, D=$abc$5626$flatten\scrambler_top_inst.$0\test_counter[15:0][1], Q=\scrambler_top_inst.test_counter [1]
Replacing gate.$flatten\scrambler_top_inst.$auto$ff.cc:337:slice$1312 ($_DFFE_PN0P_): ARST=\rst_n, D=$abc$5626$flatten\scrambler_top_inst.$0\test_counter[15:0][2], Q=\scrambler_top_inst.test_counter [2]
Replacing gate.$flatten\scrambler_top_inst.$auto$ff.cc:337:slice$1313 ($_DFFE_PN0P_): ARST=\rst_n, D=$abc$5626$flatten\scrambler_top_inst.$0\test_counter[15:0][3], Q=\scrambler_top_inst.test_counter [3]
Replacing gate.$flatten\scrambler_top_inst.$auto$ff.cc:337:slice$1314 ($_DFFE_PN0P_): ARST=\rst_n, D=$abc$5626$flatten\scrambler_top_inst.$0\test_counter[15:0][4], Q=\scrambler_top_inst.test_counter [4]
Replacing gate.$flatten\scrambler_top_inst.$auto$ff.cc:337:slice$1315 ($_DFFE_PN0P_): ARST=\rst_n, D=$abc$5626$flatten\scrambler_top_inst.$0\test_counter[15:0][5], Q=\scrambler_top_inst.test_counter [5]
Replacing gate.$flatten\scrambler_top_inst.$auto$ff.cc:337:slice$1316 ($_DFFE_PN0P_): ARST=\rst_n, D=$abc$5626$flatten\scrambler_top_inst.$0\test_counter[15:0][6], Q=\scrambler_top_inst.test_counter [6]
Replacing gate.$flatten\scrambler_top_inst.$auto$ff.cc:337:slice$1317 ($_DFFE_PN0P_): ARST=\rst_n, D=$abc$5626$flatten\scrambler_top_inst.$0\test_counter[15:0][7], Q=\scrambler_top_inst.test_counter [7]
Replacing gate.$flatten\scrambler_top_inst.$auto$ff.cc:337:slice$1318 ($_DFFE_PN0P_): ARST=\rst_n, D=$abc$5626$flatten\scrambler_top_inst.$0\test_counter[15:0][8], Q=\scrambler_top_inst.test_counter [8]
Replacing gate.$flatten\scrambler_top_inst.$auto$ff.cc:337:slice$1319 ($_DFFE_PN0P_): ARST=\rst_n, D=$abc$5626$flatten\scrambler_top_inst.$0\test_counter[15:0][9], Q=\scrambler_top_inst.test_counter [9]
Replacing gate.$flatten\scrambler_top_inst.$auto$ff.cc:337:slice$1320 ($_DFFE_PN0P_): ARST=\rst_n, D=$abc$5626$flatten\scrambler_top_inst.$0\test_counter[15:0][10], Q=\scrambler_top_inst.test_counter [10]
Replacing gate.$flatten\scrambler_top_inst.$auto$ff.cc:337:slice$1321 ($_DFFE_PN0P_): ARST=\rst_n, D=$abc$5626$flatten\scrambler_top_inst.$0\test_counter[15:0][11], Q=\scrambler_top_inst.test_counter [11]
Replacing gate.$flatten\scrambler_top_inst.$auto$ff.cc:337:slice$1322 ($_DFFE_PN0P_): ARST=\rst_n, D=$abc$5626$flatten\scrambler_top_inst.$0\test_counter[15:0][12], Q=\scrambler_top_inst.test_counter [12]
Replacing gate.$flatten\scrambler_top_inst.$auto$ff.cc:337:slice$1323 ($_DFFE_PN0P_): ARST=\rst_n, D=$abc$5626$flatten\scrambler_top_inst.$0\test_counter[15:0][13], Q=\scrambler_top_inst.test_counter [13]
Replacing gate.$flatten\scrambler_top_inst.$auto$ff.cc:337:slice$1324 ($_DFFE_PN0P_): ARST=\rst_n, D=$abc$5626$flatten\scrambler_top_inst.$0\test_counter[15:0][14], Q=\scrambler_top_inst.test_counter [14]
Replacing gate.$flatten\scrambler_top_inst.$auto$ff.cc:337:slice$1331 ($_DFF_PN0_): ARST=\rst_n, D=\scrambler_top_inst.mode [0], Q=\scrambler_top_inst.prev_mode [0]
Replacing gate.$flatten\scrambler_top_inst.$auto$ff.cc:337:slice$1226 ($_DFFE_PN0P_): ARST=\rst_n, D=\pwdata [1], Q=\scrambler_top_inst.test_period [0]
Replacing gate.$flatten\scrambler_top_inst.$auto$ff.cc:337:slice$1227 ($_DFFE_PN0P_): ARST=\rst_n, D=\pwdata [2], Q=\scrambler_top_inst.test_period [1]
Replacing gate.$flatten\scrambler_top_inst.$auto$ff.cc:337:slice$1228 ($_DFFE_PN0P_): ARST=\rst_n, D=\pwdata [3], Q=\scrambler_top_inst.test_period [2]
Replacing gate.$flatten\scrambler_top_inst.$auto$ff.cc:337:slice$1229 ($_DFFE_PN0P_): ARST=\rst_n, D=\pwdata [4], Q=\scrambler_top_inst.test_period [3]
Replacing gate.$flatten\scrambler_top_inst.$auto$ff.cc:337:slice$1230 ($_DFFE_PN0P_): ARST=\rst_n, D=\pwdata [5], Q=\scrambler_top_inst.test_period [4]
Replacing gate.$flatten\scrambler_top_inst.$auto$ff.cc:337:slice$1231 ($_DFFE_PN0P_): ARST=\rst_n, D=\pwdata [6], Q=\scrambler_top_inst.test_period [5]
Replacing gate.$flatten\scrambler_top_inst.$auto$ff.cc:337:slice$1232 ($_DFFE_PN0P_): ARST=\rst_n, D=\pwdata [7], Q=\scrambler_top_inst.test_period [6]
Replacing gate.$flatten\scrambler_top_inst.$auto$ff.cc:337:slice$1233 ($_DFFE_PN0P_): ARST=\rst_n, D=\pwdata [8], Q=\scrambler_top_inst.test_period [7]
Replacing gate.$flatten\scrambler_top_inst.$auto$ff.cc:337:slice$1234 ($_DFFE_PN0P_): ARST=\rst_n, D=\pwdata [9], Q=\scrambler_top_inst.test_period [8]
Replacing gate.$flatten\scrambler_top_inst.$auto$ff.cc:337:slice$1235 ($_DFFE_PN0P_): ARST=\rst_n, D=\pwdata [10], Q=\scrambler_top_inst.test_period [9]
Replacing gate.$flatten\scrambler_top_inst.$auto$ff.cc:337:slice$1236 ($_DFFE_PN0P_): ARST=\rst_n, D=\pwdata [11], Q=\scrambler_top_inst.test_period [10]
Replacing gate.$flatten\scrambler_top_inst.$auto$ff.cc:337:slice$1237 ($_DFFE_PN0P_): ARST=\rst_n, D=\pwdata [12], Q=\scrambler_top_inst.test_period [11]
Replacing gate.$flatten\scrambler_top_inst.$auto$ff.cc:337:slice$1238 ($_DFFE_PN0P_): ARST=\rst_n, D=\pwdata [13], Q=\scrambler_top_inst.test_period [12]
Replacing gate.$flatten\scrambler_top_inst.$auto$ff.cc:337:slice$1239 ($_DFFE_PN0P_): ARST=\rst_n, D=\pwdata [14], Q=\scrambler_top_inst.test_period [13]
Replacing gate.$flatten\scrambler_top_inst.$auto$ff.cc:337:slice$1240 ($_DFFE_PN0P_): ARST=\rst_n, D=\pwdata [15], Q=\scrambler_top_inst.test_period [14]
Replacing gate.$flatten\scrambler_top_inst.\scrambler.$auto$ff.cc:337:slice$3750 ($_DFFE_PN0P_): ARST=\rst_n, D=$abc$5626$flatten\scrambler_top_inst.\scrambler.$0\state_parity[0:0], Q=\scrambler_top_inst.scrambler.state_parity
Replacing gate.$flatten\scrambler_top_inst.$auto$ff.cc:337:slice$1244 ($_DFFE_PN1P_): ARST=\rst_n, D=\pwdata [0], Q=\scrambler_top_inst.seed_reg [32]
Replacing gate.$flatten\scrambler_top_inst.$auto$ff.cc:337:slice$1245 ($_DFFE_PN1P_): ARST=\rst_n, D=\pwdata [1], Q=\scrambler_top_inst.seed_reg [33]
Replacing gate.$flatten\scrambler_top_inst.$auto$ff.cc:337:slice$1246 ($_DFFE_PN1P_): ARST=\rst_n, D=\pwdata [2], Q=\scrambler_top_inst.seed_reg [34]
Replacing gate.$flatten\scrambler_top_inst.$auto$ff.cc:337:slice$1247 ($_DFFE_PN1P_): ARST=\rst_n, D=\pwdata [3], Q=\scrambler_top_inst.seed_reg [35]
Replacing gate.$flatten\scrambler_top_inst.$auto$ff.cc:337:slice$1248 ($_DFFE_PN1P_): ARST=\rst_n, D=\pwdata [4], Q=\scrambler_top_inst.seed_reg [36]
Replacing gate.$flatten\scrambler_top_inst.$auto$ff.cc:337:slice$1249 ($_DFFE_PN1P_): ARST=\rst_n, D=\pwdata [5], Q=\scrambler_top_inst.seed_reg [37]
Replacing gate.$flatten\scrambler_top_inst.\scrambler.$auto$ff.cc:337:slice$3717 ($_DFFE_PN1P_): ARST=\rst_n, D=$abc$5626$flatten\scrambler_top_inst.\scrambler.$0\state[57:0][28], Q=\scrambler_top_inst.scrambler.state [28]
Replacing gate.$flatten\scrambler_top_inst.\scrambler.$auto$ff.cc:337:slice$3716 ($_DFFE_PN1P_): ARST=\rst_n, D=$abc$5626$flatten\scrambler_top_inst.\scrambler.$0\state[57:0][27], Q=\scrambler_top_inst.scrambler.state [27]
Replacing gate.$flatten\scrambler_top_inst.\scrambler.$auto$ff.cc:337:slice$3715 ($_DFFE_PN1P_): ARST=\rst_n, D=$abc$5626$flatten\scrambler_top_inst.\scrambler.$0\state[57:0][26], Q=\scrambler_top_inst.scrambler.state [26]
Replacing gate.$flatten\scrambler_top_inst.\scrambler.$auto$ff.cc:337:slice$3714 ($_DFFE_PN1P_): ARST=\rst_n, D=$abc$5626$flatten\scrambler_top_inst.\scrambler.$0\state[57:0][25], Q=\scrambler_top_inst.scrambler.state [25]
Replacing gate.$flatten\scrambler_top_inst.\scrambler.$auto$ff.cc:337:slice$3713 ($_DFFE_PN1P_): ARST=\rst_n, D=$abc$5626$flatten\scrambler_top_inst.\scrambler.$0\state[57:0][24], Q=\scrambler_top_inst.scrambler.state [24]
Replacing gate.$flatten\scrambler_top_inst.\scrambler.$auto$ff.cc:337:slice$3712 ($_DFFE_PN1P_): ARST=\rst_n, D=$abc$5626$flatten\scrambler_top_inst.\scrambler.$0\state[57:0][23], Q=\scrambler_top_inst.scrambler.state [23]
Replacing gate.$flatten\scrambler_top_inst.\scrambler.$auto$ff.cc:337:slice$3711 ($_DFFE_PN1P_): ARST=\rst_n, D=$abc$5626$flatten\scrambler_top_inst.\scrambler.$0\state[57:0][22], Q=\scrambler_top_inst.scrambler.state [22]
Replacing gate.$flatten\scrambler_top_inst.\scrambler.$auto$ff.cc:337:slice$3710 ($_DFFE_PN1P_): ARST=\rst_n, D=$abc$5626$flatten\scrambler_top_inst.\scrambler.$0\state[57:0][21], Q=\scrambler_top_inst.scrambler.state [21]
Replacing gate.$flatten\scrambler_top_inst.\scrambler.$auto$ff.cc:337:slice$3709 ($_DFFE_PN1P_): ARST=\rst_n, D=$abc$5626$flatten\scrambler_top_inst.\scrambler.$0\state[57:0][20], Q=\scrambler_top_inst.scrambler.state [20]
Replacing gate.$flatten\scrambler_top_inst.\scrambler.$auto$ff.cc:337:slice$3708 ($_DFFE_PN1P_): ARST=\rst_n, D=$abc$5626$flatten\scrambler_top_inst.\scrambler.$0\state[57:0][19], Q=\scrambler_top_inst.scrambler.state [19]
Replacing gate.$flatten\scrambler_top_inst.\scrambler.$auto$ff.cc:337:slice$3707 ($_DFFE_PN1P_): ARST=\rst_n, D=$abc$5626$flatten\scrambler_top_inst.\scrambler.$0\state[57:0][18], Q=\scrambler_top_inst.scrambler.state [18]
Replacing gate.$flatten\scrambler_top_inst.\scrambler.$auto$ff.cc:337:slice$3706 ($_DFFE_PN1P_): ARST=\rst_n, D=$abc$5626$flatten\scrambler_top_inst.\scrambler.$0\state[57:0][17], Q=\scrambler_top_inst.scrambler.state [17]
Replacing gate.$flatten\scrambler_top_inst.\scrambler.$auto$ff.cc:337:slice$3705 ($_DFFE_PN1P_): ARST=\rst_n, D=$abc$5626$flatten\scrambler_top_inst.\scrambler.$0\state[57:0][16], Q=\scrambler_top_inst.scrambler.state [16]
Replacing gate.$flatten\scrambler_top_inst.\scrambler.$auto$ff.cc:337:slice$3704 ($_DFFE_PN1P_): ARST=\rst_n, D=$abc$5626$flatten\scrambler_top_inst.\scrambler.$0\state[57:0][15], Q=\scrambler_top_inst.scrambler.state [15]
Replacing gate.$flatten\scrambler_top_inst.\scrambler.$auto$ff.cc:337:slice$3703 ($_DFFE_PN1P_): ARST=\rst_n, D=$abc$5626$flatten\scrambler_top_inst.\scrambler.$0\state[57:0][14], Q=\scrambler_top_inst.scrambler.state [14]
Replacing gate.$flatten\scrambler_top_inst.\scrambler.$auto$ff.cc:337:slice$3702 ($_DFFE_PN1P_): ARST=\rst_n, D=$abc$5626$flatten\scrambler_top_inst.\scrambler.$0\state[57:0][13], Q=\scrambler_top_inst.scrambler.state [13]
Replacing gate.$flatten\scrambler_top_inst.\scrambler.$auto$ff.cc:337:slice$3701 ($_DFFE_PN1P_): ARST=\rst_n, D=$abc$5626$flatten\scrambler_top_inst.\scrambler.$0\state[57:0][12], Q=\scrambler_top_inst.scrambler.state [12]
Replacing gate.$flatten\scrambler_top_inst.\scrambler.$auto$ff.cc:337:slice$3700 ($_DFFE_PN1P_): ARST=\rst_n, D=$abc$5626$flatten\scrambler_top_inst.\scrambler.$0\state[57:0][11], Q=\scrambler_top_inst.scrambler.state [11]
Replacing gate.$flatten\scrambler_top_inst.\scrambler.$auto$ff.cc:337:slice$3699 ($_DFFE_PN1P_): ARST=\rst_n, D=$abc$5626$flatten\scrambler_top_inst.\scrambler.$0\state[57:0][10], Q=\scrambler_top_inst.scrambler.state [10]
Replacing gate.$flatten\scrambler_top_inst.\scrambler.$auto$ff.cc:337:slice$3698 ($_DFFE_PN1P_): ARST=\rst_n, D=$abc$5626$flatten\scrambler_top_inst.\scrambler.$0\state[57:0][9], Q=\scrambler_top_inst.scrambler.state [9]
Replacing gate.$flatten\scrambler_top_inst.\scrambler.$auto$ff.cc:337:slice$3697 ($_DFFE_PN1P_): ARST=\rst_n, D=$abc$5626$flatten\scrambler_top_inst.\scrambler.$0\state[57:0][8], Q=\scrambler_top_inst.scrambler.state [8]
Replacing gate.$flatten\scrambler_top_inst.\scrambler.$auto$ff.cc:337:slice$3696 ($_DFFE_PN1P_): ARST=\rst_n, D=$abc$5626$flatten\scrambler_top_inst.\scrambler.$0\state[57:0][7], Q=\scrambler_top_inst.scrambler.state [7]
Replacing gate.$flatten\scrambler_top_inst.\scrambler.$auto$ff.cc:337:slice$3695 ($_DFFE_PN1P_): ARST=\rst_n, D=$abc$5626$flatten\scrambler_top_inst.\scrambler.$0\state[57:0][6], Q=\scrambler_top_inst.scrambler.state [6]
Replacing gate.$flatten\scrambler_top_inst.\scrambler.$auto$ff.cc:337:slice$3694 ($_DFFE_PN1P_): ARST=\rst_n, D=$abc$5626$flatten\scrambler_top_inst.\scrambler.$0\state[57:0][5], Q=\scrambler_top_inst.scrambler.state [5]
Replacing gate.$flatten\scrambler_top_inst.\scrambler.$auto$ff.cc:337:slice$3693 ($_DFFE_PN1P_): ARST=\rst_n, D=$abc$5626$flatten\scrambler_top_inst.\scrambler.$0\state[57:0][4], Q=\scrambler_top_inst.scrambler.state [4]
Replacing gate.$flatten\scrambler_top_inst.\scrambler.$auto$ff.cc:337:slice$3692 ($_DFFE_PN1P_): ARST=\rst_n, D=$abc$5626$flatten\scrambler_top_inst.\scrambler.$0\state[57:0][3], Q=\scrambler_top_inst.scrambler.state [3]
Replacing gate.$flatten\scrambler_top_inst.\scrambler.$auto$ff.cc:337:slice$3691 ($_DFFE_PN1P_): ARST=\rst_n, D=$abc$5626$flatten\scrambler_top_inst.\scrambler.$0\state[57:0][2], Q=\scrambler_top_inst.scrambler.state [2]
Replacing gate.$flatten\scrambler_top_inst.\scrambler.$auto$ff.cc:337:slice$3690 ($_DFFE_PN1P_): ARST=\rst_n, D=$abc$5626$flatten\scrambler_top_inst.\scrambler.$0\state[57:0][1], Q=\scrambler_top_inst.scrambler.state [1]
Replacing gate.$flatten\scrambler_top_inst.\scrambler.$auto$ff.cc:337:slice$3689 ($_DFFE_PN1P_): ARST=\rst_n, D=$abc$5626$flatten\scrambler_top_inst.\scrambler.$0\state[57:0][0], Q=\scrambler_top_inst.scrambler.state [0]
Replacing gate.$flatten\scrambler_top_inst.\scrambler.$auto$ff.cc:337:slice$3757 ($_DFF_PN0_): ARST=\rst_n, D=$abc$5626$flatten\scrambler_top_inst.\scrambler.$0\dout_tmp[7:0][6], Q=\scrambler_top_inst.scrambler.dout_tmp [6]
Replacing gate.$flatten\scrambler_top_inst.\scrambler.$auto$ff.cc:337:slice$3756 ($_DFF_PN0_): ARST=\rst_n, D=$abc$5626$flatten\scrambler_top_inst.\scrambler.$0\dout_tmp[7:0][5], Q=\scrambler_top_inst.scrambler.dout_tmp [5]
Replacing gate.$flatten\scrambler_top_inst.\scrambler.$auto$ff.cc:337:slice$3755 ($_DFF_PN0_): ARST=\rst_n, D=$abc$5626$flatten\scrambler_top_inst.\scrambler.$0\dout_tmp[7:0][4], Q=\scrambler_top_inst.scrambler.dout_tmp [4]
Replacing gate.$flatten\scrambler_top_inst.\scrambler.$auto$ff.cc:337:slice$3754 ($_DFF_PN0_): ARST=\rst_n, D=$abc$5626$flatten\scrambler_top_inst.\scrambler.$0\dout_tmp[7:0][3], Q=\scrambler_top_inst.scrambler.dout_tmp [3]
Replacing gate.$flatten\scrambler_top_inst.\scrambler.$auto$ff.cc:337:slice$3753 ($_DFF_PN0_): ARST=\rst_n, D=$abc$5626$flatten\scrambler_top_inst.\scrambler.$0\dout_tmp[7:0][2], Q=\scrambler_top_inst.scrambler.dout_tmp [2]
Replacing gate.$flatten\scrambler_top_inst.\scrambler.$auto$ff.cc:337:slice$3752 ($_DFF_PN0_): ARST=\rst_n, D=$abc$5626$flatten\scrambler_top_inst.\scrambler.$0\dout_tmp[7:0][1], Q=\scrambler_top_inst.scrambler.dout_tmp [1]
Replacing gate.$flatten\scrambler_top_inst.\scrambler.$auto$ff.cc:337:slice$3751 ($_DFF_PN0_): ARST=\rst_n, D=$abc$5626$flatten\scrambler_top_inst.\scrambler.$0\dout_tmp[7:0][0], Q=\scrambler_top_inst.scrambler.dout_tmp [0]
Replacing gate.$flatten\scrambler_top_inst.\scrambler.$auto$ff.cc:337:slice$3745 ($_DFFE_PN1P_): ARST=\rst_n, D=$abc$5626$flatten\scrambler_top_inst.\scrambler.$0\state[57:0][56], Q=\scrambler_top_inst.scrambler.state [56]
Replacing gate.$flatten\scrambler_top_inst.\scrambler.$auto$ff.cc:337:slice$3744 ($_DFFE_PN1P_): ARST=\rst_n, D=$abc$5626$flatten\scrambler_top_inst.\scrambler.$0\state[57:0][55], Q=\scrambler_top_inst.scrambler.state [55]
Replacing gate.$flatten\scrambler_top_inst.\scrambler.$auto$ff.cc:337:slice$3684 ($_DFFE_PN0P_): ARST=\rst_n, D=$abc$5626$flatten\scrambler_top_inst.\scrambler.$0\parity_err[0:0], Q=\scrambler_top_inst.scrambler.parity_err
Replacing gate.$flatten\scrambler_top_inst.\scrambler.$auto$ff.cc:337:slice$3743 ($_DFFE_PN1P_): ARST=\rst_n, D=$abc$5626$flatten\scrambler_top_inst.\scrambler.$0\state[57:0][54], Q=\scrambler_top_inst.scrambler.state [54]
Replacing gate.$flatten\scrambler_top_inst.\scrambler.$auto$ff.cc:337:slice$3742 ($_DFFE_PN1P_): ARST=\rst_n, D=$abc$5626$flatten\scrambler_top_inst.\scrambler.$0\state[57:0][53], Q=\scrambler_top_inst.scrambler.state [53]
Replacing gate.$flatten\scrambler_top_inst.\scrambler.$auto$ff.cc:337:slice$3741 ($_DFFE_PN1P_): ARST=\rst_n, D=$abc$5626$flatten\scrambler_top_inst.\scrambler.$0\state[57:0][52], Q=\scrambler_top_inst.scrambler.state [52]
Replacing gate.$flatten\scrambler_top_inst.\scrambler.$auto$ff.cc:337:slice$3740 ($_DFFE_PN1P_): ARST=\rst_n, D=$abc$5626$flatten\scrambler_top_inst.\scrambler.$0\state[57:0][51], Q=\scrambler_top_inst.scrambler.state [51]
Replacing gate.$flatten\scrambler_top_inst.\scrambler.$auto$ff.cc:337:slice$3739 ($_DFFE_PN1P_): ARST=\rst_n, D=$abc$5626$flatten\scrambler_top_inst.\scrambler.$0\state[57:0][50], Q=\scrambler_top_inst.scrambler.state [50]
Replacing gate.$flatten\scrambler_top_inst.\scrambler.$auto$ff.cc:337:slice$3738 ($_DFFE_PN1P_): ARST=\rst_n, D=$abc$5626$flatten\scrambler_top_inst.\scrambler.$0\state[57:0][49], Q=\scrambler_top_inst.scrambler.state [49]
Replacing gate.$flatten\scrambler_top_inst.\scrambler.$auto$ff.cc:337:slice$3737 ($_DFFE_PN1P_): ARST=\rst_n, D=$abc$5626$flatten\scrambler_top_inst.\scrambler.$0\state[57:0][48], Q=\scrambler_top_inst.scrambler.state [48]
Replacing gate.$flatten\scrambler_top_inst.\scrambler.$auto$ff.cc:337:slice$3736 ($_DFFE_PN1P_): ARST=\rst_n, D=$abc$5626$flatten\scrambler_top_inst.\scrambler.$0\state[57:0][47], Q=\scrambler_top_inst.scrambler.state [47]
Replacing gate.$flatten\scrambler_top_inst.\scrambler.$auto$ff.cc:337:slice$3735 ($_DFFE_PN1P_): ARST=\rst_n, D=$abc$5626$flatten\scrambler_top_inst.\scrambler.$0\state[57:0][46], Q=\scrambler_top_inst.scrambler.state [46]
Replacing gate.$flatten\scrambler_top_inst.\scrambler.$auto$ff.cc:337:slice$3734 ($_DFFE_PN1P_): ARST=\rst_n, D=$abc$5626$flatten\scrambler_top_inst.\scrambler.$0\state[57:0][45], Q=\scrambler_top_inst.scrambler.state [45]
Replacing gate.$flatten\scrambler_top_inst.\scrambler.$auto$ff.cc:337:slice$3733 ($_DFFE_PN1P_): ARST=\rst_n, D=$abc$5626$flatten\scrambler_top_inst.\scrambler.$0\state[57:0][44], Q=\scrambler_top_inst.scrambler.state [44]
Replacing gate.$flatten\scrambler_top_inst.\scrambler.$auto$ff.cc:337:slice$3732 ($_DFFE_PN1P_): ARST=\rst_n, D=$abc$5626$flatten\scrambler_top_inst.\scrambler.$0\state[57:0][43], Q=\scrambler_top_inst.scrambler.state [43]
Replacing gate.$flatten\scrambler_top_inst.\scrambler.$auto$ff.cc:337:slice$3731 ($_DFFE_PN1P_): ARST=\rst_n, D=$abc$5626$flatten\scrambler_top_inst.\scrambler.$0\state[57:0][42], Q=\scrambler_top_inst.scrambler.state [42]
Replacing gate.$flatten\scrambler_top_inst.\scrambler.$auto$ff.cc:337:slice$3730 ($_DFFE_PN1P_): ARST=\rst_n, D=$abc$5626$flatten\scrambler_top_inst.\scrambler.$0\state[57:0][41], Q=\scrambler_top_inst.scrambler.state [41]
Replacing gate.$flatten\scrambler_top_inst.\scrambler.$auto$ff.cc:337:slice$3729 ($_DFFE_PN1P_): ARST=\rst_n, D=$abc$5626$flatten\scrambler_top_inst.\scrambler.$0\state[57:0][40], Q=\scrambler_top_inst.scrambler.state [40]
Replacing gate.$flatten\scrambler_top_inst.\scrambler.$auto$ff.cc:337:slice$3728 ($_DFFE_PN1P_): ARST=\rst_n, D=$abc$5626$flatten\scrambler_top_inst.\scrambler.$0\state[57:0][39], Q=\scrambler_top_inst.scrambler.state [39]
Replacing gate.$flatten\scrambler_top_inst.\scrambler.$auto$ff.cc:337:slice$3727 ($_DFFE_PN1P_): ARST=\rst_n, D=$abc$5626$flatten\scrambler_top_inst.\scrambler.$0\state[57:0][38], Q=\scrambler_top_inst.scrambler.state [38]
Replacing gate.$flatten\scrambler_top_inst.\scrambler.$auto$ff.cc:337:slice$3726 ($_DFFE_PN1P_): ARST=\rst_n, D=$abc$5626$flatten\scrambler_top_inst.\scrambler.$0\state[57:0][37], Q=\scrambler_top_inst.scrambler.state [37]
Replacing gate.$flatten\scrambler_top_inst.\scrambler.$auto$ff.cc:337:slice$3725 ($_DFFE_PN1P_): ARST=\rst_n, D=$abc$5626$flatten\scrambler_top_inst.\scrambler.$0\state[57:0][36], Q=\scrambler_top_inst.scrambler.state [36]
Replacing gate.$flatten\scrambler_top_inst.\scrambler.$auto$ff.cc:337:slice$3724 ($_DFFE_PN1P_): ARST=\rst_n, D=$abc$5626$flatten\scrambler_top_inst.\scrambler.$0\state[57:0][35], Q=\scrambler_top_inst.scrambler.state [35]
Replacing gate.$flatten\scrambler_top_inst.\scrambler.$auto$ff.cc:337:slice$3723 ($_DFFE_PN1P_): ARST=\rst_n, D=$abc$5626$flatten\scrambler_top_inst.\scrambler.$0\state[57:0][34], Q=\scrambler_top_inst.scrambler.state [34]
Replacing gate.$flatten\scrambler_top_inst.\scrambler.$auto$ff.cc:337:slice$3746 ($_DFFE_PN1P_): ARST=\rst_n, D=$abc$5626$flatten\scrambler_top_inst.\scrambler.$0\state[57:0][57], Q=\scrambler_top_inst.scrambler.state [57]
Replacing gate.$flatten\scrambler_top_inst.\scrambler.$auto$ff.cc:337:slice$3722 ($_DFFE_PN1P_): ARST=\rst_n, D=$abc$5626$flatten\scrambler_top_inst.\scrambler.$0\state[57:0][33], Q=\scrambler_top_inst.scrambler.state [33]
Replacing gate.$flatten\scrambler_top_inst.\scrambler.$auto$ff.cc:337:slice$3721 ($_DFFE_PN1P_): ARST=\rst_n, D=$abc$5626$flatten\scrambler_top_inst.\scrambler.$0\state[57:0][32], Q=\scrambler_top_inst.scrambler.state [32]
Replacing gate.$flatten\scrambler_top_inst.\scrambler.$auto$ff.cc:337:slice$3720 ($_DFFE_PN1P_): ARST=\rst_n, D=$abc$5626$flatten\scrambler_top_inst.\scrambler.$0\state[57:0][31], Q=\scrambler_top_inst.scrambler.state [31]
Replacing gate.$flatten\scrambler_top_inst.\scrambler.$auto$ff.cc:337:slice$3758 ($_DFF_PN0_): ARST=\rst_n, D=$abc$5626$flatten\scrambler_top_inst.\scrambler.$0\dout_tmp[7:0][7], Q=\scrambler_top_inst.scrambler.dout_tmp [7]
Replacing gate.$flatten\scrambler_top_inst.\scrambler.$auto$ff.cc:337:slice$3719 ($_DFFE_PN1P_): ARST=\rst_n, D=$abc$5626$flatten\scrambler_top_inst.\scrambler.$0\state[57:0][30], Q=\scrambler_top_inst.scrambler.state [30]
Replacing gate.$flatten\scrambler_top_inst.\scrambler.$auto$ff.cc:337:slice$3759 ($_DFF_PN0_): ARST=\rst_n, D=$abc$5626$flatten\scrambler_top_inst.\scrambler.$0\dout_valid[0:0], Q=\scrambler_top_inst.scrambler.dout_valid
Replacing gate.$flatten\scrambler_top_inst.\scrambler.$auto$ff.cc:337:slice$3718 ($_DFFE_PN1P_): ARST=\rst_n, D=$abc$5626$flatten\scrambler_top_inst.\scrambler.$0\state[57:0][29], Q=\scrambler_top_inst.scrambler.state [29]
Replacing gate.$flatten\scrambler_top_inst.\scrambler.$auto$ff.cc:337:slice$3749 ($_DFFE_PN0P_): ARST=\rst_n, D=$abc$5626$flatten\scrambler_top_inst.\scrambler.$0\allzero_err[0:0], Q=\scrambler_top_inst.scrambler.allzero_err
Replacing gate.$flatten\scrambler_top_inst.$auto$ff.cc:337:slice$1250 ($_DFFE_PN1P_): ARST=\rst_n, D=\pwdata [6], Q=\scrambler_top_inst.seed_reg [38]
Replacing gate.$flatten\scrambler_top_inst.$auto$ff.cc:337:slice$1251 ($_DFFE_PN1P_): ARST=\rst_n, D=\pwdata [7], Q=\scrambler_top_inst.seed_reg [39]
Replacing gate.$flatten\scrambler_top_inst.$auto$ff.cc:337:slice$1252 ($_DFFE_PN1P_): ARST=\rst_n, D=\pwdata [8], Q=\scrambler_top_inst.seed_reg [40]
Replacing gate.$flatten\scrambler_top_inst.$auto$ff.cc:337:slice$1253 ($_DFFE_PN1P_): ARST=\rst_n, D=\pwdata [9], Q=\scrambler_top_inst.seed_reg [41]
Replacing gate.$flatten\scrambler_top_inst.\descrambler.$auto$ff.cc:337:slice$3346 ($_DFFE_PN0P_): ARST=\rst_n, D=$abc$5626$flatten\scrambler_top_inst.\descrambler.$0\lock_counter[4:0][4], Q=\scrambler_top_inst.descrambler.lock_counter [4]
Replacing gate.$flatten\scrambler_top_inst.$auto$ff.cc:337:slice$1264 ($_DFFE_PN1P_): ARST=\rst_n, D=\pwdata [20], Q=\scrambler_top_inst.seed_reg [52]
Replacing gate.$flatten\scrambler_top_inst.$auto$ff.cc:337:slice$1265 ($_DFFE_PN1P_): ARST=\rst_n, D=\pwdata [21], Q=\scrambler_top_inst.seed_reg [53]
Replacing gate.$flatten\scrambler_top_inst.$auto$ff.cc:337:slice$1254 ($_DFFE_PN1P_): ARST=\rst_n, D=\pwdata [10], Q=\scrambler_top_inst.seed_reg [42]
Replacing gate.$flatten\scrambler_top_inst.$auto$ff.cc:337:slice$1255 ($_DFFE_PN1P_): ARST=\rst_n, D=\pwdata [11], Q=\scrambler_top_inst.seed_reg [43]
Replacing gate.$flatten\scrambler_top_inst.$auto$ff.cc:337:slice$1256 ($_DFFE_PN1P_): ARST=\rst_n, D=\pwdata [12], Q=\scrambler_top_inst.seed_reg [44]
Replacing gate.$flatten\scrambler_top_inst.$auto$ff.cc:337:slice$1257 ($_DFFE_PN1P_): ARST=\rst_n, D=\pwdata [13], Q=\scrambler_top_inst.seed_reg [45]
Replacing gate.$flatten\scrambler_top_inst.\descrambler.$auto$ff.cc:337:slice$3298 ($_DFFE_PN1P_): ARST=\rst_n, D=$abc$5626$flatten\scrambler_top_inst.\descrambler.$0\state[57:0][24], Q=\scrambler_top_inst.descrambler.state [24]
Replacing gate.$flatten\scrambler_top_inst.\descrambler.$auto$ff.cc:337:slice$3297 ($_DFFE_PN1P_): ARST=\rst_n, D=$abc$5626$flatten\scrambler_top_inst.\descrambler.$0\state[57:0][23], Q=\scrambler_top_inst.descrambler.state [23]
Replacing gate.$flatten\scrambler_top_inst.\descrambler.$auto$ff.cc:337:slice$3296 ($_DFFE_PN1P_): ARST=\rst_n, D=$abc$5626$flatten\scrambler_top_inst.\descrambler.$0\state[57:0][22], Q=\scrambler_top_inst.descrambler.state [22]
Replacing gate.$flatten\scrambler_top_inst.\descrambler.$auto$ff.cc:337:slice$3295 ($_DFFE_PN1P_): ARST=\rst_n, D=$abc$5626$flatten\scrambler_top_inst.\descrambler.$0\state[57:0][21], Q=\scrambler_top_inst.descrambler.state [21]
Replacing gate.$flatten\scrambler_top_inst.\descrambler.$auto$ff.cc:337:slice$3294 ($_DFFE_PN1P_): ARST=\rst_n, D=$abc$5626$flatten\scrambler_top_inst.\descrambler.$0\state[57:0][20], Q=\scrambler_top_inst.descrambler.state [20]
Replacing gate.$flatten\scrambler_top_inst.\descrambler.$auto$ff.cc:337:slice$3293 ($_DFFE_PN1P_): ARST=\rst_n, D=$abc$5626$flatten\scrambler_top_inst.\descrambler.$0\state[57:0][19], Q=\scrambler_top_inst.descrambler.state [19]
Replacing gate.$flatten\scrambler_top_inst.\descrambler.$auto$ff.cc:337:slice$3292 ($_DFFE_PN1P_): ARST=\rst_n, D=$abc$5626$flatten\scrambler_top_inst.\descrambler.$0\state[57:0][18], Q=\scrambler_top_inst.descrambler.state [18]
Replacing gate.$flatten\scrambler_top_inst.\descrambler.$auto$ff.cc:337:slice$3291 ($_DFFE_PN1P_): ARST=\rst_n, D=$abc$5626$flatten\scrambler_top_inst.\descrambler.$0\state[57:0][17], Q=\scrambler_top_inst.descrambler.state [17]
Replacing gate.$flatten\scrambler_top_inst.\descrambler.$auto$ff.cc:337:slice$3290 ($_DFFE_PN1P_): ARST=\rst_n, D=$abc$5626$flatten\scrambler_top_inst.\descrambler.$0\state[57:0][16], Q=\scrambler_top_inst.descrambler.state [16]
Replacing gate.$flatten\scrambler_top_inst.\descrambler.$auto$ff.cc:337:slice$3289 ($_DFFE_PN1P_): ARST=\rst_n, D=$abc$5626$flatten\scrambler_top_inst.\descrambler.$0\state[57:0][15], Q=\scrambler_top_inst.descrambler.state [15]
Replacing gate.$flatten\scrambler_top_inst.\descrambler.$auto$ff.cc:337:slice$3288 ($_DFFE_PN1P_): ARST=\rst_n, D=$abc$5626$flatten\scrambler_top_inst.\descrambler.$0\state[57:0][14], Q=\scrambler_top_inst.descrambler.state [14]
Replacing gate.$flatten\scrambler_top_inst.\descrambler.$auto$ff.cc:337:slice$3287 ($_DFFE_PN1P_): ARST=\rst_n, D=$abc$5626$flatten\scrambler_top_inst.\descrambler.$0\state[57:0][13], Q=\scrambler_top_inst.descrambler.state [13]
Replacing gate.$flatten\scrambler_top_inst.\descrambler.$auto$ff.cc:337:slice$3286 ($_DFFE_PN1P_): ARST=\rst_n, D=$abc$5626$flatten\scrambler_top_inst.\descrambler.$0\state[57:0][12], Q=\scrambler_top_inst.descrambler.state [12]
Replacing gate.$flatten\scrambler_top_inst.\descrambler.$auto$ff.cc:337:slice$3285 ($_DFFE_PN1P_): ARST=\rst_n, D=$abc$5626$flatten\scrambler_top_inst.\descrambler.$0\state[57:0][11], Q=\scrambler_top_inst.descrambler.state [11]
Replacing gate.$flatten\scrambler_top_inst.\descrambler.$auto$ff.cc:337:slice$3284 ($_DFFE_PN1P_): ARST=\rst_n, D=$abc$5626$flatten\scrambler_top_inst.\descrambler.$0\state[57:0][10], Q=\scrambler_top_inst.descrambler.state [10]
Replacing gate.$flatten\scrambler_top_inst.\descrambler.$auto$ff.cc:337:slice$3283 ($_DFFE_PN1P_): ARST=\rst_n, D=$abc$5626$flatten\scrambler_top_inst.\descrambler.$0\state[57:0][9], Q=\scrambler_top_inst.descrambler.state [9]
Replacing gate.$flatten\scrambler_top_inst.\descrambler.$auto$ff.cc:337:slice$3282 ($_DFFE_PN1P_): ARST=\rst_n, D=$abc$5626$flatten\scrambler_top_inst.\descrambler.$0\state[57:0][8], Q=\scrambler_top_inst.descrambler.state [8]
Replacing gate.$flatten\scrambler_top_inst.\descrambler.$auto$ff.cc:337:slice$3281 ($_DFFE_PN1P_): ARST=\rst_n, D=$abc$5626$flatten\scrambler_top_inst.\descrambler.$0\state[57:0][7], Q=\scrambler_top_inst.descrambler.state [7]
Replacing gate.$flatten\scrambler_top_inst.\descrambler.$auto$ff.cc:337:slice$3280 ($_DFFE_PN1P_): ARST=\rst_n, D=$abc$5626$flatten\scrambler_top_inst.\descrambler.$0\state[57:0][6], Q=\scrambler_top_inst.descrambler.state [6]
Replacing gate.$flatten\scrambler_top_inst.\descrambler.$auto$ff.cc:337:slice$3279 ($_DFFE_PN1P_): ARST=\rst_n, D=$abc$5626$flatten\scrambler_top_inst.\descrambler.$0\state[57:0][5], Q=\scrambler_top_inst.descrambler.state [5]
Replacing gate.$flatten\scrambler_top_inst.\descrambler.$auto$ff.cc:337:slice$3278 ($_DFFE_PN1P_): ARST=\rst_n, D=$abc$5626$flatten\scrambler_top_inst.\descrambler.$0\state[57:0][4], Q=\scrambler_top_inst.descrambler.state [4]
Replacing gate.$flatten\scrambler_top_inst.\descrambler.$auto$ff.cc:337:slice$3277 ($_DFFE_PN1P_): ARST=\rst_n, D=$abc$5626$flatten\scrambler_top_inst.\descrambler.$0\state[57:0][3], Q=\scrambler_top_inst.descrambler.state [3]
Replacing gate.$flatten\scrambler_top_inst.\descrambler.$auto$ff.cc:337:slice$3276 ($_DFFE_PN1P_): ARST=\rst_n, D=$abc$5626$flatten\scrambler_top_inst.\descrambler.$0\state[57:0][2], Q=\scrambler_top_inst.descrambler.state [2]
Replacing gate.$flatten\scrambler_top_inst.\descrambler.$auto$ff.cc:337:slice$3275 ($_DFFE_PN1P_): ARST=\rst_n, D=$abc$5626$flatten\scrambler_top_inst.\descrambler.$0\state[57:0][1], Q=\scrambler_top_inst.descrambler.state [1]
Replacing gate.$flatten\scrambler_top_inst.\descrambler.$auto$ff.cc:337:slice$3274 ($_DFFE_PN1P_): ARST=\rst_n, D=$abc$5626$flatten\scrambler_top_inst.\descrambler.$0\state[57:0][0], Q=\scrambler_top_inst.descrambler.state [0]
Replacing gate.$flatten\scrambler_top_inst.\descrambler.$auto$ff.cc:337:slice$3351 ($_DFF_PN0_): ARST=\rst_n, D=$abc$5626$flatten\scrambler_top_inst.\descrambler.$0\dout_tmp[7:0][4], Q=\scrambler_top_inst.descrambler.dout_tmp [4]
Replacing gate.$flatten\scrambler_top_inst.\descrambler.$auto$ff.cc:337:slice$3350 ($_DFF_PN0_): ARST=\rst_n, D=$abc$5626$flatten\scrambler_top_inst.\descrambler.$0\dout_tmp[7:0][3], Q=\scrambler_top_inst.descrambler.dout_tmp [3]
Replacing gate.$flatten\scrambler_top_inst.\descrambler.$auto$ff.cc:337:slice$3349 ($_DFF_PN0_): ARST=\rst_n, D=$abc$5626$flatten\scrambler_top_inst.\descrambler.$0\dout_tmp[7:0][2], Q=\scrambler_top_inst.descrambler.dout_tmp [2]
Replacing gate.$flatten\scrambler_top_inst.\descrambler.$auto$ff.cc:337:slice$3348 ($_DFF_PN0_): ARST=\rst_n, D=$abc$5626$flatten\scrambler_top_inst.\descrambler.$0\dout_tmp[7:0][1], Q=\scrambler_top_inst.descrambler.dout_tmp [1]
Replacing gate.$flatten\scrambler_top_inst.\descrambler.$auto$ff.cc:337:slice$3347 ($_DFF_PN0_): ARST=\rst_n, D=$abc$5626$flatten\scrambler_top_inst.\descrambler.$0\dout_tmp[7:0][0], Q=\scrambler_top_inst.descrambler.dout_tmp [0]
Replacing gate.$flatten\scrambler_top_inst.\descrambler.$auto$ff.cc:337:slice$3345 ($_DFFE_PN0P_): ARST=\rst_n, D=$abc$5626$flatten\scrambler_top_inst.\descrambler.$0\lock_counter[4:0][3], Q=\scrambler_top_inst.descrambler.lock_counter [3]
Replacing gate.$flatten\scrambler_top_inst.\descrambler.$auto$ff.cc:337:slice$3344 ($_DFFE_PN0P_): ARST=\rst_n, D=$abc$5626$flatten\scrambler_top_inst.\descrambler.$0\lock_counter[4:0][2], Q=\scrambler_top_inst.descrambler.lock_counter [2]
Replacing gate.$flatten\scrambler_top_inst.\descrambler.$auto$ff.cc:337:slice$3343 ($_DFFE_PN0P_): ARST=\rst_n, D=$abc$5626$flatten\scrambler_top_inst.\descrambler.$0\lock_counter[4:0][1], Q=\scrambler_top_inst.descrambler.lock_counter [1]
Replacing gate.$flatten\scrambler_top_inst.\descrambler.$auto$ff.cc:337:slice$3342 ($_DFFE_PN0P_): ARST=\rst_n, D=$abc$5626$flatten\scrambler_top_inst.\descrambler.$0\lock_counter[4:0][0], Q=\scrambler_top_inst.descrambler.lock_counter [0]
Replacing gate.$flatten\scrambler_top_inst.\descrambler.$auto$ff.cc:337:slice$3353 ($_DFF_PN0_): ARST=\rst_n, D=$abc$5626$flatten\scrambler_top_inst.\descrambler.$0\dout_tmp[7:0][6], Q=\scrambler_top_inst.descrambler.dout_tmp [6]
Replacing gate.$flatten\scrambler_top_inst.\descrambler.$auto$ff.cc:337:slice$3352 ($_DFF_PN0_): ARST=\rst_n, D=$abc$5626$flatten\scrambler_top_inst.\descrambler.$0\dout_tmp[7:0][5], Q=\scrambler_top_inst.descrambler.dout_tmp [5]
Replacing gate.$flatten\scrambler_top_inst.\descrambler.$auto$ff.cc:337:slice$3330 ($_DFFE_PN1P_): ARST=\rst_n, D=$abc$5626$flatten\scrambler_top_inst.\descrambler.$0\state[57:0][56], Q=\scrambler_top_inst.descrambler.state [56]
Replacing gate.$flatten\scrambler_top_inst.\descrambler.$auto$ff.cc:337:slice$3329 ($_DFFE_PN1P_): ARST=\rst_n, D=$abc$5626$flatten\scrambler_top_inst.\descrambler.$0\state[57:0][55], Q=\scrambler_top_inst.descrambler.state [55]
Replacing gate.$flatten\scrambler_top_inst.\descrambler.$auto$ff.cc:337:slice$3328 ($_DFFE_PN1P_): ARST=\rst_n, D=$abc$5626$flatten\scrambler_top_inst.\descrambler.$0\state[57:0][54], Q=\scrambler_top_inst.descrambler.state [54]
Replacing gate.$flatten\scrambler_top_inst.\descrambler.$auto$ff.cc:337:slice$3327 ($_DFFE_PN1P_): ARST=\rst_n, D=$abc$5626$flatten\scrambler_top_inst.\descrambler.$0\state[57:0][53], Q=\scrambler_top_inst.descrambler.state [53]
Replacing gate.$flatten\scrambler_top_inst.\descrambler.$auto$ff.cc:337:slice$3326 ($_DFFE_PN1P_): ARST=\rst_n, D=$abc$5626$flatten\scrambler_top_inst.\descrambler.$0\state[57:0][52], Q=\scrambler_top_inst.descrambler.state [52]
Replacing gate.$flatten\scrambler_top_inst.\descrambler.$auto$ff.cc:337:slice$3325 ($_DFFE_PN1P_): ARST=\rst_n, D=$abc$5626$flatten\scrambler_top_inst.\descrambler.$0\state[57:0][51], Q=\scrambler_top_inst.descrambler.state [51]
Replacing gate.$flatten\scrambler_top_inst.\descrambler.$auto$ff.cc:337:slice$3324 ($_DFFE_PN1P_): ARST=\rst_n, D=$abc$5626$flatten\scrambler_top_inst.\descrambler.$0\state[57:0][50], Q=\scrambler_top_inst.descrambler.state [50]
Replacing gate.$flatten\scrambler_top_inst.\descrambler.$auto$ff.cc:337:slice$3323 ($_DFFE_PN1P_): ARST=\rst_n, D=$abc$5626$flatten\scrambler_top_inst.\descrambler.$0\state[57:0][49], Q=\scrambler_top_inst.descrambler.state [49]
Replacing gate.$flatten\scrambler_top_inst.\descrambler.$auto$ff.cc:337:slice$3322 ($_DFFE_PN1P_): ARST=\rst_n, D=$abc$5626$flatten\scrambler_top_inst.\descrambler.$0\state[57:0][48], Q=\scrambler_top_inst.descrambler.state [48]
Replacing gate.$flatten\scrambler_top_inst.\descrambler.$auto$ff.cc:337:slice$3321 ($_DFFE_PN1P_): ARST=\rst_n, D=$abc$5626$flatten\scrambler_top_inst.\descrambler.$0\state[57:0][47], Q=\scrambler_top_inst.descrambler.state [47]
Replacing gate.$flatten\scrambler_top_inst.\descrambler.$auto$ff.cc:337:slice$3320 ($_DFFE_PN1P_): ARST=\rst_n, D=$abc$5626$flatten\scrambler_top_inst.\descrambler.$0\state[57:0][46], Q=\scrambler_top_inst.descrambler.state [46]
Replacing gate.$flatten\scrambler_top_inst.\descrambler.$auto$ff.cc:337:slice$3319 ($_DFFE_PN1P_): ARST=\rst_n, D=$abc$5626$flatten\scrambler_top_inst.\descrambler.$0\state[57:0][45], Q=\scrambler_top_inst.descrambler.state [45]
Replacing gate.$flatten\scrambler_top_inst.\descrambler.$auto$ff.cc:337:slice$3318 ($_DFFE_PN1P_): ARST=\rst_n, D=$abc$5626$flatten\scrambler_top_inst.\descrambler.$0\state[57:0][44], Q=\scrambler_top_inst.descrambler.state [44]
Replacing gate.$flatten\scrambler_top_inst.\descrambler.$auto$ff.cc:337:slice$3317 ($_DFFE_PN1P_): ARST=\rst_n, D=$abc$5626$flatten\scrambler_top_inst.\descrambler.$0\state[57:0][43], Q=\scrambler_top_inst.descrambler.state [43]
Replacing gate.$flatten\scrambler_top_inst.\descrambler.$auto$ff.cc:337:slice$3316 ($_DFFE_PN1P_): ARST=\rst_n, D=$abc$5626$flatten\scrambler_top_inst.\descrambler.$0\state[57:0][42], Q=\scrambler_top_inst.descrambler.state [42]
Replacing gate.$flatten\scrambler_top_inst.\descrambler.$auto$ff.cc:337:slice$3315 ($_DFFE_PN1P_): ARST=\rst_n, D=$abc$5626$flatten\scrambler_top_inst.\descrambler.$0\state[57:0][41], Q=\scrambler_top_inst.descrambler.state [41]
Replacing gate.$flatten\scrambler_top_inst.\descrambler.$auto$ff.cc:337:slice$3314 ($_DFFE_PN1P_): ARST=\rst_n, D=$abc$5626$flatten\scrambler_top_inst.\descrambler.$0\state[57:0][40], Q=\scrambler_top_inst.descrambler.state [40]
Replacing gate.$flatten\scrambler_top_inst.\descrambler.$auto$ff.cc:337:slice$3313 ($_DFFE_PN1P_): ARST=\rst_n, D=$abc$5626$flatten\scrambler_top_inst.\descrambler.$0\state[57:0][39], Q=\scrambler_top_inst.descrambler.state [39]
Replacing gate.$flatten\scrambler_top_inst.\descrambler.$auto$ff.cc:337:slice$3312 ($_DFFE_PN1P_): ARST=\rst_n, D=$abc$5626$flatten\scrambler_top_inst.\descrambler.$0\state[57:0][38], Q=\scrambler_top_inst.descrambler.state [38]
Replacing gate.$flatten\scrambler_top_inst.\descrambler.$auto$ff.cc:337:slice$3311 ($_DFFE_PN1P_): ARST=\rst_n, D=$abc$5626$flatten\scrambler_top_inst.\descrambler.$0\state[57:0][37], Q=\scrambler_top_inst.descrambler.state [37]
Replacing gate.$flatten\scrambler_top_inst.\descrambler.$auto$ff.cc:337:slice$3310 ($_DFFE_PN1P_): ARST=\rst_n, D=$abc$5626$flatten\scrambler_top_inst.\descrambler.$0\state[57:0][36], Q=\scrambler_top_inst.descrambler.state [36]
Replacing gate.$flatten\scrambler_top_inst.\descrambler.$auto$ff.cc:337:slice$3309 ($_DFFE_PN1P_): ARST=\rst_n, D=$abc$5626$flatten\scrambler_top_inst.\descrambler.$0\state[57:0][35], Q=\scrambler_top_inst.descrambler.state [35]
Replacing gate.$flatten\scrambler_top_inst.\descrambler.$auto$ff.cc:337:slice$3308 ($_DFFE_PN1P_): ARST=\rst_n, D=$abc$5626$flatten\scrambler_top_inst.\descrambler.$0\state[57:0][34], Q=\scrambler_top_inst.descrambler.state [34]
Replacing gate.$flatten\scrambler_top_inst.\descrambler.$auto$ff.cc:337:slice$3307 ($_DFFE_PN1P_): ARST=\rst_n, D=$abc$5626$flatten\scrambler_top_inst.\descrambler.$0\state[57:0][33], Q=\scrambler_top_inst.descrambler.state [33]
Replacing gate.$flatten\scrambler_top_inst.\descrambler.$auto$ff.cc:337:slice$3306 ($_DFFE_PN1P_): ARST=\rst_n, D=$abc$5626$flatten\scrambler_top_inst.\descrambler.$0\state[57:0][32], Q=\scrambler_top_inst.descrambler.state [32]
Replacing gate.$flatten\scrambler_top_inst.\descrambler.$auto$ff.cc:337:slice$3305 ($_DFFE_PN1P_): ARST=\rst_n, D=$abc$5626$flatten\scrambler_top_inst.\descrambler.$0\state[57:0][31], Q=\scrambler_top_inst.descrambler.state [31]
Replacing gate.$flatten\scrambler_top_inst.\descrambler.$auto$ff.cc:337:slice$3304 ($_DFFE_PN1P_): ARST=\rst_n, D=$abc$5626$flatten\scrambler_top_inst.\descrambler.$0\state[57:0][30], Q=\scrambler_top_inst.descrambler.state [30]
Replacing gate.$flatten\scrambler_top_inst.\descrambler.$auto$ff.cc:337:slice$3355 ($_DFF_PN0_): ARST=\rst_n, D=$abc$5626$flatten\scrambler_top_inst.\descrambler.$0\dout_valid[0:0], Q=\scrambler_top_inst.descrambler.dout_valid
Replacing gate.$flatten\scrambler_top_inst.\descrambler.$auto$ff.cc:337:slice$3303 ($_DFFE_PN1P_): ARST=\rst_n, D=$abc$5626$flatten\scrambler_top_inst.\descrambler.$0\state[57:0][29], Q=\scrambler_top_inst.descrambler.state [29]
Replacing gate.$flatten\scrambler_top_inst.\descrambler.$auto$ff.cc:337:slice$3266 ($_DFFE_PN0P_): ARST=\rst_n, D=$abc$5626$flatten\scrambler_top_inst.\descrambler.$0\parity_err[0:0], Q=\scrambler_top_inst.descrambler.parity_err
Replacing gate.$flatten\scrambler_top_inst.\descrambler.$auto$ff.cc:337:slice$3273 ($_DFFE_PN0P_): ARST=\rst_n, D=$abc$5626$flatten\scrambler_top_inst.\descrambler.$0\locked[0:0], Q=\scrambler_top_inst.descrambler.locked
Replacing gate.$flatten\scrambler_top_inst.\descrambler.$auto$ff.cc:337:slice$3354 ($_DFF_PN0_): ARST=\rst_n, D=$abc$5626$flatten\scrambler_top_inst.\descrambler.$0\dout_tmp[7:0][7], Q=\scrambler_top_inst.descrambler.dout_tmp [7]
Replacing gate.$flatten\scrambler_top_inst.\descrambler.$auto$ff.cc:337:slice$3331 ($_DFFE_PN1P_): ARST=\rst_n, D=$abc$5626$flatten\scrambler_top_inst.\descrambler.$0\state[57:0][57], Q=\scrambler_top_inst.descrambler.state [57]
Replacing gate.$flatten\scrambler_top_inst.\descrambler.$auto$ff.cc:337:slice$3302 ($_DFFE_PN1P_): ARST=\rst_n, D=$abc$5626$flatten\scrambler_top_inst.\descrambler.$0\state[57:0][28], Q=\scrambler_top_inst.descrambler.state [28]
Replacing gate.$flatten\scrambler_top_inst.\descrambler.$auto$ff.cc:337:slice$3301 ($_DFFE_PN1P_): ARST=\rst_n, D=$abc$5626$flatten\scrambler_top_inst.\descrambler.$0\state[57:0][27], Q=\scrambler_top_inst.descrambler.state [27]
Replacing gate.$flatten\scrambler_top_inst.\descrambler.$auto$ff.cc:337:slice$3300 ($_DFFE_PN1P_): ARST=\rst_n, D=$abc$5626$flatten\scrambler_top_inst.\descrambler.$0\state[57:0][26], Q=\scrambler_top_inst.descrambler.state [26]
Replacing gate.$flatten\scrambler_top_inst.\descrambler.$auto$ff.cc:337:slice$3332 ($_DFFE_PN0P_): ARST=\rst_n, D=$abc$5626$flatten\scrambler_top_inst.\descrambler.$0\state_parity[0:0], Q=\scrambler_top_inst.descrambler.state_parity
Replacing gate.$flatten\scrambler_top_inst.\descrambler.$auto$ff.cc:337:slice$3299 ($_DFFE_PN1P_): ARST=\rst_n, D=$abc$5626$flatten\scrambler_top_inst.\descrambler.$0\state[57:0][25], Q=\scrambler_top_inst.descrambler.state [25]
Replacing gate.$flatten\scrambler_top_inst.$auto$ff.cc:337:slice$1258 ($_DFFE_PN1P_): ARST=\rst_n, D=\pwdata [14], Q=\scrambler_top_inst.seed_reg [46]
Replacing gate.$flatten\scrambler_top_inst.$auto$ff.cc:337:slice$1326 ($_DFFE_PN0P_): ARST=\rst_n, D=\pwdata [2], Q=\scrambler_top_inst.ctrl_en
Replacing gate.$flatten\scrambler_top_inst.$auto$ff.cc:337:slice$1263 ($_DFFE_PN1P_): ARST=\rst_n, D=\pwdata [19], Q=\scrambler_top_inst.seed_reg [51]
Replacing gold.$flatten\scrambler_top_inst.$procdff$423 ($adff): ARST=\rst_n, D=$flatten\scrambler_top_inst.$0\test_counter[15:0], Q=\scrambler_top_inst.test_counter
Replacing gold.$flatten\scrambler_top_inst.$procdff$428 ($adff): ARST=\rst_n, D=$flatten\scrambler_top_inst.$0\mode[1:0], Q=\scrambler_top_inst.mode
Replacing gold.$flatten\scrambler_top_inst.$procdff$433 ($adff): ARST=\rst_n, D=$flatten\scrambler_top_inst.$0\ctrl_en[0:0], Q=\scrambler_top_inst.ctrl_en
Replacing gold.$flatten\scrambler_top_inst.$procdff$438 ($adff): ARST=\rst_n, D=$flatten\scrambler_top_inst.$0\seed_reg[57:0], Q=\scrambler_top_inst.seed_reg
Replacing gold.$flatten\scrambler_top_inst.$procdff$443 ($adff): ARST=\rst_n, D=$flatten\scrambler_top_inst.$0\test_period[15:0], Q=\scrambler_top_inst.test_period
Replacing gold.$flatten\scrambler_top_inst.$procdff$448 ($adff): ARST=\rst_n, D=$flatten\scrambler_top_inst.$0\test_en[0:0], Q=\scrambler_top_inst.test_en
Replacing gold.$flatten\scrambler_top_inst.$procdff$453 ($adff): ARST=\rst_n, D=\scrambler_top_inst.mode, Q=\scrambler_top_inst.prev_mode
Replacing gold.$flatten\scrambler_top_inst.\descrambler.$procdff$488 ($adff): ARST=\rst_n, D=$flatten\scrambler_top_inst.\descrambler.$0\locked[0:0], Q=\scrambler_top_inst.descrambler.locked
Replacing gold.$flatten\scrambler_top_inst.\descrambler.$procdff$493 ($adff): ARST=\rst_n, D=$flatten\scrambler_top_inst.\descrambler.$0\lock_counter[4:0], Q=\scrambler_top_inst.descrambler.lock_counter
Replacing gold.$flatten\scrambler_top_inst.\descrambler.$procdff$498 ($adff): ARST=\rst_n, D=$flatten\scrambler_top_inst.\descrambler.$0\state[57:0], Q=\scrambler_top_inst.descrambler.state
Replacing gold.$flatten\scrambler_top_inst.\descrambler.$procdff$503 ($adff): ARST=\rst_n, D=$flatten\scrambler_top_inst.\descrambler.$0\state_parity[0:0], Q=\scrambler_top_inst.descrambler.state_parity
Replacing gold.$flatten\scrambler_top_inst.\descrambler.$procdff$508 ($adff): ARST=\rst_n, D=$flatten\scrambler_top_inst.\descrambler.$0\parity_err[0:0], Q=\scrambler_top_inst.descrambler.parity_err
Replacing gold.$flatten\scrambler_top_inst.\descrambler.$procdff$513 ($adff): ARST=\rst_n, D=$flatten\scrambler_top_inst.\descrambler.$0\dout_valid[0:0], Q=\scrambler_top_inst.descrambler.dout_valid
Replacing gold.$flatten\scrambler_top_inst.\descrambler.$procdff$518 ($adff): ARST=\rst_n, D=$flatten\scrambler_top_inst.\descrambler.$0\dout_tmp[7:0], Q=\scrambler_top_inst.descrambler.dout_tmp
Replacing gold.$flatten\scrambler_top_inst.\scrambler.$procdff$458 ($adff): ARST=\rst_n, D=$flatten\scrambler_top_inst.\scrambler.$0\state[57:0], Q=\scrambler_top_inst.scrambler.state
Replacing gold.$flatten\scrambler_top_inst.\scrambler.$procdff$463 ($adff): ARST=\rst_n, D=$flatten\scrambler_top_inst.\scrambler.$0\state_parity[0:0], Q=\scrambler_top_inst.scrambler.state_parity
Replacing gold.$flatten\scrambler_top_inst.\scrambler.$procdff$468 ($adff): ARST=\rst_n, D=$flatten\scrambler_top_inst.\scrambler.$0\parity_err[0:0], Q=\scrambler_top_inst.scrambler.parity_err
Replacing gold.$flatten\scrambler_top_inst.\scrambler.$procdff$473 ($adff): ARST=\rst_n, D=$flatten\scrambler_top_inst.\scrambler.$0\allzero_err[0:0], Q=\scrambler_top_inst.scrambler.allzero_err
Replacing gold.$flatten\scrambler_top_inst.\scrambler.$procdff$478 ($adff): ARST=\rst_n, D=$flatten\scrambler_top_inst.\scrambler.$0\dout_valid[0:0], Q=\scrambler_top_inst.scrambler.dout_valid
Replacing gold.$flatten\scrambler_top_inst.\scrambler.$procdff$483 ($adff): ARST=\rst_n, D=$flatten\scrambler_top_inst.\scrambler.$0\dout_tmp[7:0], Q=\scrambler_top_inst.scrambler.dout_tmp

20. Executing EQUIV_MAKE pass (creating equiv checking module).
Presumably equivalent wires: clk_gold (\clk_gold), clk_gate (\clk_gate) -> clk
Presumably equivalent wires: csr_addr_gold (\paddr_gold), csr_addr_gate (\paddr_gate) -> csr_addr
Presumably equivalent wires: csr_rdata_gold (\prdata_gold), csr_rdata_gate (\prdata_gate) -> csr_rdata
Presumably equivalent wires: csr_wdata_gold (\pwdata_gold), csr_wdata_gate (\pwdata_gate) -> csr_wdata
Presumably equivalent wires: din_gold (\din_gold), din_gate (\din_gate) -> din
Presumably equivalent wires: din_valid_gold (\din_valid_gold), din_valid_gate (\din_valid_gate) -> din_valid
Presumably equivalent wires: dout_gold (\dout_gold), dout_gate (\dout_gate) -> dout
Presumably equivalent wires: dout_valid_gold (\dout_valid_gold), dout_valid_gate (\dout_valid_gate) -> dout_valid
Presumably equivalent wires: ext_en_gold (\ext_en_gold), ext_en_gate (\ext_en_gate) -> ext_en
Presumably equivalent wires: paddr_gold (\paddr_gold), paddr_gate (\paddr_gate) -> paddr
Presumably equivalent wires: penable_gold (\penable_gold), penable_gate (\penable_gate) -> penable
Presumably equivalent wires: prdata_gold (\prdata_gold), prdata_gate (\prdata_gate) -> prdata
Presumably equivalent wires: pready_gold (1'1), pready_gate (1'1) -> pready
Presumably equivalent wires: psel_gold (\psel_gold), psel_gate (\psel_gate) -> psel
Presumably equivalent wires: pslverr_gold (1'0), pslverr_gate (1'0) -> pslverr
Presumably equivalent wires: pwdata_gold (\pwdata_gold), pwdata_gate (\pwdata_gate) -> pwdata
Presumably equivalent wires: pwrite_gold (\pwrite_gold), pwrite_gate (\pwrite_gate) -> pwrite
Presumably equivalent wires: rst_n_gold (\rst_n_gold), rst_n_gate (\rst_n_gate) -> rst_n
Presumably equivalent wires: scrambler_top_inst.allzero_err_gold (\scrambler_top_inst.scrambler.allzero_err_gold), scrambler_top_inst.allzero_err_gate (\scrambler_top_inst.scrambler.allzero_err_gate) -> scrambler_top_inst.allzero_err
Presumably equivalent wires: scrambler_top_inst.clk_gold (\clk_gold), scrambler_top_inst.clk_gate (\clk_gate) -> scrambler_top_inst.clk
Presumably equivalent wires: scrambler_top_inst.csr_addr_gold (\paddr_gold), scrambler_top_inst.csr_addr_gate (\paddr_gate) -> scrambler_top_inst.csr_addr
Presumably equivalent wires: scrambler_top_inst.csr_rdata_gold (\prdata_gold), scrambler_top_inst.csr_rdata_gate (\prdata_gate) -> scrambler_top_inst.csr_rdata
Presumably equivalent wires: scrambler_top_inst.csr_reg[1]_gold (\scrambler_top_inst.seed_reg_gold [31:0]), scrambler_top_inst.csr_reg[1]_gate (\scrambler_top_inst.seed_reg_gate [31:0]) -> scrambler_top_inst.csr_reg[1]
Presumably equivalent wires: scrambler_top_inst.csr_reg[6]_gold (\scrambler_top_inst.scrambler.state_gold [31:0]), scrambler_top_inst.csr_reg[6]_gate (\scrambler_top_inst.scrambler.state_gate [31:0]) -> scrambler_top_inst.csr_reg[6]
Presumably equivalent wires: scrambler_top_inst.csr_reg[8]_gold (\scrambler_top_inst.descrambler.state_gold [31:0]), scrambler_top_inst.csr_reg[8]_gate (\scrambler_top_inst.descrambler.state_gate [31:0]) -> scrambler_top_inst.csr_reg[8]
Presumably equivalent wires: scrambler_top_inst.csr_wdata_gold (\pwdata_gold), scrambler_top_inst.csr_wdata_gate (\pwdata_gate) -> scrambler_top_inst.csr_wdata
Presumably equivalent wires: scrambler_top_inst.ctrl_en_gold (\scrambler_top_inst.ctrl_en_gold), scrambler_top_inst.ctrl_en_gate (\scrambler_top_inst.ctrl_en_gate) -> scrambler_top_inst.ctrl_en
Presumably equivalent wires: scrambler_top_inst.des_dout_gold (\scrambler_top_inst.descrambler.dout_tmp_gold), scrambler_top_inst.des_dout_gate (\scrambler_top_inst.descrambler.dout_tmp_gate) -> scrambler_top_inst.des_dout
Presumably equivalent wires: scrambler_top_inst.des_dout_valid_gold (\scrambler_top_inst.descrambler.dout_valid_gold), scrambler_top_inst.des_dout_valid_gate (\scrambler_top_inst.descrambler.dout_valid_gate) -> scrambler_top_inst.des_dout_valid
Presumably equivalent wires: scrambler_top_inst.descrambler.clk_gold (\clk_gold), scrambler_top_inst.descrambler.clk_gate (\clk_gate) -> scrambler_top_inst.descrambler.clk
Presumably equivalent wires: scrambler_top_inst.descrambler.dout_gold (\scrambler_top_inst.descrambler.dout_tmp_gold), scrambler_top_inst.descrambler.dout_gate (\scrambler_top_inst.descrambler.dout_tmp_gate) -> scrambler_top_inst.descrambler.dout
Presumably equivalent wires: scrambler_top_inst.descrambler.dout_tmp_gold (\scrambler_top_inst.descrambler.dout_tmp_gold), scrambler_top_inst.descrambler.dout_tmp_gate (\scrambler_top_inst.descrambler.dout_tmp_gate) -> scrambler_top_inst.descrambler.dout_tmp
Presumably equivalent wires: scrambler_top_inst.descrambler.dout_valid_gold (\scrambler_top_inst.descrambler.dout_valid_gold), scrambler_top_inst.descrambler.dout_valid_gate (\scrambler_top_inst.descrambler.dout_valid_gate) -> scrambler_top_inst.descrambler.dout_valid
Presumably equivalent wires: scrambler_top_inst.descrambler.lock_counter_gold (\scrambler_top_inst.descrambler.lock_counter_gold), scrambler_top_inst.descrambler.lock_counter_gate (\scrambler_top_inst.descrambler.lock_counter_gate) -> scrambler_top_inst.descrambler.lock_counter
Presumably equivalent wires: scrambler_top_inst.descrambler.locked_gold (\scrambler_top_inst.descrambler.locked_gold), scrambler_top_inst.descrambler.locked_gate (\scrambler_top_inst.descrambler.locked_gate) -> scrambler_top_inst.descrambler.locked
Presumably equivalent wires: scrambler_top_inst.descrambler.parity_err_gold (\scrambler_top_inst.descrambler.parity_err_gold), scrambler_top_inst.descrambler.parity_err_gate (\scrambler_top_inst.descrambler.parity_err_gate) -> scrambler_top_inst.descrambler.parity_err
Presumably equivalent wires: scrambler_top_inst.descrambler.rst_n_gold (\rst_n_gold), scrambler_top_inst.descrambler.rst_n_gate (\rst_n_gate) -> scrambler_top_inst.descrambler.rst_n
Presumably equivalent wires: scrambler_top_inst.descrambler.state_gold (\scrambler_top_inst.descrambler.state_gold), scrambler_top_inst.descrambler.state_gate (\scrambler_top_inst.descrambler.state_gate) -> scrambler_top_inst.descrambler.state
Presumably equivalent wires: scrambler_top_inst.descrambler.state_o_gold (\scrambler_top_inst.descrambler.state_gold), scrambler_top_inst.descrambler.state_o_gate (\scrambler_top_inst.descrambler.state_gate) -> scrambler_top_inst.descrambler.state_o
Presumably equivalent wires: scrambler_top_inst.descrambler.state_parity_gold (\scrambler_top_inst.descrambler.state_parity_gold), scrambler_top_inst.descrambler.state_parity_gate (\scrambler_top_inst.descrambler.state_parity_gate) -> scrambler_top_inst.descrambler.state_parity
Presumably equivalent wires: scrambler_top_inst.descrambler_locked_gold (\scrambler_top_inst.descrambler.locked_gold), scrambler_top_inst.descrambler_locked_gate (\scrambler_top_inst.descrambler.locked_gate) -> scrambler_top_inst.descrambler_locked
Presumably equivalent wires: scrambler_top_inst.descrambler_state_gold (\scrambler_top_inst.descrambler.state_gold), scrambler_top_inst.descrambler_state_gate (\scrambler_top_inst.descrambler.state_gate) -> scrambler_top_inst.descrambler_state
Presumably equivalent wires: scrambler_top_inst.din_gold (\din_gold), scrambler_top_inst.din_gate (\din_gate) -> scrambler_top_inst.din
Presumably equivalent wires: scrambler_top_inst.din_valid_gold (\din_valid_gold), scrambler_top_inst.din_valid_gate (\din_valid_gate) -> scrambler_top_inst.din_valid
Presumably equivalent wires: scrambler_top_inst.dout_gold (\dout_gold), scrambler_top_inst.dout_gate (\dout_gate) -> scrambler_top_inst.dout
Presumably equivalent wires: scrambler_top_inst.dout_valid_gold (\dout_valid_gold), scrambler_top_inst.dout_valid_gate (\dout_valid_gate) -> scrambler_top_inst.dout_valid
Presumably equivalent wires: scrambler_top_inst.ext_en_gold (\ext_en_gold), scrambler_top_inst.ext_en_gate (\ext_en_gate) -> scrambler_top_inst.ext_en
Presumably equivalent wires: scrambler_top_inst.mode_gold (\scrambler_top_inst.mode_gold), scrambler_top_inst.mode_gate (\scrambler_top_inst.mode_gate) -> scrambler_top_inst.mode
Presumably equivalent wires: scrambler_top_inst.parity_err_gold (\scrambler_top_inst.parity_err_gold), scrambler_top_inst.parity_err_gate (1'x) -> scrambler_top_inst.parity_err
Presumably equivalent wires: scrambler_top_inst.parity_err_des_gold (\scrambler_top_inst.descrambler.parity_err_gold), scrambler_top_inst.parity_err_des_gate (\scrambler_top_inst.descrambler.parity_err_gate) -> scrambler_top_inst.parity_err_des
Presumably equivalent wires: scrambler_top_inst.parity_err_scr_gold (\scrambler_top_inst.scrambler.parity_err_gold), scrambler_top_inst.parity_err_scr_gate (\scrambler_top_inst.scrambler.parity_err_gate) -> scrambler_top_inst.parity_err_scr
Presumably equivalent wires: scrambler_top_inst.prev_mode_gold (\scrambler_top_inst.prev_mode_gold), scrambler_top_inst.prev_mode_gate (\scrambler_top_inst.prev_mode_gate) -> scrambler_top_inst.prev_mode
Presumably equivalent wires: scrambler_top_inst.rst_n_gold (\rst_n_gold), scrambler_top_inst.rst_n_gate (\rst_n_gate) -> scrambler_top_inst.rst_n
Presumably equivalent wires: scrambler_top_inst.scr_dout_gold (\scrambler_top_inst.scrambler.dout_tmp_gold), scrambler_top_inst.scr_dout_gate (\scrambler_top_inst.scrambler.dout_tmp_gate) -> scrambler_top_inst.scr_dout
Presumably equivalent wires: scrambler_top_inst.scr_dout_valid_gold (\scrambler_top_inst.scrambler.dout_valid_gold), scrambler_top_inst.scr_dout_valid_gate (\scrambler_top_inst.scrambler.dout_valid_gate) -> scrambler_top_inst.scr_dout_valid
Presumably equivalent wires: scrambler_top_inst.scrambler.allzero_err_gold (\scrambler_top_inst.scrambler.allzero_err_gold), scrambler_top_inst.scrambler.allzero_err_gate (\scrambler_top_inst.scrambler.allzero_err_gate) -> scrambler_top_inst.scrambler.allzero_err
Presumably equivalent wires: scrambler_top_inst.scrambler.clk_gold (\clk_gold), scrambler_top_inst.scrambler.clk_gate (\clk_gate) -> scrambler_top_inst.scrambler.clk
Presumably equivalent wires: scrambler_top_inst.scrambler.din_gold (\din_gold), scrambler_top_inst.scrambler.din_gate (\din_gate) -> scrambler_top_inst.scrambler.din
Presumably equivalent wires: scrambler_top_inst.scrambler.din_core_gold (\din_gold), scrambler_top_inst.scrambler.din_core_gate (\din_gate) -> scrambler_top_inst.scrambler.din_core
Presumably equivalent wires: scrambler_top_inst.scrambler.dout_gold (\scrambler_top_inst.scrambler.dout_tmp_gold), scrambler_top_inst.scrambler.dout_gate (\scrambler_top_inst.scrambler.dout_tmp_gate) -> scrambler_top_inst.scrambler.dout
Presumably equivalent wires: scrambler_top_inst.scrambler.dout_tmp_gold (\scrambler_top_inst.scrambler.dout_tmp_gold), scrambler_top_inst.scrambler.dout_tmp_gate (\scrambler_top_inst.scrambler.dout_tmp_gate) -> scrambler_top_inst.scrambler.dout_tmp
Presumably equivalent wires: scrambler_top_inst.scrambler.dout_valid_gold (\scrambler_top_inst.scrambler.dout_valid_gold), scrambler_top_inst.scrambler.dout_valid_gate (\scrambler_top_inst.scrambler.dout_valid_gate) -> scrambler_top_inst.scrambler.dout_valid
Presumably equivalent wires: scrambler_top_inst.scrambler.parity_err_gold (\scrambler_top_inst.scrambler.parity_err_gold), scrambler_top_inst.scrambler.parity_err_gate (\scrambler_top_inst.scrambler.parity_err_gate) -> scrambler_top_inst.scrambler.parity_err
Presumably equivalent wires: scrambler_top_inst.scrambler.rst_n_gold (\rst_n_gold), scrambler_top_inst.scrambler.rst_n_gate (\rst_n_gate) -> scrambler_top_inst.scrambler.rst_n
Presumably equivalent wires: scrambler_top_inst.scrambler.seed_gold (\scrambler_top_inst.seed_reg_gold), scrambler_top_inst.scrambler.seed_gate (\scrambler_top_inst.seed_reg_gate) -> scrambler_top_inst.scrambler.seed
Presumably equivalent wires: scrambler_top_inst.scrambler.state_gold (\scrambler_top_inst.scrambler.state_gold), scrambler_top_inst.scrambler.state_gate (\scrambler_top_inst.scrambler.state_gate) -> scrambler_top_inst.scrambler.state
Presumably equivalent wires: scrambler_top_inst.scrambler.state_next_upper_nibble_gold (\scrambler_top_inst.scrambler.state_gold [49:0]), scrambler_top_inst.scrambler.state_next_upper_nibble_gate (\scrambler_top_inst.scrambler.state_gate [49:0]) -> scrambler_top_inst.scrambler.state_next_upper_nibble
Presumably equivalent wires: scrambler_top_inst.scrambler.state_o_gold (\scrambler_top_inst.scrambler.state_gold), scrambler_top_inst.scrambler.state_o_gate (\scrambler_top_inst.scrambler.state_gate) -> scrambler_top_inst.scrambler.state_o
Presumably equivalent wires: scrambler_top_inst.scrambler.state_parity_gold (\scrambler_top_inst.scrambler.state_parity_gold), scrambler_top_inst.scrambler.state_parity_gate (\scrambler_top_inst.scrambler.state_parity_gate) -> scrambler_top_inst.scrambler.state_parity
Presumably equivalent wires: scrambler_top_inst.scrambler_state_gold (\scrambler_top_inst.scrambler.state_gold), scrambler_top_inst.scrambler_state_gate (\scrambler_top_inst.scrambler.state_gate) -> scrambler_top_inst.scrambler_state
Presumably equivalent wires: scrambler_top_inst.seed_reg_gold (\scrambler_top_inst.seed_reg_gold), scrambler_top_inst.seed_reg_gate (\scrambler_top_inst.seed_reg_gate) -> scrambler_top_inst.seed_reg
Presumably equivalent wires: scrambler_top_inst.test_counter_gold (\scrambler_top_inst.test_counter_gold), scrambler_top_inst.test_counter_gate (\scrambler_top_inst.test_counter_gate) -> scrambler_top_inst.test_counter
Presumably equivalent wires: scrambler_top_inst.test_en_gold (\scrambler_top_inst.test_en_gold), scrambler_top_inst.test_en_gate (\scrambler_top_inst.test_en_gate) -> scrambler_top_inst.test_en
Presumably equivalent wires: scrambler_top_inst.test_period_gold (\scrambler_top_inst.test_period_gold), scrambler_top_inst.test_period_gate (\scrambler_top_inst.test_period_gate) -> scrambler_top_inst.test_period
Changing input D of cell $flatten\scrambler_top_inst.$auto$ff.cc:337:slice$1331_gate ($_SDFF_PN0_): \scrambler_top_inst.mode_gate [0] -> \scrambler_top_inst.mode [0]
Changing input D of cell $flatten\scrambler_top_inst.$auto$ff.cc:337:slice$1332_gate ($_SDFF_PN0_): \scrambler_top_inst.mode_gate [1] -> \scrambler_top_inst.mode [1]
Changing input A of cell $abc$5626$auto$blifparse.cc:397:parse_blif$5627_gate ($_NOT_): \scrambler_top_inst.mode_gate [1] -> \scrambler_top_inst.mode [1]
Changing input A of cell $abc$5626$auto$blifparse.cc:397:parse_blif$5628_gate ($_NOT_): \scrambler_top_inst.test_counter_gate [8] -> \scrambler_top_inst.test_counter [8]
Changing input A of cell $abc$5626$auto$blifparse.cc:397:parse_blif$5629_gate ($_NOT_): \scrambler_top_inst.test_counter_gate [10] -> \scrambler_top_inst.test_counter [10]
Changing input A of cell $abc$5626$auto$blifparse.cc:397:parse_blif$5630_gate ($_NOT_): \scrambler_top_inst.test_counter_gate [6] -> \scrambler_top_inst.test_counter [6]
Changing input A of cell $abc$5626$auto$blifparse.cc:397:parse_blif$5631_gate ($_NOT_): \scrambler_top_inst.test_counter_gate [3] -> \scrambler_top_inst.test_counter [3]
Changing input A of cell $abc$5626$auto$blifparse.cc:397:parse_blif$5632_gate ($_NOT_): \scrambler_top_inst.test_counter_gate [12] -> \scrambler_top_inst.test_counter [12]
Changing input A of cell $abc$5626$auto$blifparse.cc:397:parse_blif$5633_gate ($_NOT_): \scrambler_top_inst.test_period_gate [1] -> \scrambler_top_inst.test_period [1]
Changing input A of cell $abc$5626$auto$blifparse.cc:397:parse_blif$5634_gate ($_NOT_): \scrambler_top_inst.test_counter_gate [13] -> \scrambler_top_inst.test_counter [13]
Changing input A of cell $abc$5626$auto$blifparse.cc:397:parse_blif$5635_gate ($_NOT_): \scrambler_top_inst.test_period_gate [7] -> \scrambler_top_inst.test_period [7]
Changing input A of cell $abc$5626$auto$blifparse.cc:397:parse_blif$5636_gate ($_NOT_): \scrambler_top_inst.seed_reg_gate [0] -> \scrambler_top_inst.seed_reg [0]
Changing input A of cell $abc$5626$auto$blifparse.cc:397:parse_blif$5637_gate ($_NOT_): \scrambler_top_inst.seed_reg_gate [2] -> \scrambler_top_inst.seed_reg [2]
Changing input A of cell $abc$5626$auto$blifparse.cc:397:parse_blif$5638_gate ($_NOT_): \scrambler_top_inst.seed_reg_gate [3] -> \scrambler_top_inst.seed_reg [3]
Changing input A of cell $abc$5626$auto$blifparse.cc:397:parse_blif$5639_gate ($_NOT_): \scrambler_top_inst.seed_reg_gate [1] -> \scrambler_top_inst.seed_reg [1]
Changing input A of cell $abc$5626$auto$blifparse.cc:397:parse_blif$5640_gate ($_NOT_): \scrambler_top_inst.seed_reg_gate [4] -> \scrambler_top_inst.seed_reg [4]
Changing input A of cell $abc$5626$auto$blifparse.cc:397:parse_blif$5641_gate ($_NOT_): \scrambler_top_inst.seed_reg_gate [5] -> \scrambler_top_inst.seed_reg [5]
Changing input A of cell $abc$5626$auto$blifparse.cc:397:parse_blif$5642_gate ($_NOT_): \scrambler_top_inst.seed_reg_gate [6] -> \scrambler_top_inst.seed_reg [6]
Changing input A of cell $abc$5626$auto$blifparse.cc:397:parse_blif$5643_gate ($_NOT_): \scrambler_top_inst.seed_reg_gate [7] -> \scrambler_top_inst.seed_reg [7]
Changing input B of cell $abc$5626$auto$blifparse.cc:397:parse_blif$5648_gate ($_NOR_): \scrambler_top_inst.mode_gate [1] -> \scrambler_top_inst.mode [1]
Changing input A of cell $abc$5626$auto$blifparse.cc:397:parse_blif$5648_gate ($_NOR_): \scrambler_top_inst.mode_gate [0] -> \scrambler_top_inst.mode [0]
Changing input A of cell $abc$5626$auto$blifparse.cc:397:parse_blif$5649_gate ($_AND_): \scrambler_top_inst.ctrl_en_gate -> \scrambler_top_inst.ctrl_en
Changing input B of cell $abc$5626$auto$blifparse.cc:397:parse_blif$5652_gate ($_NAND_): \scrambler_top_inst.descrambler.dout_valid_gate -> \scrambler_top_inst.descrambler.dout_valid
Changing input A of cell $abc$5626$auto$blifparse.cc:397:parse_blif$5652_gate ($_NAND_): \scrambler_top_inst.mode_gate [1] -> \scrambler_top_inst.mode [1]
Changing input A of cell $abc$5626$auto$blifparse.cc:397:parse_blif$5653_gate ($_AND_): \scrambler_top_inst.mode_gate [0] -> \scrambler_top_inst.mode [0]
Changing input A of cell $abc$5626$auto$blifparse.cc:397:parse_blif$5654_gate ($_NAND_): \scrambler_top_inst.scrambler.dout_valid_gate -> \scrambler_top_inst.scrambler.dout_valid
Changing input B of cell $abc$5626$auto$blifparse.cc:397:parse_blif$5657_gate ($_AND_): \scrambler_top_inst.test_counter_gate [1] -> \scrambler_top_inst.test_counter [1]
Changing input A of cell $abc$5626$auto$blifparse.cc:397:parse_blif$5657_gate ($_AND_): \scrambler_top_inst.test_counter_gate [0] -> \scrambler_top_inst.test_counter [0]
Changing input A of cell $abc$5626$auto$blifparse.cc:397:parse_blif$5658_gate ($_AND_): \scrambler_top_inst.test_counter_gate [2] -> \scrambler_top_inst.test_counter [2]
Changing input A of cell $abc$5626$auto$blifparse.cc:397:parse_blif$5659_gate ($_AND_): \scrambler_top_inst.test_counter_gate [3] -> \scrambler_top_inst.test_counter [3]
Changing input A of cell $abc$5626$auto$blifparse.cc:397:parse_blif$5660_gate ($_AND_): \scrambler_top_inst.test_counter_gate [4] -> \scrambler_top_inst.test_counter [4]
Changing input A of cell $abc$5626$auto$blifparse.cc:397:parse_blif$5661_gate ($_AND_): \scrambler_top_inst.test_counter_gate [5] -> \scrambler_top_inst.test_counter [5]
Changing input A of cell $abc$5626$auto$blifparse.cc:397:parse_blif$5662_gate ($_AND_): \scrambler_top_inst.test_counter_gate [6] -> \scrambler_top_inst.test_counter [6]
Changing input A of cell $abc$5626$auto$blifparse.cc:397:parse_blif$5663_gate ($_AND_): \scrambler_top_inst.test_counter_gate [7] -> \scrambler_top_inst.test_counter [7]
Changing input A of cell $abc$5626$auto$blifparse.cc:397:parse_blif$5664_gate ($_AND_): \scrambler_top_inst.test_counter_gate [8] -> \scrambler_top_inst.test_counter [8]
Changing input A of cell $abc$5626$auto$blifparse.cc:397:parse_blif$5665_gate ($_AND_): \scrambler_top_inst.test_counter_gate [9] -> \scrambler_top_inst.test_counter [9]
Changing input A of cell $abc$5626$auto$blifparse.cc:397:parse_blif$5666_gate ($_AND_): \scrambler_top_inst.test_counter_gate [10] -> \scrambler_top_inst.test_counter [10]
Changing input A of cell $abc$5626$auto$blifparse.cc:397:parse_blif$5667_gate ($_AND_): \scrambler_top_inst.test_counter_gate [11] -> \scrambler_top_inst.test_counter [11]
Changing input A of cell $abc$5626$auto$blifparse.cc:397:parse_blif$5668_gate ($_AND_): \scrambler_top_inst.test_counter_gate [12] -> \scrambler_top_inst.test_counter [12]
Changing input A of cell $abc$5626$auto$blifparse.cc:397:parse_blif$5669_gate ($_AND_): \scrambler_top_inst.test_counter_gate [13] -> \scrambler_top_inst.test_counter [13]
Changing input A of cell $abc$5626$auto$blifparse.cc:397:parse_blif$5670_gate ($_NAND_): \scrambler_top_inst.test_counter_gate [14] -> \scrambler_top_inst.test_counter [14]
Changing input B of cell $abc$5626$auto$blifparse.cc:397:parse_blif$5671_gate ($_NOR_): \scrambler_top_inst.test_period_gate [7] -> \scrambler_top_inst.test_period [7]
Changing input A of cell $abc$5626$auto$blifparse.cc:397:parse_blif$5671_gate ($_NOR_): \scrambler_top_inst.test_period_gate [13] -> \scrambler_top_inst.test_period [13]
Changing input B of cell $abc$5626$auto$blifparse.cc:397:parse_blif$5672_gate ($_NOR_): \scrambler_top_inst.test_period_gate [8] -> \scrambler_top_inst.test_period [8]
Changing input A of cell $abc$5626$auto$blifparse.cc:397:parse_blif$5672_gate ($_NOR_): \scrambler_top_inst.test_period_gate [14] -> \scrambler_top_inst.test_period [14]
Changing input B of cell $abc$5626$auto$blifparse.cc:397:parse_blif$5674_gate ($_NOR_): \scrambler_top_inst.test_period_gate [12] -> \scrambler_top_inst.test_period [12]
Changing input A of cell $abc$5626$auto$blifparse.cc:397:parse_blif$5674_gate ($_NOR_): \scrambler_top_inst.test_period_gate [9] -> \scrambler_top_inst.test_period [9]
Changing input B of cell $abc$5626$auto$blifparse.cc:397:parse_blif$5675_gate ($_NOR_): \scrambler_top_inst.test_period_gate [4] -> \scrambler_top_inst.test_period [4]
Changing input A of cell $abc$5626$auto$blifparse.cc:397:parse_blif$5675_gate ($_NOR_): \scrambler_top_inst.test_period_gate [15] -> \scrambler_top_inst.test_period [15]
Changing input B of cell $abc$5626$auto$blifparse.cc:397:parse_blif$5678_gate ($_NOR_): \scrambler_top_inst.test_period_gate [0] -> \scrambler_top_inst.test_period [0]
Changing input A of cell $abc$5626$auto$blifparse.cc:397:parse_blif$5678_gate ($_NOR_): \scrambler_top_inst.test_period_gate [5] -> \scrambler_top_inst.test_period [5]
Changing input B of cell $abc$5626$auto$blifparse.cc:397:parse_blif$5679_gate ($_NOR_): \scrambler_top_inst.test_period_gate [2] -> \scrambler_top_inst.test_period [2]
Changing input A of cell $abc$5626$auto$blifparse.cc:397:parse_blif$5679_gate ($_NOR_): \scrambler_top_inst.test_period_gate [11] -> \scrambler_top_inst.test_period [11]
Changing input B of cell $abc$5626$auto$blifparse.cc:397:parse_blif$5681_gate ($_NOR_): \scrambler_top_inst.test_period_gate [3] -> \scrambler_top_inst.test_period [3]
Changing input A of cell $abc$5626$auto$blifparse.cc:397:parse_blif$5681_gate ($_NOR_): \scrambler_top_inst.test_period_gate [1] -> \scrambler_top_inst.test_period [1]
Changing input B of cell $abc$5626$auto$blifparse.cc:397:parse_blif$5682_gate ($_NOR_): \scrambler_top_inst.test_period_gate [6] -> \scrambler_top_inst.test_period [6]
Changing input A of cell $abc$5626$auto$blifparse.cc:397:parse_blif$5682_gate ($_NOR_): \scrambler_top_inst.test_period_gate [10] -> \scrambler_top_inst.test_period [10]
Changing input A of cell $abc$5626$auto$blifparse.cc:397:parse_blif$5686_gate ($_AND_): \scrambler_top_inst.test_en_gate -> \scrambler_top_inst.test_en
Changing input A of cell $abc$5626$auto$blifparse.cc:397:parse_blif$5687_gate ($_NAND_): \scrambler_top_inst.test_counter_gate [7] -> \scrambler_top_inst.test_counter [7]
Changing input B of cell $abc$5626$auto$blifparse.cc:397:parse_blif$5688_gate ($_NAND_): \scrambler_top_inst.test_period_gate [8] -> \scrambler_top_inst.test_period [8]
Changing input B of cell $abc$5626$auto$blifparse.cc:397:parse_blif$5690_gate ($_XNOR_): \scrambler_top_inst.test_period_gate [0] -> \scrambler_top_inst.test_period [0]
Changing input A of cell $abc$5626$auto$blifparse.cc:397:parse_blif$5690_gate ($_XNOR_): \scrambler_top_inst.test_counter_gate [0] -> \scrambler_top_inst.test_counter [0]
Changing input B of cell $abc$5626$auto$blifparse.cc:397:parse_blif$5692_gate ($_NAND_): \scrambler_top_inst.test_period_gate [3] -> \scrambler_top_inst.test_period [3]
Changing input B of cell $abc$5626$auto$blifparse.cc:397:parse_blif$5693_gate ($_NAND_): \scrambler_top_inst.test_period_gate [6] -> \scrambler_top_inst.test_period [6]
Changing input B of cell $abc$5626$auto$blifparse.cc:397:parse_blif$5695_gate ($_OR_): \scrambler_top_inst.test_period_gate [8] -> \scrambler_top_inst.test_period [8]
Changing input B of cell $abc$5626$auto$blifparse.cc:397:parse_blif$5696_gate ($_NAND_): \scrambler_top_inst.test_period_gate [10] -> \scrambler_top_inst.test_period [10]
Changing input B of cell $abc$5626$auto$blifparse.cc:397:parse_blif$5700_gate ($_XNOR_): \scrambler_top_inst.test_period_gate [4] -> \scrambler_top_inst.test_period [4]
Changing input A of cell $abc$5626$auto$blifparse.cc:397:parse_blif$5700_gate ($_XNOR_): \scrambler_top_inst.test_counter_gate [4] -> \scrambler_top_inst.test_counter [4]
Changing input B of cell $abc$5626$auto$blifparse.cc:397:parse_blif$5701_gate ($_XNOR_): \scrambler_top_inst.test_period_gate [15] -> \scrambler_top_inst.test_period [15]
Changing input A of cell $abc$5626$auto$blifparse.cc:397:parse_blif$5701_gate ($_XNOR_): \scrambler_top_inst.test_counter_gate [15] -> \scrambler_top_inst.test_counter [15]
Changing input B of cell $abc$5626$auto$blifparse.cc:397:parse_blif$5703_gate ($_XNOR_): \scrambler_top_inst.test_period_gate [2] -> \scrambler_top_inst.test_period [2]
Changing input A of cell $abc$5626$auto$blifparse.cc:397:parse_blif$5703_gate ($_XNOR_): \scrambler_top_inst.test_counter_gate [2] -> \scrambler_top_inst.test_counter [2]
Changing input B of cell $abc$5626$auto$blifparse.cc:397:parse_blif$5704_gate ($_XNOR_): \scrambler_top_inst.test_period_gate [9] -> \scrambler_top_inst.test_period [9]
Changing input A of cell $abc$5626$auto$blifparse.cc:397:parse_blif$5704_gate ($_XNOR_): \scrambler_top_inst.test_counter_gate [9] -> \scrambler_top_inst.test_counter [9]
Changing input B of cell $abc$5626$auto$blifparse.cc:397:parse_blif$5708_gate ($_XNOR_): \scrambler_top_inst.test_period_gate [11] -> \scrambler_top_inst.test_period [11]
Changing input A of cell $abc$5626$auto$blifparse.cc:397:parse_blif$5708_gate ($_XNOR_): \scrambler_top_inst.test_counter_gate [11] -> \scrambler_top_inst.test_counter [11]
Changing input B of cell $abc$5626$auto$blifparse.cc:397:parse_blif$5709_gate ($_XNOR_): \scrambler_top_inst.test_period_gate [14] -> \scrambler_top_inst.test_period [14]
Changing input A of cell $abc$5626$auto$blifparse.cc:397:parse_blif$5709_gate ($_XNOR_): \scrambler_top_inst.test_counter_gate [14] -> \scrambler_top_inst.test_counter [14]
Changing input B of cell $abc$5626$auto$blifparse.cc:397:parse_blif$5711_gate ($_OR_): \scrambler_top_inst.test_period_gate [13] -> \scrambler_top_inst.test_period [13]
Changing input B of cell $abc$5626$auto$blifparse.cc:397:parse_blif$5712_gate ($_NAND_): \scrambler_top_inst.test_period_gate [12] -> \scrambler_top_inst.test_period [12]
Changing input A of cell $abc$5626$auto$blifparse.cc:397:parse_blif$5714_gate ($_NAND_): \scrambler_top_inst.test_counter_gate [1] -> \scrambler_top_inst.test_counter [1]
Changing input B of cell $abc$5626$auto$blifparse.cc:397:parse_blif$5715_gate ($_OR_): \scrambler_top_inst.test_period_gate [12] -> \scrambler_top_inst.test_period [12]
Changing input B of cell $abc$5626$auto$blifparse.cc:397:parse_blif$5719_gate ($_NAND_): \scrambler_top_inst.test_period_gate [13] -> \scrambler_top_inst.test_period [13]
Changing input A of cell $abc$5626$auto$blifparse.cc:397:parse_blif$5720_gate ($_OR_): \scrambler_top_inst.test_counter_gate [7] -> \scrambler_top_inst.test_counter [7]
Changing input B of cell $abc$5626$auto$blifparse.cc:397:parse_blif$5722_gate ($_OR_): \scrambler_top_inst.test_period_gate [3] -> \scrambler_top_inst.test_period [3]
Changing input B of cell $abc$5626$auto$blifparse.cc:397:parse_blif$5723_gate ($_OR_): \scrambler_top_inst.test_period_gate [6] -> \scrambler_top_inst.test_period [6]
Changing input B of cell $abc$5626$auto$blifparse.cc:397:parse_blif$5726_gate ($_XNOR_): \scrambler_top_inst.test_period_gate [5] -> \scrambler_top_inst.test_period [5]
Changing input A of cell $abc$5626$auto$blifparse.cc:397:parse_blif$5726_gate ($_XNOR_): \scrambler_top_inst.test_counter_gate [5] -> \scrambler_top_inst.test_counter [5]
Changing input B of cell $abc$5626$auto$blifparse.cc:397:parse_blif$5727_gate ($_OR_): \scrambler_top_inst.test_period_gate [10] -> \scrambler_top_inst.test_period [10]
Changing input A of cell $abc$5626$auto$blifparse.cc:397:parse_blif$5728_gate ($_OR_): \scrambler_top_inst.test_counter_gate [1] -> \scrambler_top_inst.test_counter [1]
Changing input A of cell $abc$5626$auto$blifparse.cc:397:parse_blif$5736_gate ($_XNOR_): \scrambler_top_inst.test_counter_gate [15] -> \scrambler_top_inst.test_counter [15]
Changing input A of cell $abc$5626$auto$blifparse.cc:397:parse_blif$5745_gate ($_NAND_): \scrambler_top_inst.scrambler.state_gate [31] -> \scrambler_top_inst.scrambler.state [31]
Changing input A of cell $abc$5626$auto$blifparse.cc:397:parse_blif$5751_gate ($_NAND_): \scrambler_top_inst.descrambler.state_gate [31] -> \scrambler_top_inst.descrambler.state [31]
Changing input A of cell $abc$5626$auto$blifparse.cc:397:parse_blif$5755_gate ($_NAND_): \scrambler_top_inst.seed_reg_gate [31] -> \scrambler_top_inst.seed_reg [31]
Changing input B of cell $abc$5626$auto$blifparse.cc:397:parse_blif$5759_gate ($_NAND_): \scrambler_top_inst.descrambler.dout_tmp_gate [7] -> \scrambler_top_inst.descrambler.dout_tmp [7]
Changing input A of cell $abc$5626$auto$blifparse.cc:397:parse_blif$5759_gate ($_NAND_): \scrambler_top_inst.mode_gate [1] -> \scrambler_top_inst.mode [1]
Changing input A of cell $abc$5626$auto$blifparse.cc:397:parse_blif$5760_gate ($_NAND_): \scrambler_top_inst.scrambler.dout_tmp_gate [7] -> \scrambler_top_inst.scrambler.dout_tmp [7]
Changing input A of cell $abc$5626$auto$blifparse.cc:397:parse_blif$5763_gate ($_XNOR_): \scrambler_top_inst.test_counter_gate [7] -> \scrambler_top_inst.test_counter [7]
Changing input A of cell $abc$5626$auto$blifparse.cc:397:parse_blif$5774_gate ($_XNOR_): \scrambler_top_inst.test_counter_gate [8] -> \scrambler_top_inst.test_counter [8]
Changing input A of cell $abc$5626$auto$blifparse.cc:397:parse_blif$5777_gate ($_NAND_): \scrambler_top_inst.descrambler.state_gate [57] -> \scrambler_top_inst.descrambler.state [57]
Changing input A of cell $abc$5626$auto$blifparse.cc:397:parse_blif$5778_gate ($_NAND_): \scrambler_top_inst.descrambler.state_gate [25] -> \scrambler_top_inst.descrambler.state [25]
Changing input A of cell $abc$5626$auto$blifparse.cc:397:parse_blif$5780_gate ($_NAND_): \scrambler_top_inst.scrambler.state_gate [25] -> \scrambler_top_inst.scrambler.state [25]
Changing input A of cell $abc$5626$auto$blifparse.cc:397:parse_blif$5783_gate ($_NAND_): \scrambler_top_inst.scrambler.state_gate [57] -> \scrambler_top_inst.scrambler.state [57]
Changing input A of cell $abc$5626$auto$blifparse.cc:397:parse_blif$5785_gate ($_NAND_): \scrambler_top_inst.seed_reg_gate [57] -> \scrambler_top_inst.seed_reg [57]
Changing input A of cell $abc$5626$auto$blifparse.cc:397:parse_blif$5786_gate ($_NAND_): \scrambler_top_inst.seed_reg_gate [25] -> \scrambler_top_inst.seed_reg [25]
Changing input B of cell $abc$5626$auto$blifparse.cc:397:parse_blif$5793_gate ($_NAND_): \scrambler_top_inst.descrambler.dout_tmp_gate [0] -> \scrambler_top_inst.descrambler.dout_tmp [0]
Changing input A of cell $abc$5626$auto$blifparse.cc:397:parse_blif$5793_gate ($_NAND_): \scrambler_top_inst.mode_gate [1] -> \scrambler_top_inst.mode [1]
Changing input A of cell $abc$5626$auto$blifparse.cc:397:parse_blif$5794_gate ($_NAND_): \scrambler_top_inst.scrambler.dout_tmp_gate [0] -> \scrambler_top_inst.scrambler.dout_tmp [0]
Changing input B of cell $abc$5626$auto$blifparse.cc:397:parse_blif$5798_gate ($_NAND_): \scrambler_top_inst.descrambler.dout_tmp_gate [1] -> \scrambler_top_inst.descrambler.dout_tmp [1]
Changing input A of cell $abc$5626$auto$blifparse.cc:397:parse_blif$5798_gate ($_NAND_): \scrambler_top_inst.mode_gate [1] -> \scrambler_top_inst.mode [1]
Changing input A of cell $abc$5626$auto$blifparse.cc:397:parse_blif$5799_gate ($_NAND_): \scrambler_top_inst.scrambler.dout_tmp_gate [1] -> \scrambler_top_inst.scrambler.dout_tmp [1]
Changing input B of cell $abc$5626$auto$blifparse.cc:397:parse_blif$5803_gate ($_NAND_): \scrambler_top_inst.descrambler.dout_tmp_gate [2] -> \scrambler_top_inst.descrambler.dout_tmp [2]
Changing input A of cell $abc$5626$auto$blifparse.cc:397:parse_blif$5803_gate ($_NAND_): \scrambler_top_inst.mode_gate [1] -> \scrambler_top_inst.mode [1]
Changing input A of cell $abc$5626$auto$blifparse.cc:397:parse_blif$5804_gate ($_NAND_): \scrambler_top_inst.scrambler.dout_tmp_gate [2] -> \scrambler_top_inst.scrambler.dout_tmp [2]
Changing input B of cell $abc$5626$auto$blifparse.cc:397:parse_blif$5808_gate ($_NAND_): \scrambler_top_inst.descrambler.dout_tmp_gate [3] -> \scrambler_top_inst.descrambler.dout_tmp [3]
Changing input A of cell $abc$5626$auto$blifparse.cc:397:parse_blif$5808_gate ($_NAND_): \scrambler_top_inst.mode_gate [1] -> \scrambler_top_inst.mode [1]
Changing input A of cell $abc$5626$auto$blifparse.cc:397:parse_blif$5809_gate ($_NAND_): \scrambler_top_inst.scrambler.dout_tmp_gate [3] -> \scrambler_top_inst.scrambler.dout_tmp [3]
Changing input B of cell $abc$5626$auto$blifparse.cc:397:parse_blif$5813_gate ($_NAND_): \scrambler_top_inst.descrambler.dout_tmp_gate [4] -> \scrambler_top_inst.descrambler.dout_tmp [4]
Changing input A of cell $abc$5626$auto$blifparse.cc:397:parse_blif$5813_gate ($_NAND_): \scrambler_top_inst.mode_gate [1] -> \scrambler_top_inst.mode [1]
Changing input A of cell $abc$5626$auto$blifparse.cc:397:parse_blif$5814_gate ($_NAND_): \scrambler_top_inst.scrambler.dout_tmp_gate [4] -> \scrambler_top_inst.scrambler.dout_tmp [4]
Changing input A of cell $abc$5626$auto$blifparse.cc:397:parse_blif$5817_gate ($_NAND_): \scrambler_top_inst.scrambler.dout_tmp_gate [5] -> \scrambler_top_inst.scrambler.dout_tmp [5]
Changing input B of cell $abc$5626$auto$blifparse.cc:397:parse_blif$5818_gate ($_NAND_): \scrambler_top_inst.descrambler.dout_tmp_gate [5] -> \scrambler_top_inst.descrambler.dout_tmp [5]
Changing input A of cell $abc$5626$auto$blifparse.cc:397:parse_blif$5818_gate ($_NAND_): \scrambler_top_inst.mode_gate [1] -> \scrambler_top_inst.mode [1]
Changing input B of cell $abc$5626$auto$blifparse.cc:397:parse_blif$5823_gate ($_NAND_): \scrambler_top_inst.descrambler.dout_tmp_gate [6] -> \scrambler_top_inst.descrambler.dout_tmp [6]
Changing input A of cell $abc$5626$auto$blifparse.cc:397:parse_blif$5823_gate ($_NAND_): \scrambler_top_inst.mode_gate [1] -> \scrambler_top_inst.mode [1]
Changing input A of cell $abc$5626$auto$blifparse.cc:397:parse_blif$5824_gate ($_NAND_): \scrambler_top_inst.scrambler.dout_tmp_gate [6] -> \scrambler_top_inst.scrambler.dout_tmp [6]
Changing input A of cell $abc$5626$auto$blifparse.cc:397:parse_blif$5827_gate ($_XNOR_): \scrambler_top_inst.test_counter_gate [4] -> \scrambler_top_inst.test_counter [4]
Changing input A of cell $abc$5626$auto$blifparse.cc:397:parse_blif$5829_gate ($_XNOR_): \scrambler_top_inst.test_counter_gate [6] -> \scrambler_top_inst.test_counter [6]
Changing input A of cell $abc$5626$auto$blifparse.cc:397:parse_blif$5831_gate ($_XOR_): \scrambler_top_inst.test_counter_gate [9] -> \scrambler_top_inst.test_counter [9]
Changing input A of cell $abc$5626$auto$blifparse.cc:397:parse_blif$5833_gate ($_XNOR_): \scrambler_top_inst.test_counter_gate [3] -> \scrambler_top_inst.test_counter [3]
Changing input B of cell $abc$5626$auto$blifparse.cc:397:parse_blif$5835_gate ($_XNOR_): \scrambler_top_inst.test_counter_gate [1] -> \scrambler_top_inst.test_counter [1]
Changing input A of cell $abc$5626$auto$blifparse.cc:397:parse_blif$5835_gate ($_XNOR_): \scrambler_top_inst.test_counter_gate [0] -> \scrambler_top_inst.test_counter [0]
Changing input A of cell $abc$5626$auto$blifparse.cc:397:parse_blif$5837_gate ($_XNOR_): \scrambler_top_inst.test_counter_gate [5] -> \scrambler_top_inst.test_counter [5]
Changing input A of cell $abc$5626$auto$blifparse.cc:397:parse_blif$5839_gate ($_NOR_): \scrambler_top_inst.test_counter_gate [0] -> \scrambler_top_inst.test_counter [0]
Changing input A of cell $abc$5626$auto$blifparse.cc:397:parse_blif$5840_gate ($_NAND_): \scrambler_top_inst.seed_reg_gate [23] -> \scrambler_top_inst.seed_reg [23]
Changing input A of cell $abc$5626$auto$blifparse.cc:397:parse_blif$5841_gate ($_NAND_): \scrambler_top_inst.descrambler.state_gate [23] -> \scrambler_top_inst.descrambler.state [23]
Changing input A of cell $abc$5626$auto$blifparse.cc:397:parse_blif$5843_gate ($_NAND_): \scrambler_top_inst.scrambler.state_gate [55] -> \scrambler_top_inst.scrambler.state [55]
Changing input A of cell $abc$5626$auto$blifparse.cc:397:parse_blif$5844_gate ($_NAND_): \scrambler_top_inst.scrambler.state_gate [23] -> \scrambler_top_inst.scrambler.state [23]
Changing input A of cell $abc$5626$auto$blifparse.cc:397:parse_blif$5846_gate ($_NAND_): \scrambler_top_inst.descrambler.state_gate [55] -> \scrambler_top_inst.descrambler.state [55]
Changing input A of cell $abc$5626$auto$blifparse.cc:397:parse_blif$5847_gate ($_NAND_): \scrambler_top_inst.seed_reg_gate [55] -> \scrambler_top_inst.seed_reg [55]
Changing input A of cell $abc$5626$auto$blifparse.cc:397:parse_blif$5851_gate ($_XNOR_): \scrambler_top_inst.test_counter_gate [2] -> \scrambler_top_inst.test_counter [2]
Changing input A of cell $abc$5626$auto$blifparse.cc:397:parse_blif$5853_gate ($_NAND_): \scrambler_top_inst.descrambler.state_gate [54] -> \scrambler_top_inst.descrambler.state [54]
Changing input A of cell $abc$5626$auto$blifparse.cc:397:parse_blif$5854_gate ($_NAND_): \scrambler_top_inst.seed_reg_gate [54] -> \scrambler_top_inst.seed_reg [54]
Changing input A of cell $abc$5626$auto$blifparse.cc:397:parse_blif$5856_gate ($_NAND_): \scrambler_top_inst.scrambler.state_gate [22] -> \scrambler_top_inst.scrambler.state [22]
Changing input A of cell $abc$5626$auto$blifparse.cc:397:parse_blif$5857_gate ($_NAND_): \scrambler_top_inst.scrambler.state_gate [54] -> \scrambler_top_inst.scrambler.state [54]
Changing input A of cell $abc$5626$auto$blifparse.cc:397:parse_blif$5859_gate ($_NAND_): \scrambler_top_inst.seed_reg_gate [22] -> \scrambler_top_inst.seed_reg [22]
Changing input A of cell $abc$5626$auto$blifparse.cc:397:parse_blif$5860_gate ($_NAND_): \scrambler_top_inst.descrambler.state_gate [22] -> \scrambler_top_inst.descrambler.state [22]
Changing input A of cell $abc$5626$auto$blifparse.cc:397:parse_blif$5866_gate ($_XOR_): \scrambler_top_inst.test_counter_gate [14] -> \scrambler_top_inst.test_counter [14]
Changing input A of cell $abc$5626$auto$blifparse.cc:397:parse_blif$5868_gate ($_XOR_): \scrambler_top_inst.test_counter_gate [11] -> \scrambler_top_inst.test_counter [11]
Changing input A of cell $abc$5626$auto$blifparse.cc:397:parse_blif$5872_gate ($_NAND_): \scrambler_top_inst.descrambler.state_gate [56] -> \scrambler_top_inst.descrambler.state [56]
Changing input A of cell $abc$5626$auto$blifparse.cc:397:parse_blif$5873_gate ($_NAND_): \scrambler_top_inst.seed_reg_gate [24] -> \scrambler_top_inst.seed_reg [24]
Changing input A of cell $abc$5626$auto$blifparse.cc:397:parse_blif$5875_gate ($_NAND_): \scrambler_top_inst.descrambler.state_gate [24] -> \scrambler_top_inst.descrambler.state [24]
Changing input A of cell $abc$5626$auto$blifparse.cc:397:parse_blif$5876_gate ($_NAND_): \scrambler_top_inst.scrambler.state_gate [24] -> \scrambler_top_inst.scrambler.state [24]
Changing input A of cell $abc$5626$auto$blifparse.cc:397:parse_blif$5878_gate ($_NAND_): \scrambler_top_inst.seed_reg_gate [56] -> \scrambler_top_inst.seed_reg [56]
Changing input A of cell $abc$5626$auto$blifparse.cc:397:parse_blif$5879_gate ($_NAND_): \scrambler_top_inst.scrambler.state_gate [56] -> \scrambler_top_inst.scrambler.state [56]
Changing input A of cell $abc$5626$auto$blifparse.cc:397:parse_blif$5883_gate ($_NAND_): \scrambler_top_inst.test_en_gate -> \scrambler_top_inst.test_en
Changing input A of cell $abc$5626$auto$blifparse.cc:397:parse_blif$5884_gate ($_NAND_): \scrambler_top_inst.mode_gate [0] -> \scrambler_top_inst.mode [0]
Changing input A of cell $abc$5626$auto$blifparse.cc:397:parse_blif$5886_gate ($_NAND_): \scrambler_top_inst.descrambler.state_gate [32] -> \scrambler_top_inst.descrambler.state [32]
Changing input A of cell $abc$5626$auto$blifparse.cc:397:parse_blif$5887_gate ($_NAND_): \scrambler_top_inst.seed_reg_gate [32] -> \scrambler_top_inst.seed_reg [32]
Changing input A of cell $abc$5626$auto$blifparse.cc:397:parse_blif$5888_gate ($_NAND_): \scrambler_top_inst.scrambler.state_gate [0] -> \scrambler_top_inst.scrambler.state [0]
Changing input A of cell $abc$5626$auto$blifparse.cc:397:parse_blif$5889_gate ($_NAND_): \scrambler_top_inst.descrambler.state_gate [0] -> \scrambler_top_inst.descrambler.state [0]
Changing input A of cell $abc$5626$auto$blifparse.cc:397:parse_blif$5890_gate ($_NAND_): \scrambler_top_inst.seed_reg_gate [0] -> \scrambler_top_inst.seed_reg [0]
Changing input A of cell $abc$5626$auto$blifparse.cc:397:parse_blif$5892_gate ($_NAND_): \scrambler_top_inst.descrambler.locked_gate -> \scrambler_top_inst.descrambler.locked
Changing input A of cell $abc$5626$auto$blifparse.cc:397:parse_blif$5893_gate ($_NAND_): \scrambler_top_inst.scrambler.state_gate [32] -> \scrambler_top_inst.scrambler.state [32]
Changing input A of cell $abc$5626$auto$blifparse.cc:397:parse_blif$5901_gate ($_NAND_): \scrambler_top_inst.seed_reg_gate [1] -> \scrambler_top_inst.seed_reg [1]
Changing input A of cell $abc$5626$auto$blifparse.cc:397:parse_blif$5902_gate ($_NAND_): \scrambler_top_inst.descrambler.state_gate [1] -> \scrambler_top_inst.descrambler.state [1]
Changing input A of cell $abc$5626$auto$blifparse.cc:397:parse_blif$5904_gate ($_NAND_): \scrambler_top_inst.mode_gate [1] -> \scrambler_top_inst.mode [1]
Changing input A of cell $abc$5626$auto$blifparse.cc:397:parse_blif$5905_gate ($_NAND_): \scrambler_top_inst.scrambler.state_gate [33] -> \scrambler_top_inst.scrambler.state [33]
Changing input A of cell $abc$5626$auto$blifparse.cc:397:parse_blif$5907_gate ($_NAND_): \scrambler_top_inst.scrambler.state_gate [1] -> \scrambler_top_inst.scrambler.state [1]
Changing input A of cell $abc$5626$auto$blifparse.cc:397:parse_blif$5908_gate ($_NAND_): \scrambler_top_inst.descrambler.state_gate [33] -> \scrambler_top_inst.descrambler.state [33]
Changing input B of cell $abc$5626$auto$blifparse.cc:397:parse_blif$5912_gate ($_NOR_): \scrambler_top_inst.seed_reg_gate [9] -> \scrambler_top_inst.seed_reg [9]
Changing input A of cell $abc$5626$auto$blifparse.cc:397:parse_blif$5912_gate ($_NOR_): \scrambler_top_inst.seed_reg_gate [8] -> \scrambler_top_inst.seed_reg [8]
Changing input B of cell $abc$5626$auto$blifparse.cc:397:parse_blif$5913_gate ($_NOR_): \scrambler_top_inst.seed_reg_gate [27] -> \scrambler_top_inst.seed_reg [27]
Changing input A of cell $abc$5626$auto$blifparse.cc:397:parse_blif$5913_gate ($_NOR_): \scrambler_top_inst.seed_reg_gate [26] -> \scrambler_top_inst.seed_reg [26]
Changing input B of cell $abc$5626$auto$blifparse.cc:397:parse_blif$5915_gate ($_NOR_): \scrambler_top_inst.seed_reg_gate [54] -> \scrambler_top_inst.seed_reg [54]
Changing input A of cell $abc$5626$auto$blifparse.cc:397:parse_blif$5915_gate ($_NOR_): \scrambler_top_inst.seed_reg_gate [55] -> \scrambler_top_inst.seed_reg [55]
Changing input B of cell $abc$5626$auto$blifparse.cc:397:parse_blif$5916_gate ($_NOR_): \scrambler_top_inst.seed_reg_gate [56] -> \scrambler_top_inst.seed_reg [56]
Changing input A of cell $abc$5626$auto$blifparse.cc:397:parse_blif$5916_gate ($_NOR_): \scrambler_top_inst.seed_reg_gate [57] -> \scrambler_top_inst.seed_reg [57]
Changing input B of cell $abc$5626$auto$blifparse.cc:397:parse_blif$5919_gate ($_NOR_): \scrambler_top_inst.seed_reg_gate [22] -> \scrambler_top_inst.seed_reg [22]
Changing input A of cell $abc$5626$auto$blifparse.cc:397:parse_blif$5919_gate ($_NOR_): \scrambler_top_inst.seed_reg_gate [23] -> \scrambler_top_inst.seed_reg [23]
Changing input B of cell $abc$5626$auto$blifparse.cc:397:parse_blif$5920_gate ($_NOR_): \scrambler_top_inst.seed_reg_gate [5] -> \scrambler_top_inst.seed_reg [5]
Changing input A of cell $abc$5626$auto$blifparse.cc:397:parse_blif$5920_gate ($_NOR_): \scrambler_top_inst.seed_reg_gate [4] -> \scrambler_top_inst.seed_reg [4]
Changing input B of cell $abc$5626$auto$blifparse.cc:397:parse_blif$5922_gate ($_NOR_): \scrambler_top_inst.seed_reg_gate [3] -> \scrambler_top_inst.seed_reg [3]
Changing input A of cell $abc$5626$auto$blifparse.cc:397:parse_blif$5922_gate ($_NOR_): \scrambler_top_inst.seed_reg_gate [2] -> \scrambler_top_inst.seed_reg [2]
Changing input B of cell $abc$5626$auto$blifparse.cc:397:parse_blif$5923_gate ($_NOR_): \scrambler_top_inst.seed_reg_gate [38] -> \scrambler_top_inst.seed_reg [38]
Changing input A of cell $abc$5626$auto$blifparse.cc:397:parse_blif$5923_gate ($_NOR_): \scrambler_top_inst.seed_reg_gate [39] -> \scrambler_top_inst.seed_reg [39]
Changing input B of cell $abc$5626$auto$blifparse.cc:397:parse_blif$5927_gate ($_NOR_): \scrambler_top_inst.seed_reg_gate [19] -> \scrambler_top_inst.seed_reg [19]
Changing input A of cell $abc$5626$auto$blifparse.cc:397:parse_blif$5927_gate ($_NOR_): \scrambler_top_inst.seed_reg_gate [18] -> \scrambler_top_inst.seed_reg [18]
Changing input B of cell $abc$5626$auto$blifparse.cc:397:parse_blif$5928_gate ($_NOR_): \scrambler_top_inst.seed_reg_gate [45] -> \scrambler_top_inst.seed_reg [45]
Changing input A of cell $abc$5626$auto$blifparse.cc:397:parse_blif$5928_gate ($_NOR_): \scrambler_top_inst.seed_reg_gate [44] -> \scrambler_top_inst.seed_reg [44]
Changing input B of cell $abc$5626$auto$blifparse.cc:397:parse_blif$5930_gate ($_NOR_): \scrambler_top_inst.seed_reg_gate [41] -> \scrambler_top_inst.seed_reg [41]
Changing input A of cell $abc$5626$auto$blifparse.cc:397:parse_blif$5930_gate ($_NOR_): \scrambler_top_inst.seed_reg_gate [40] -> \scrambler_top_inst.seed_reg [40]
Changing input B of cell $abc$5626$auto$blifparse.cc:397:parse_blif$5932_gate ($_NOR_): \scrambler_top_inst.seed_reg_gate [33] -> \scrambler_top_inst.seed_reg [33]
Changing input A of cell $abc$5626$auto$blifparse.cc:397:parse_blif$5932_gate ($_NOR_): \scrambler_top_inst.seed_reg_gate [32] -> \scrambler_top_inst.seed_reg [32]
Changing input B of cell $abc$5626$auto$blifparse.cc:397:parse_blif$5933_gate ($_NOR_): \scrambler_top_inst.seed_reg_gate [24] -> \scrambler_top_inst.seed_reg [24]
Changing input A of cell $abc$5626$auto$blifparse.cc:397:parse_blif$5933_gate ($_NOR_): \scrambler_top_inst.seed_reg_gate [25] -> \scrambler_top_inst.seed_reg [25]
Changing input B of cell $abc$5626$auto$blifparse.cc:397:parse_blif$5935_gate ($_NOR_): \scrambler_top_inst.seed_reg_gate [49] -> \scrambler_top_inst.seed_reg [49]
Changing input A of cell $abc$5626$auto$blifparse.cc:397:parse_blif$5935_gate ($_NOR_): \scrambler_top_inst.seed_reg_gate [48] -> \scrambler_top_inst.seed_reg [48]
Changing input B of cell $abc$5626$auto$blifparse.cc:397:parse_blif$5936_gate ($_NOR_): \scrambler_top_inst.seed_reg_gate [34] -> \scrambler_top_inst.seed_reg [34]
Changing input A of cell $abc$5626$auto$blifparse.cc:397:parse_blif$5936_gate ($_NOR_): \scrambler_top_inst.seed_reg_gate [35] -> \scrambler_top_inst.seed_reg [35]
Changing input B of cell $abc$5626$auto$blifparse.cc:397:parse_blif$5941_gate ($_NOR_): \scrambler_top_inst.seed_reg_gate [15] -> \scrambler_top_inst.seed_reg [15]
Changing input A of cell $abc$5626$auto$blifparse.cc:397:parse_blif$5941_gate ($_NOR_): \scrambler_top_inst.seed_reg_gate [30] -> \scrambler_top_inst.seed_reg [30]
Changing input B of cell $abc$5626$auto$blifparse.cc:397:parse_blif$5942_gate ($_NOR_): \scrambler_top_inst.seed_reg_gate [16] -> \scrambler_top_inst.seed_reg [16]
Changing input A of cell $abc$5626$auto$blifparse.cc:397:parse_blif$5942_gate ($_NOR_): \scrambler_top_inst.seed_reg_gate [43] -> \scrambler_top_inst.seed_reg [43]
Changing input B of cell $abc$5626$auto$blifparse.cc:397:parse_blif$5944_gate ($_NOR_): \scrambler_top_inst.seed_reg_gate [14] -> \scrambler_top_inst.seed_reg [14]
Changing input A of cell $abc$5626$auto$blifparse.cc:397:parse_blif$5944_gate ($_NOR_): \scrambler_top_inst.seed_reg_gate [37] -> \scrambler_top_inst.seed_reg [37]
Changing input B of cell $abc$5626$auto$blifparse.cc:397:parse_blif$5945_gate ($_NOR_): \scrambler_top_inst.seed_reg_gate [17] -> \scrambler_top_inst.seed_reg [17]
Changing input A of cell $abc$5626$auto$blifparse.cc:397:parse_blif$5945_gate ($_NOR_): \scrambler_top_inst.seed_reg_gate [42] -> \scrambler_top_inst.seed_reg [42]
Changing input B of cell $abc$5626$auto$blifparse.cc:397:parse_blif$5947_gate ($_NOR_): \scrambler_top_inst.seed_reg_gate [52] -> \scrambler_top_inst.seed_reg [52]
Changing input A of cell $abc$5626$auto$blifparse.cc:397:parse_blif$5947_gate ($_NOR_): \scrambler_top_inst.seed_reg_gate [20] -> \scrambler_top_inst.seed_reg [20]
Changing input B of cell $abc$5626$auto$blifparse.cc:397:parse_blif$5948_gate ($_NOR_): \scrambler_top_inst.seed_reg_gate [28] -> \scrambler_top_inst.seed_reg [28]
Changing input A of cell $abc$5626$auto$blifparse.cc:397:parse_blif$5948_gate ($_NOR_): \scrambler_top_inst.seed_reg_gate [36] -> \scrambler_top_inst.seed_reg [36]
Changing input B of cell $abc$5626$auto$blifparse.cc:397:parse_blif$5952_gate ($_NOR_): \scrambler_top_inst.seed_reg_gate [47] -> \scrambler_top_inst.seed_reg [47]
Changing input A of cell $abc$5626$auto$blifparse.cc:397:parse_blif$5952_gate ($_NOR_): \scrambler_top_inst.seed_reg_gate [53] -> \scrambler_top_inst.seed_reg [53]
Changing input B of cell $abc$5626$auto$blifparse.cc:397:parse_blif$5953_gate ($_NOR_): \scrambler_top_inst.seed_reg_gate [46] -> \scrambler_top_inst.seed_reg [46]
Changing input A of cell $abc$5626$auto$blifparse.cc:397:parse_blif$5953_gate ($_NOR_): \scrambler_top_inst.seed_reg_gate [51] -> \scrambler_top_inst.seed_reg [51]
Changing input B of cell $abc$5626$auto$blifparse.cc:397:parse_blif$5955_gate ($_NOR_): \scrambler_top_inst.seed_reg_gate [50] -> \scrambler_top_inst.seed_reg [50]
Changing input A of cell $abc$5626$auto$blifparse.cc:397:parse_blif$5955_gate ($_NOR_): \scrambler_top_inst.seed_reg_gate [10] -> \scrambler_top_inst.seed_reg [10]
Changing input B of cell $abc$5626$auto$blifparse.cc:397:parse_blif$5956_gate ($_NOR_): \scrambler_top_inst.seed_reg_gate [1] -> \scrambler_top_inst.seed_reg [1]
Changing input A of cell $abc$5626$auto$blifparse.cc:397:parse_blif$5956_gate ($_NOR_): \scrambler_top_inst.seed_reg_gate [11] -> \scrambler_top_inst.seed_reg [11]
Changing input B of cell $abc$5626$auto$blifparse.cc:397:parse_blif$5959_gate ($_NOR_): \scrambler_top_inst.seed_reg_gate [21] -> \scrambler_top_inst.seed_reg [21]
Changing input A of cell $abc$5626$auto$blifparse.cc:397:parse_blif$5959_gate ($_NOR_): \scrambler_top_inst.seed_reg_gate [12] -> \scrambler_top_inst.seed_reg [12]
Changing input B of cell $abc$5626$auto$blifparse.cc:397:parse_blif$5960_gate ($_NOR_): \scrambler_top_inst.seed_reg_gate [13] -> \scrambler_top_inst.seed_reg [13]
Changing input A of cell $abc$5626$auto$blifparse.cc:397:parse_blif$5960_gate ($_NOR_): \scrambler_top_inst.seed_reg_gate [29] -> \scrambler_top_inst.seed_reg [29]
Changing input B of cell $abc$5626$auto$blifparse.cc:397:parse_blif$5962_gate ($_NOR_): \scrambler_top_inst.seed_reg_gate [7] -> \scrambler_top_inst.seed_reg [7]
Changing input A of cell $abc$5626$auto$blifparse.cc:397:parse_blif$5962_gate ($_NOR_): \scrambler_top_inst.seed_reg_gate [6] -> \scrambler_top_inst.seed_reg [6]
Changing input B of cell $abc$5626$auto$blifparse.cc:397:parse_blif$5963_gate ($_NOR_): \scrambler_top_inst.seed_reg_gate [0] -> \scrambler_top_inst.seed_reg [0]
Changing input A of cell $abc$5626$auto$blifparse.cc:397:parse_blif$5963_gate ($_NOR_): \scrambler_top_inst.seed_reg_gate [31] -> \scrambler_top_inst.seed_reg [31]
Changing input A of cell $abc$5626$auto$blifparse.cc:397:parse_blif$5971_gate ($_NAND_): \scrambler_top_inst.seed_reg_gate [33] -> \scrambler_top_inst.seed_reg [33]
Changing input A of cell $abc$5626$auto$blifparse.cc:397:parse_blif$5972_gate ($_NAND_): \scrambler_top_inst.test_period_gate [0] -> \scrambler_top_inst.test_period [0]
Changing input A of cell $abc$5626$auto$blifparse.cc:397:parse_blif$5973_gate ($_NAND_): \scrambler_top_inst.scrambler.allzero_err_gate -> \scrambler_top_inst.scrambler.allzero_err
Changing input A of cell $abc$5626$auto$blifparse.cc:397:parse_blif$5978_gate ($_NAND_): \scrambler_top_inst.seed_reg_gate [34] -> \scrambler_top_inst.seed_reg [34]
Changing input A of cell $abc$5626$auto$blifparse.cc:397:parse_blif$5979_gate ($_NAND_): \scrambler_top_inst.descrambler.state_gate [34] -> \scrambler_top_inst.descrambler.state [34]
Changing input B of cell $abc$5626$auto$blifparse.cc:397:parse_blif$5981_gate ($_OR_): \scrambler_top_inst.descrambler.parity_err_gate -> \scrambler_top_inst.descrambler.parity_err
Changing input A of cell $abc$5626$auto$blifparse.cc:397:parse_blif$5981_gate ($_OR_): \scrambler_top_inst.scrambler.parity_err_gate -> \scrambler_top_inst.scrambler.parity_err
Changing input A of cell $abc$5626$auto$blifparse.cc:397:parse_blif$5983_gate ($_NAND_): \scrambler_top_inst.descrambler.state_gate [2] -> \scrambler_top_inst.descrambler.state [2]
Changing input A of cell $abc$5626$auto$blifparse.cc:397:parse_blif$5984_gate ($_NAND_): \scrambler_top_inst.ctrl_en_gate -> \scrambler_top_inst.ctrl_en
Changing input A of cell $abc$5626$auto$blifparse.cc:397:parse_blif$5985_gate ($_NAND_): \scrambler_top_inst.scrambler.state_gate [2] -> \scrambler_top_inst.scrambler.state [2]
Changing input A of cell $abc$5626$auto$blifparse.cc:397:parse_blif$5986_gate ($_NAND_): \scrambler_top_inst.scrambler.state_gate [34] -> \scrambler_top_inst.scrambler.state [34]
Changing input A of cell $abc$5626$auto$blifparse.cc:397:parse_blif$5987_gate ($_NAND_): \scrambler_top_inst.test_period_gate [1] -> \scrambler_top_inst.test_period [1]
Changing input A of cell $abc$5626$auto$blifparse.cc:397:parse_blif$5988_gate ($_NAND_): \scrambler_top_inst.seed_reg_gate [2] -> \scrambler_top_inst.seed_reg [2]
Changing input A of cell $abc$5626$auto$blifparse.cc:397:parse_blif$5996_gate ($_NAND_): \scrambler_top_inst.scrambler.state_gate [35] -> \scrambler_top_inst.scrambler.state [35]
Changing input A of cell $abc$5626$auto$blifparse.cc:397:parse_blif$5997_gate ($_NAND_): \scrambler_top_inst.test_period_gate [2] -> \scrambler_top_inst.test_period [2]
Changing input A of cell $abc$5626$auto$blifparse.cc:397:parse_blif$5998_gate ($_NAND_): \scrambler_top_inst.seed_reg_gate [3] -> \scrambler_top_inst.seed_reg [3]
Changing input A of cell $abc$5626$auto$blifparse.cc:397:parse_blif$6001_gate ($_NAND_): \scrambler_top_inst.descrambler.state_gate [35] -> \scrambler_top_inst.descrambler.state [35]
Changing input A of cell $abc$5626$auto$blifparse.cc:397:parse_blif$6002_gate ($_NAND_): \scrambler_top_inst.seed_reg_gate [35] -> \scrambler_top_inst.seed_reg [35]
Changing input A of cell $abc$5626$auto$blifparse.cc:397:parse_blif$6004_gate ($_NAND_): \scrambler_top_inst.descrambler.state_gate [3] -> \scrambler_top_inst.descrambler.state [3]
Changing input A of cell $abc$5626$auto$blifparse.cc:397:parse_blif$6005_gate ($_NAND_): \scrambler_top_inst.scrambler.state_gate [3] -> \scrambler_top_inst.scrambler.state [3]
Changing input A of cell $abc$5626$auto$blifparse.cc:397:parse_blif$6009_gate ($_NAND_): \scrambler_top_inst.test_period_gate [3] -> \scrambler_top_inst.test_period [3]
Changing input A of cell $abc$5626$auto$blifparse.cc:397:parse_blif$6010_gate ($_NAND_): \scrambler_top_inst.descrambler.state_gate [4] -> \scrambler_top_inst.descrambler.state [4]
Changing input A of cell $abc$5626$auto$blifparse.cc:397:parse_blif$6011_gate ($_NAND_): \scrambler_top_inst.scrambler.state_gate [4] -> \scrambler_top_inst.scrambler.state [4]
Changing input A of cell $abc$5626$auto$blifparse.cc:397:parse_blif$6013_gate ($_NAND_): \scrambler_top_inst.seed_reg_gate [36] -> \scrambler_top_inst.seed_reg [36]
Changing input A of cell $abc$5626$auto$blifparse.cc:397:parse_blif$6014_gate ($_NAND_): \scrambler_top_inst.seed_reg_gate [4] -> \scrambler_top_inst.seed_reg [4]
Changing input A of cell $abc$5626$auto$blifparse.cc:397:parse_blif$6015_gate ($_NAND_): \scrambler_top_inst.descrambler.state_gate [36] -> \scrambler_top_inst.descrambler.state [36]
Changing input A of cell $abc$5626$auto$blifparse.cc:397:parse_blif$6016_gate ($_NAND_): \scrambler_top_inst.scrambler.state_gate [36] -> \scrambler_top_inst.scrambler.state [36]
Changing input A of cell $abc$5626$auto$blifparse.cc:397:parse_blif$6022_gate ($_NAND_): \scrambler_top_inst.descrambler.state_gate [26] -> \scrambler_top_inst.descrambler.state [26]
Changing input A of cell $abc$5626$auto$blifparse.cc:397:parse_blif$6023_gate ($_NAND_): \scrambler_top_inst.seed_reg_gate [26] -> \scrambler_top_inst.seed_reg [26]
Changing input A of cell $abc$5626$auto$blifparse.cc:397:parse_blif$6024_gate ($_NAND_): \scrambler_top_inst.scrambler.state_gate [26] -> \scrambler_top_inst.scrambler.state [26]
Changing input A of cell $abc$5626$auto$blifparse.cc:397:parse_blif$6027_gate ($_NAND_): \scrambler_top_inst.test_period_gate [4] -> \scrambler_top_inst.test_period [4]
Changing input A of cell $abc$5626$auto$blifparse.cc:397:parse_blif$6028_gate ($_NAND_): \scrambler_top_inst.seed_reg_gate [37] -> \scrambler_top_inst.seed_reg [37]
Changing input A of cell $abc$5626$auto$blifparse.cc:397:parse_blif$6029_gate ($_NAND_): \scrambler_top_inst.seed_reg_gate [5] -> \scrambler_top_inst.seed_reg [5]
Changing input A of cell $abc$5626$auto$blifparse.cc:397:parse_blif$6030_gate ($_NAND_): \scrambler_top_inst.descrambler.state_gate [5] -> \scrambler_top_inst.descrambler.state [5]
Changing input A of cell $abc$5626$auto$blifparse.cc:397:parse_blif$6031_gate ($_NAND_): \scrambler_top_inst.scrambler.state_gate [5] -> \scrambler_top_inst.scrambler.state [5]
Changing input A of cell $abc$5626$auto$blifparse.cc:397:parse_blif$6032_gate ($_NAND_): \scrambler_top_inst.descrambler.state_gate [37] -> \scrambler_top_inst.descrambler.state [37]
Changing input A of cell $abc$5626$auto$blifparse.cc:397:parse_blif$6033_gate ($_NAND_): \scrambler_top_inst.scrambler.state_gate [37] -> \scrambler_top_inst.scrambler.state [37]
Changing input A of cell $abc$5626$auto$blifparse.cc:397:parse_blif$6040_gate ($_NAND_): \scrambler_top_inst.seed_reg_gate [6] -> \scrambler_top_inst.seed_reg [6]
Changing input A of cell $abc$5626$auto$blifparse.cc:397:parse_blif$6041_gate ($_NAND_): \scrambler_top_inst.descrambler.state_gate [38] -> \scrambler_top_inst.descrambler.state [38]
Changing input A of cell $abc$5626$auto$blifparse.cc:397:parse_blif$6042_gate ($_NAND_): \scrambler_top_inst.seed_reg_gate [38] -> \scrambler_top_inst.seed_reg [38]
Changing input A of cell $abc$5626$auto$blifparse.cc:397:parse_blif$6045_gate ($_NAND_): \scrambler_top_inst.test_period_gate [5] -> \scrambler_top_inst.test_period [5]
Changing input A of cell $abc$5626$auto$blifparse.cc:397:parse_blif$6046_gate ($_NAND_): \scrambler_top_inst.scrambler.state_gate [38] -> \scrambler_top_inst.scrambler.state [38]
Changing input A of cell $abc$5626$auto$blifparse.cc:397:parse_blif$6048_gate ($_NAND_): \scrambler_top_inst.descrambler.state_gate [6] -> \scrambler_top_inst.descrambler.state [6]
Changing input A of cell $abc$5626$auto$blifparse.cc:397:parse_blif$6049_gate ($_NAND_): \scrambler_top_inst.scrambler.state_gate [6] -> \scrambler_top_inst.scrambler.state [6]
Changing input A of cell $abc$5626$auto$blifparse.cc:397:parse_blif$6053_gate ($_NAND_): \scrambler_top_inst.scrambler.state_gate [39] -> \scrambler_top_inst.scrambler.state [39]
Changing input A of cell $abc$5626$auto$blifparse.cc:397:parse_blif$6054_gate ($_NAND_): \scrambler_top_inst.descrambler.state_gate [7] -> \scrambler_top_inst.descrambler.state [7]
Changing input A of cell $abc$5626$auto$blifparse.cc:397:parse_blif$6055_gate ($_NAND_): \scrambler_top_inst.scrambler.state_gate [7] -> \scrambler_top_inst.scrambler.state [7]
Changing input A of cell $abc$5626$auto$blifparse.cc:397:parse_blif$6057_gate ($_NAND_): \scrambler_top_inst.descrambler.state_gate [39] -> \scrambler_top_inst.descrambler.state [39]
Changing input A of cell $abc$5626$auto$blifparse.cc:397:parse_blif$6058_gate ($_NAND_): \scrambler_top_inst.seed_reg_gate [39] -> \scrambler_top_inst.seed_reg [39]
Changing input A of cell $abc$5626$auto$blifparse.cc:397:parse_blif$6059_gate ($_NAND_): \scrambler_top_inst.test_period_gate [6] -> \scrambler_top_inst.test_period [6]
Changing input A of cell $abc$5626$auto$blifparse.cc:397:parse_blif$6060_gate ($_NAND_): \scrambler_top_inst.seed_reg_gate [7] -> \scrambler_top_inst.seed_reg [7]
Changing input A of cell $abc$5626$auto$blifparse.cc:397:parse_blif$6066_gate ($_NAND_): \scrambler_top_inst.descrambler.state_gate [27] -> \scrambler_top_inst.descrambler.state [27]
Changing input A of cell $abc$5626$auto$blifparse.cc:397:parse_blif$6067_gate ($_NAND_): \scrambler_top_inst.seed_reg_gate [27] -> \scrambler_top_inst.seed_reg [27]
Changing input A of cell $abc$5626$auto$blifparse.cc:397:parse_blif$6068_gate ($_NAND_): \scrambler_top_inst.scrambler.state_gate [27] -> \scrambler_top_inst.scrambler.state [27]
Changing input A of cell $abc$5626$auto$blifparse.cc:397:parse_blif$6071_gate ($_NAND_): \scrambler_top_inst.descrambler.state_gate [8] -> \scrambler_top_inst.descrambler.state [8]
Changing input A of cell $abc$5626$auto$blifparse.cc:397:parse_blif$6072_gate ($_NAND_): \scrambler_top_inst.seed_reg_gate [8] -> \scrambler_top_inst.seed_reg [8]
Changing input A of cell $abc$5626$auto$blifparse.cc:397:parse_blif$6073_gate ($_NAND_): \scrambler_top_inst.scrambler.state_gate [8] -> \scrambler_top_inst.scrambler.state [8]
Changing input A of cell $abc$5626$auto$blifparse.cc:397:parse_blif$6074_gate ($_NAND_): \scrambler_top_inst.descrambler.state_gate [40] -> \scrambler_top_inst.descrambler.state [40]
Changing input A of cell $abc$5626$auto$blifparse.cc:397:parse_blif$6075_gate ($_NAND_): \scrambler_top_inst.scrambler.state_gate [40] -> \scrambler_top_inst.scrambler.state [40]
Changing input A of cell $abc$5626$auto$blifparse.cc:397:parse_blif$6076_gate ($_NAND_): \scrambler_top_inst.seed_reg_gate [40] -> \scrambler_top_inst.seed_reg [40]
Changing input A of cell $abc$5626$auto$blifparse.cc:397:parse_blif$6077_gate ($_NAND_): \scrambler_top_inst.test_period_gate [7] -> \scrambler_top_inst.test_period [7]
Changing input A of cell $abc$5626$auto$blifparse.cc:397:parse_blif$6084_gate ($_NAND_): \scrambler_top_inst.seed_reg_gate [9] -> \scrambler_top_inst.seed_reg [9]
Changing input A of cell $abc$5626$auto$blifparse.cc:397:parse_blif$6085_gate ($_NAND_): \scrambler_top_inst.scrambler.state_gate [9] -> \scrambler_top_inst.scrambler.state [9]
Changing input A of cell $abc$5626$auto$blifparse.cc:397:parse_blif$6086_gate ($_NAND_): \scrambler_top_inst.scrambler.state_gate [41] -> \scrambler_top_inst.scrambler.state [41]
Changing input A of cell $abc$5626$auto$blifparse.cc:397:parse_blif$6089_gate ($_NAND_): \scrambler_top_inst.descrambler.state_gate [41] -> \scrambler_top_inst.descrambler.state [41]
Changing input A of cell $abc$5626$auto$blifparse.cc:397:parse_blif$6090_gate ($_NAND_): \scrambler_top_inst.seed_reg_gate [41] -> \scrambler_top_inst.seed_reg [41]
Changing input A of cell $abc$5626$auto$blifparse.cc:397:parse_blif$6092_gate ($_NAND_): \scrambler_top_inst.test_period_gate [8] -> \scrambler_top_inst.test_period [8]
Changing input A of cell $abc$5626$auto$blifparse.cc:397:parse_blif$6093_gate ($_NAND_): \scrambler_top_inst.descrambler.state_gate [9] -> \scrambler_top_inst.descrambler.state [9]
Changing input A of cell $abc$5626$auto$blifparse.cc:397:parse_blif$6097_gate ($_NAND_): \scrambler_top_inst.seed_reg_gate [42] -> \scrambler_top_inst.seed_reg [42]
Changing input A of cell $abc$5626$auto$blifparse.cc:397:parse_blif$6098_gate ($_NAND_): \scrambler_top_inst.descrambler.state_gate [10] -> \scrambler_top_inst.descrambler.state [10]
Changing input A of cell $abc$5626$auto$blifparse.cc:397:parse_blif$6099_gate ($_NAND_): \scrambler_top_inst.seed_reg_gate [10] -> \scrambler_top_inst.seed_reg [10]
Changing input A of cell $abc$5626$auto$blifparse.cc:397:parse_blif$6100_gate ($_NAND_): \scrambler_top_inst.scrambler.state_gate [42] -> \scrambler_top_inst.scrambler.state [42]
Changing input A of cell $abc$5626$auto$blifparse.cc:397:parse_blif$6101_gate ($_NAND_): \scrambler_top_inst.descrambler.state_gate [42] -> \scrambler_top_inst.descrambler.state [42]
Changing input A of cell $abc$5626$auto$blifparse.cc:397:parse_blif$6102_gate ($_NAND_): \scrambler_top_inst.test_period_gate [9] -> \scrambler_top_inst.test_period [9]
Changing input A of cell $abc$5626$auto$blifparse.cc:397:parse_blif$6103_gate ($_NAND_): \scrambler_top_inst.scrambler.state_gate [10] -> \scrambler_top_inst.scrambler.state [10]
Changing input A of cell $abc$5626$auto$blifparse.cc:397:parse_blif$6110_gate ($_NAND_): \scrambler_top_inst.scrambler.state_gate [43] -> \scrambler_top_inst.scrambler.state [43]
Changing input A of cell $abc$5626$auto$blifparse.cc:397:parse_blif$6111_gate ($_NAND_): \scrambler_top_inst.seed_reg_gate [11] -> \scrambler_top_inst.seed_reg [11]
Changing input A of cell $abc$5626$auto$blifparse.cc:397:parse_blif$6112_gate ($_NAND_): \scrambler_top_inst.descrambler.state_gate [11] -> \scrambler_top_inst.descrambler.state [11]
Changing input A of cell $abc$5626$auto$blifparse.cc:397:parse_blif$6113_gate ($_NAND_): \scrambler_top_inst.descrambler.state_gate [43] -> \scrambler_top_inst.descrambler.state [43]
Changing input A of cell $abc$5626$auto$blifparse.cc:397:parse_blif$6114_gate ($_NAND_): \scrambler_top_inst.seed_reg_gate [43] -> \scrambler_top_inst.seed_reg [43]
Changing input A of cell $abc$5626$auto$blifparse.cc:397:parse_blif$6116_gate ($_NAND_): \scrambler_top_inst.test_period_gate [10] -> \scrambler_top_inst.test_period [10]
Changing input A of cell $abc$5626$auto$blifparse.cc:397:parse_blif$6117_gate ($_NAND_): \scrambler_top_inst.scrambler.state_gate [11] -> \scrambler_top_inst.scrambler.state [11]
Changing input A of cell $abc$5626$auto$blifparse.cc:397:parse_blif$6123_gate ($_NAND_): \scrambler_top_inst.descrambler.state_gate [28] -> \scrambler_top_inst.descrambler.state [28]
Changing input A of cell $abc$5626$auto$blifparse.cc:397:parse_blif$6124_gate ($_NAND_): \scrambler_top_inst.seed_reg_gate [28] -> \scrambler_top_inst.seed_reg [28]
Changing input A of cell $abc$5626$auto$blifparse.cc:397:parse_blif$6125_gate ($_NAND_): \scrambler_top_inst.scrambler.state_gate [28] -> \scrambler_top_inst.scrambler.state [28]
Changing input A of cell $abc$5626$auto$blifparse.cc:397:parse_blif$6128_gate ($_NAND_): \scrambler_top_inst.descrambler.state_gate [12] -> \scrambler_top_inst.descrambler.state [12]
Changing input A of cell $abc$5626$auto$blifparse.cc:397:parse_blif$6129_gate ($_NAND_): \scrambler_top_inst.descrambler.state_gate [44] -> \scrambler_top_inst.descrambler.state [44]
Changing input A of cell $abc$5626$auto$blifparse.cc:397:parse_blif$6130_gate ($_NAND_): \scrambler_top_inst.test_period_gate [11] -> \scrambler_top_inst.test_period [11]
Changing input A of cell $abc$5626$auto$blifparse.cc:397:parse_blif$6131_gate ($_NAND_): \scrambler_top_inst.scrambler.state_gate [12] -> \scrambler_top_inst.scrambler.state [12]
Changing input A of cell $abc$5626$auto$blifparse.cc:397:parse_blif$6132_gate ($_NAND_): \scrambler_top_inst.seed_reg_gate [12] -> \scrambler_top_inst.seed_reg [12]
Changing input A of cell $abc$5626$auto$blifparse.cc:397:parse_blif$6134_gate ($_NAND_): \scrambler_top_inst.seed_reg_gate [44] -> \scrambler_top_inst.seed_reg [44]
Changing input A of cell $abc$5626$auto$blifparse.cc:397:parse_blif$6135_gate ($_NAND_): \scrambler_top_inst.scrambler.state_gate [44] -> \scrambler_top_inst.scrambler.state [44]
Changing input A of cell $abc$5626$auto$blifparse.cc:397:parse_blif$6141_gate ($_NAND_): \scrambler_top_inst.scrambler.state_gate [13] -> \scrambler_top_inst.scrambler.state [13]
Changing input A of cell $abc$5626$auto$blifparse.cc:397:parse_blif$6142_gate ($_NAND_): \scrambler_top_inst.descrambler.state_gate [13] -> \scrambler_top_inst.descrambler.state [13]
Changing input A of cell $abc$5626$auto$blifparse.cc:397:parse_blif$6143_gate ($_NAND_): \scrambler_top_inst.scrambler.state_gate [45] -> \scrambler_top_inst.scrambler.state [45]
Changing input A of cell $abc$5626$auto$blifparse.cc:397:parse_blif$6146_gate ($_NAND_): \scrambler_top_inst.test_period_gate [12] -> \scrambler_top_inst.test_period [12]
Changing input A of cell $abc$5626$auto$blifparse.cc:397:parse_blif$6147_gate ($_NAND_): \scrambler_top_inst.seed_reg_gate [13] -> \scrambler_top_inst.seed_reg [13]
Changing input A of cell $abc$5626$auto$blifparse.cc:397:parse_blif$6149_gate ($_NAND_): \scrambler_top_inst.descrambler.state_gate [45] -> \scrambler_top_inst.descrambler.state [45]
Changing input A of cell $abc$5626$auto$blifparse.cc:397:parse_blif$6150_gate ($_NAND_): \scrambler_top_inst.seed_reg_gate [45] -> \scrambler_top_inst.seed_reg [45]
Changing input A of cell $abc$5626$auto$blifparse.cc:397:parse_blif$6154_gate ($_NAND_): \scrambler_top_inst.scrambler.state_gate [46] -> \scrambler_top_inst.scrambler.state [46]
Changing input A of cell $abc$5626$auto$blifparse.cc:397:parse_blif$6155_gate ($_NAND_): \scrambler_top_inst.descrambler.state_gate [14] -> \scrambler_top_inst.descrambler.state [14]
Changing input A of cell $abc$5626$auto$blifparse.cc:397:parse_blif$6156_gate ($_NAND_): \scrambler_top_inst.test_period_gate [13] -> \scrambler_top_inst.test_period [13]
Changing input A of cell $abc$5626$auto$blifparse.cc:397:parse_blif$6157_gate ($_NAND_): \scrambler_top_inst.descrambler.state_gate [46] -> \scrambler_top_inst.descrambler.state [46]
Changing input A of cell $abc$5626$auto$blifparse.cc:397:parse_blif$6158_gate ($_NAND_): \scrambler_top_inst.seed_reg_gate [46] -> \scrambler_top_inst.seed_reg [46]
Changing input A of cell $abc$5626$auto$blifparse.cc:397:parse_blif$6160_gate ($_NAND_): \scrambler_top_inst.scrambler.state_gate [14] -> \scrambler_top_inst.scrambler.state [14]
Changing input A of cell $abc$5626$auto$blifparse.cc:397:parse_blif$6161_gate ($_NAND_): \scrambler_top_inst.seed_reg_gate [14] -> \scrambler_top_inst.seed_reg [14]
Changing input A of cell $abc$5626$auto$blifparse.cc:397:parse_blif$6167_gate ($_NAND_): \scrambler_top_inst.scrambler.state_gate [29] -> \scrambler_top_inst.scrambler.state [29]
Changing input A of cell $abc$5626$auto$blifparse.cc:397:parse_blif$6168_gate ($_NAND_): \scrambler_top_inst.seed_reg_gate [29] -> \scrambler_top_inst.seed_reg [29]
Changing input A of cell $abc$5626$auto$blifparse.cc:397:parse_blif$6169_gate ($_NAND_): \scrambler_top_inst.descrambler.state_gate [29] -> \scrambler_top_inst.descrambler.state [29]
Changing input A of cell $abc$5626$auto$blifparse.cc:397:parse_blif$6172_gate ($_NAND_): \scrambler_top_inst.scrambler.state_gate [15] -> \scrambler_top_inst.scrambler.state [15]
Changing input A of cell $abc$5626$auto$blifparse.cc:397:parse_blif$6173_gate ($_NAND_): \scrambler_top_inst.test_period_gate [14] -> \scrambler_top_inst.test_period [14]
Changing input A of cell $abc$5626$auto$blifparse.cc:397:parse_blif$6174_gate ($_NAND_): \scrambler_top_inst.seed_reg_gate [47] -> \scrambler_top_inst.seed_reg [47]
Changing input A of cell $abc$5626$auto$blifparse.cc:397:parse_blif$6177_gate ($_NAND_): \scrambler_top_inst.seed_reg_gate [15] -> \scrambler_top_inst.seed_reg [15]
Changing input A of cell $abc$5626$auto$blifparse.cc:397:parse_blif$6178_gate ($_NAND_): \scrambler_top_inst.descrambler.state_gate [15] -> \scrambler_top_inst.descrambler.state [15]
Changing input A of cell $abc$5626$auto$blifparse.cc:397:parse_blif$6180_gate ($_NAND_): \scrambler_top_inst.descrambler.state_gate [47] -> \scrambler_top_inst.descrambler.state [47]
Changing input A of cell $abc$5626$auto$blifparse.cc:397:parse_blif$6181_gate ($_NAND_): \scrambler_top_inst.scrambler.state_gate [47] -> \scrambler_top_inst.scrambler.state [47]
Changing input A of cell $abc$5626$auto$blifparse.cc:397:parse_blif$6185_gate ($_NAND_): \scrambler_top_inst.descrambler.state_gate [16] -> \scrambler_top_inst.descrambler.state [16]
Changing input A of cell $abc$5626$auto$blifparse.cc:397:parse_blif$6186_gate ($_NAND_): \scrambler_top_inst.seed_reg_gate [48] -> \scrambler_top_inst.seed_reg [48]
Changing input A of cell $abc$5626$auto$blifparse.cc:397:parse_blif$6187_gate ($_NAND_): \scrambler_top_inst.scrambler.state_gate [16] -> \scrambler_top_inst.scrambler.state [16]
Changing input A of cell $abc$5626$auto$blifparse.cc:397:parse_blif$6190_gate ($_NAND_): \scrambler_top_inst.test_period_gate [15] -> \scrambler_top_inst.test_period [15]
Changing input A of cell $abc$5626$auto$blifparse.cc:397:parse_blif$6191_gate ($_NAND_): \scrambler_top_inst.descrambler.state_gate [48] -> \scrambler_top_inst.descrambler.state [48]
Changing input A of cell $abc$5626$auto$blifparse.cc:397:parse_blif$6193_gate ($_NAND_): \scrambler_top_inst.seed_reg_gate [16] -> \scrambler_top_inst.seed_reg [16]
Changing input A of cell $abc$5626$auto$blifparse.cc:397:parse_blif$6194_gate ($_NAND_): \scrambler_top_inst.scrambler.state_gate [48] -> \scrambler_top_inst.scrambler.state [48]
Changing input A of cell $abc$5626$auto$blifparse.cc:397:parse_blif$6198_gate ($_NAND_): \scrambler_top_inst.seed_reg_gate [49] -> \scrambler_top_inst.seed_reg [49]
Changing input A of cell $abc$5626$auto$blifparse.cc:397:parse_blif$6199_gate ($_NAND_): \scrambler_top_inst.seed_reg_gate [17] -> \scrambler_top_inst.seed_reg [17]
Changing input A of cell $abc$5626$auto$blifparse.cc:397:parse_blif$6201_gate ($_NAND_): \scrambler_top_inst.scrambler.state_gate [17] -> \scrambler_top_inst.scrambler.state [17]
Changing input A of cell $abc$5626$auto$blifparse.cc:397:parse_blif$6202_gate ($_NAND_): \scrambler_top_inst.descrambler.state_gate [17] -> \scrambler_top_inst.descrambler.state [17]
Changing input A of cell $abc$5626$auto$blifparse.cc:397:parse_blif$6204_gate ($_NAND_): \scrambler_top_inst.descrambler.state_gate [49] -> \scrambler_top_inst.descrambler.state [49]
Changing input A of cell $abc$5626$auto$blifparse.cc:397:parse_blif$6205_gate ($_NAND_): \scrambler_top_inst.scrambler.state_gate [49] -> \scrambler_top_inst.scrambler.state [49]
Changing input A of cell $abc$5626$auto$blifparse.cc:397:parse_blif$6209_gate ($_NAND_): \scrambler_top_inst.descrambler.state_gate [30] -> \scrambler_top_inst.descrambler.state [30]
Changing input A of cell $abc$5626$auto$blifparse.cc:397:parse_blif$6210_gate ($_NAND_): \scrambler_top_inst.seed_reg_gate [30] -> \scrambler_top_inst.seed_reg [30]
Changing input A of cell $abc$5626$auto$blifparse.cc:397:parse_blif$6211_gate ($_NAND_): \scrambler_top_inst.scrambler.state_gate [30] -> \scrambler_top_inst.scrambler.state [30]
Changing input A of cell $abc$5626$auto$blifparse.cc:397:parse_blif$6214_gate ($_NAND_): \scrambler_top_inst.seed_reg_gate [50] -> \scrambler_top_inst.seed_reg [50]
Changing input A of cell $abc$5626$auto$blifparse.cc:397:parse_blif$6215_gate ($_NAND_): \scrambler_top_inst.descrambler.state_gate [18] -> \scrambler_top_inst.descrambler.state [18]
Changing input A of cell $abc$5626$auto$blifparse.cc:397:parse_blif$6217_gate ($_NAND_): \scrambler_top_inst.descrambler.state_gate [50] -> \scrambler_top_inst.descrambler.state [50]
Changing input A of cell $abc$5626$auto$blifparse.cc:397:parse_blif$6218_gate ($_NAND_): \scrambler_top_inst.scrambler.state_gate [50] -> \scrambler_top_inst.scrambler.state [50]
Changing input A of cell $abc$5626$auto$blifparse.cc:397:parse_blif$6220_gate ($_NAND_): \scrambler_top_inst.scrambler.state_gate [18] -> \scrambler_top_inst.scrambler.state [18]
Changing input A of cell $abc$5626$auto$blifparse.cc:397:parse_blif$6221_gate ($_NAND_): \scrambler_top_inst.seed_reg_gate [18] -> \scrambler_top_inst.seed_reg [18]
Changing input A of cell $abc$5626$auto$blifparse.cc:397:parse_blif$6225_gate ($_NAND_): \scrambler_top_inst.seed_reg_gate [19] -> \scrambler_top_inst.seed_reg [19]
Changing input A of cell $abc$5626$auto$blifparse.cc:397:parse_blif$6226_gate ($_NAND_): \scrambler_top_inst.seed_reg_gate [51] -> \scrambler_top_inst.seed_reg [51]
Changing input A of cell $abc$5626$auto$blifparse.cc:397:parse_blif$6228_gate ($_NAND_): \scrambler_top_inst.descrambler.state_gate [51] -> \scrambler_top_inst.descrambler.state [51]
Changing input A of cell $abc$5626$auto$blifparse.cc:397:parse_blif$6229_gate ($_NAND_): \scrambler_top_inst.scrambler.state_gate [51] -> \scrambler_top_inst.scrambler.state [51]
Changing input A of cell $abc$5626$auto$blifparse.cc:397:parse_blif$6231_gate ($_NAND_): \scrambler_top_inst.scrambler.state_gate [19] -> \scrambler_top_inst.scrambler.state [19]
Changing input A of cell $abc$5626$auto$blifparse.cc:397:parse_blif$6232_gate ($_NAND_): \scrambler_top_inst.descrambler.state_gate [19] -> \scrambler_top_inst.descrambler.state [19]
Changing input A of cell $abc$5626$auto$blifparse.cc:397:parse_blif$6236_gate ($_NAND_): \scrambler_top_inst.scrambler.state_gate [21] -> \scrambler_top_inst.scrambler.state [21]
Changing input A of cell $abc$5626$auto$blifparse.cc:397:parse_blif$6237_gate ($_NAND_): \scrambler_top_inst.descrambler.state_gate [21] -> \scrambler_top_inst.descrambler.state [21]
Changing input A of cell $abc$5626$auto$blifparse.cc:397:parse_blif$6239_gate ($_NAND_): \scrambler_top_inst.scrambler.state_gate [53] -> \scrambler_top_inst.scrambler.state [53]
Changing input A of cell $abc$5626$auto$blifparse.cc:397:parse_blif$6240_gate ($_NAND_): \scrambler_top_inst.descrambler.state_gate [53] -> \scrambler_top_inst.descrambler.state [53]
Changing input A of cell $abc$5626$auto$blifparse.cc:397:parse_blif$6242_gate ($_NAND_): \scrambler_top_inst.seed_reg_gate [21] -> \scrambler_top_inst.seed_reg [21]
Changing input A of cell $abc$5626$auto$blifparse.cc:397:parse_blif$6243_gate ($_NAND_): \scrambler_top_inst.seed_reg_gate [53] -> \scrambler_top_inst.seed_reg [53]
Changing input A of cell $abc$5626$auto$blifparse.cc:397:parse_blif$6247_gate ($_NAND_): \scrambler_top_inst.descrambler.state_gate [52] -> \scrambler_top_inst.descrambler.state [52]
Changing input A of cell $abc$5626$auto$blifparse.cc:397:parse_blif$6248_gate ($_NAND_): \scrambler_top_inst.seed_reg_gate [52] -> \scrambler_top_inst.seed_reg [52]
Changing input A of cell $abc$5626$auto$blifparse.cc:397:parse_blif$6250_gate ($_NAND_): \scrambler_top_inst.scrambler.state_gate [20] -> \scrambler_top_inst.scrambler.state [20]
Changing input A of cell $abc$5626$auto$blifparse.cc:397:parse_blif$6251_gate ($_NAND_): \scrambler_top_inst.scrambler.state_gate [52] -> \scrambler_top_inst.scrambler.state [52]
Changing input A of cell $abc$5626$auto$blifparse.cc:397:parse_blif$6253_gate ($_NAND_): \scrambler_top_inst.seed_reg_gate [20] -> \scrambler_top_inst.seed_reg [20]
Changing input A of cell $abc$5626$auto$blifparse.cc:397:parse_blif$6254_gate ($_NAND_): \scrambler_top_inst.descrambler.state_gate [20] -> \scrambler_top_inst.descrambler.state [20]
Changing input B of cell $abc$5626$auto$blifparse.cc:397:parse_blif$6258_gate ($_XNOR_): \scrambler_top_inst.prev_mode_gate [1] -> \scrambler_top_inst.prev_mode [1]
Changing input A of cell $abc$5626$auto$blifparse.cc:397:parse_blif$6258_gate ($_XNOR_): \scrambler_top_inst.mode_gate [1] -> \scrambler_top_inst.mode [1]
Changing input B of cell $abc$5626$auto$blifparse.cc:397:parse_blif$6259_gate ($_XNOR_): \scrambler_top_inst.prev_mode_gate [0] -> \scrambler_top_inst.prev_mode [0]
Changing input A of cell $abc$5626$auto$blifparse.cc:397:parse_blif$6259_gate ($_XNOR_): \scrambler_top_inst.mode_gate [0] -> \scrambler_top_inst.mode [0]
Changing input A of cell $abc$5626$auto$blifparse.cc:397:parse_blif$6263_gate ($_AND_): \scrambler_top_inst.mode_gate [0] -> \scrambler_top_inst.mode [0]
Changing input B of cell $abc$5626$auto$blifparse.cc:397:parse_blif$6268_gate ($_MUX_): \scrambler_top_inst.scrambler.state_gate [48] -> \scrambler_top_inst.scrambler.state [48]
Changing input A of cell $abc$5626$auto$blifparse.cc:397:parse_blif$6268_gate ($_MUX_): \scrambler_top_inst.seed_reg_gate [56] -> \scrambler_top_inst.seed_reg [56]
Changing input B of cell $abc$5626$auto$blifparse.cc:397:parse_blif$6270_gate ($_MUX_): \scrambler_top_inst.scrambler.state_gate [47] -> \scrambler_top_inst.scrambler.state [47]
Changing input A of cell $abc$5626$auto$blifparse.cc:397:parse_blif$6270_gate ($_MUX_): \scrambler_top_inst.seed_reg_gate [55] -> \scrambler_top_inst.seed_reg [55]
Changing input B of cell $abc$5626$auto$blifparse.cc:397:parse_blif$6272_gate ($_MUX_): \scrambler_top_inst.scrambler.state_gate [46] -> \scrambler_top_inst.scrambler.state [46]
Changing input A of cell $abc$5626$auto$blifparse.cc:397:parse_blif$6272_gate ($_MUX_): \scrambler_top_inst.seed_reg_gate [54] -> \scrambler_top_inst.seed_reg [54]
Changing input B of cell $abc$5626$auto$blifparse.cc:397:parse_blif$6274_gate ($_MUX_): \scrambler_top_inst.scrambler.state_gate [45] -> \scrambler_top_inst.scrambler.state [45]
Changing input A of cell $abc$5626$auto$blifparse.cc:397:parse_blif$6274_gate ($_MUX_): \scrambler_top_inst.seed_reg_gate [53] -> \scrambler_top_inst.seed_reg [53]
Changing input B of cell $abc$5626$auto$blifparse.cc:397:parse_blif$6276_gate ($_MUX_): \scrambler_top_inst.scrambler.state_gate [44] -> \scrambler_top_inst.scrambler.state [44]
Changing input A of cell $abc$5626$auto$blifparse.cc:397:parse_blif$6276_gate ($_MUX_): \scrambler_top_inst.seed_reg_gate [52] -> \scrambler_top_inst.seed_reg [52]
Changing input B of cell $abc$5626$auto$blifparse.cc:397:parse_blif$6278_gate ($_MUX_): \scrambler_top_inst.scrambler.state_gate [43] -> \scrambler_top_inst.scrambler.state [43]
Changing input A of cell $abc$5626$auto$blifparse.cc:397:parse_blif$6278_gate ($_MUX_): \scrambler_top_inst.seed_reg_gate [51] -> \scrambler_top_inst.seed_reg [51]
Changing input B of cell $abc$5626$auto$blifparse.cc:397:parse_blif$6280_gate ($_MUX_): \scrambler_top_inst.scrambler.state_gate [42] -> \scrambler_top_inst.scrambler.state [42]
Changing input A of cell $abc$5626$auto$blifparse.cc:397:parse_blif$6280_gate ($_MUX_): \scrambler_top_inst.seed_reg_gate [50] -> \scrambler_top_inst.seed_reg [50]
Changing input B of cell $abc$5626$auto$blifparse.cc:397:parse_blif$6282_gate ($_MUX_): \scrambler_top_inst.scrambler.state_gate [41] -> \scrambler_top_inst.scrambler.state [41]
Changing input A of cell $abc$5626$auto$blifparse.cc:397:parse_blif$6282_gate ($_MUX_): \scrambler_top_inst.seed_reg_gate [49] -> \scrambler_top_inst.seed_reg [49]
Changing input B of cell $abc$5626$auto$blifparse.cc:397:parse_blif$6284_gate ($_MUX_): \scrambler_top_inst.scrambler.state_gate [40] -> \scrambler_top_inst.scrambler.state [40]
Changing input A of cell $abc$5626$auto$blifparse.cc:397:parse_blif$6284_gate ($_MUX_): \scrambler_top_inst.seed_reg_gate [48] -> \scrambler_top_inst.seed_reg [48]
Changing input B of cell $abc$5626$auto$blifparse.cc:397:parse_blif$6286_gate ($_MUX_): \scrambler_top_inst.scrambler.state_gate [39] -> \scrambler_top_inst.scrambler.state [39]
Changing input A of cell $abc$5626$auto$blifparse.cc:397:parse_blif$6286_gate ($_MUX_): \scrambler_top_inst.seed_reg_gate [47] -> \scrambler_top_inst.seed_reg [47]
Changing input B of cell $abc$5626$auto$blifparse.cc:397:parse_blif$6288_gate ($_MUX_): \scrambler_top_inst.scrambler.state_gate [38] -> \scrambler_top_inst.scrambler.state [38]
Changing input A of cell $abc$5626$auto$blifparse.cc:397:parse_blif$6288_gate ($_MUX_): \scrambler_top_inst.seed_reg_gate [46] -> \scrambler_top_inst.seed_reg [46]
Changing input B of cell $abc$5626$auto$blifparse.cc:397:parse_blif$6290_gate ($_MUX_): \scrambler_top_inst.scrambler.state_gate [37] -> \scrambler_top_inst.scrambler.state [37]
Changing input A of cell $abc$5626$auto$blifparse.cc:397:parse_blif$6290_gate ($_MUX_): \scrambler_top_inst.seed_reg_gate [45] -> \scrambler_top_inst.seed_reg [45]
Changing input B of cell $abc$5626$auto$blifparse.cc:397:parse_blif$6292_gate ($_MUX_): \scrambler_top_inst.scrambler.state_gate [36] -> \scrambler_top_inst.scrambler.state [36]
Changing input A of cell $abc$5626$auto$blifparse.cc:397:parse_blif$6292_gate ($_MUX_): \scrambler_top_inst.seed_reg_gate [44] -> \scrambler_top_inst.seed_reg [44]
Changing input B of cell $abc$5626$auto$blifparse.cc:397:parse_blif$6294_gate ($_MUX_): \scrambler_top_inst.scrambler.state_gate [35] -> \scrambler_top_inst.scrambler.state [35]
Changing input A of cell $abc$5626$auto$blifparse.cc:397:parse_blif$6294_gate ($_MUX_): \scrambler_top_inst.seed_reg_gate [43] -> \scrambler_top_inst.seed_reg [43]
Changing input B of cell $abc$5626$auto$blifparse.cc:397:parse_blif$6296_gate ($_MUX_): \scrambler_top_inst.scrambler.state_gate [34] -> \scrambler_top_inst.scrambler.state [34]
Changing input A of cell $abc$5626$auto$blifparse.cc:397:parse_blif$6296_gate ($_MUX_): \scrambler_top_inst.seed_reg_gate [42] -> \scrambler_top_inst.seed_reg [42]
Changing input B of cell $abc$5626$auto$blifparse.cc:397:parse_blif$6298_gate ($_MUX_): \scrambler_top_inst.scrambler.state_gate [33] -> \scrambler_top_inst.scrambler.state [33]
Changing input A of cell $abc$5626$auto$blifparse.cc:397:parse_blif$6298_gate ($_MUX_): \scrambler_top_inst.seed_reg_gate [41] -> \scrambler_top_inst.seed_reg [41]
Changing input B of cell $abc$5626$auto$blifparse.cc:397:parse_blif$6300_gate ($_MUX_): \scrambler_top_inst.scrambler.state_gate [32] -> \scrambler_top_inst.scrambler.state [32]
Changing input A of cell $abc$5626$auto$blifparse.cc:397:parse_blif$6300_gate ($_MUX_): \scrambler_top_inst.seed_reg_gate [40] -> \scrambler_top_inst.seed_reg [40]
Changing input B of cell $abc$5626$auto$blifparse.cc:397:parse_blif$6302_gate ($_MUX_): \scrambler_top_inst.scrambler.state_gate [31] -> \scrambler_top_inst.scrambler.state [31]
Changing input A of cell $abc$5626$auto$blifparse.cc:397:parse_blif$6302_gate ($_MUX_): \scrambler_top_inst.seed_reg_gate [39] -> \scrambler_top_inst.seed_reg [39]
Changing input B of cell $abc$5626$auto$blifparse.cc:397:parse_blif$6304_gate ($_MUX_): \scrambler_top_inst.scrambler.state_gate [30] -> \scrambler_top_inst.scrambler.state [30]
Changing input A of cell $abc$5626$auto$blifparse.cc:397:parse_blif$6304_gate ($_MUX_): \scrambler_top_inst.seed_reg_gate [38] -> \scrambler_top_inst.seed_reg [38]
Changing input B of cell $abc$5626$auto$blifparse.cc:397:parse_blif$6306_gate ($_MUX_): \scrambler_top_inst.scrambler.state_gate [29] -> \scrambler_top_inst.scrambler.state [29]
Changing input A of cell $abc$5626$auto$blifparse.cc:397:parse_blif$6306_gate ($_MUX_): \scrambler_top_inst.seed_reg_gate [37] -> \scrambler_top_inst.seed_reg [37]
Changing input B of cell $abc$5626$auto$blifparse.cc:397:parse_blif$6308_gate ($_MUX_): \scrambler_top_inst.scrambler.state_gate [28] -> \scrambler_top_inst.scrambler.state [28]
Changing input A of cell $abc$5626$auto$blifparse.cc:397:parse_blif$6308_gate ($_MUX_): \scrambler_top_inst.seed_reg_gate [36] -> \scrambler_top_inst.seed_reg [36]
Changing input B of cell $abc$5626$auto$blifparse.cc:397:parse_blif$6310_gate ($_MUX_): \scrambler_top_inst.scrambler.state_gate [27] -> \scrambler_top_inst.scrambler.state [27]
Changing input A of cell $abc$5626$auto$blifparse.cc:397:parse_blif$6310_gate ($_MUX_): \scrambler_top_inst.seed_reg_gate [35] -> \scrambler_top_inst.seed_reg [35]
Changing input B of cell $abc$5626$auto$blifparse.cc:397:parse_blif$6312_gate ($_MUX_): \scrambler_top_inst.scrambler.state_gate [26] -> \scrambler_top_inst.scrambler.state [26]
Changing input A of cell $abc$5626$auto$blifparse.cc:397:parse_blif$6312_gate ($_MUX_): \scrambler_top_inst.seed_reg_gate [34] -> \scrambler_top_inst.seed_reg [34]
Changing input B of cell $abc$5626$auto$blifparse.cc:397:parse_blif$6314_gate ($_MUX_): \scrambler_top_inst.scrambler.state_gate [25] -> \scrambler_top_inst.scrambler.state [25]
Changing input A of cell $abc$5626$auto$blifparse.cc:397:parse_blif$6314_gate ($_MUX_): \scrambler_top_inst.seed_reg_gate [33] -> \scrambler_top_inst.seed_reg [33]
Changing input B of cell $abc$5626$auto$blifparse.cc:397:parse_blif$6316_gate ($_MUX_): \scrambler_top_inst.scrambler.state_gate [24] -> \scrambler_top_inst.scrambler.state [24]
Changing input A of cell $abc$5626$auto$blifparse.cc:397:parse_blif$6316_gate ($_MUX_): \scrambler_top_inst.seed_reg_gate [32] -> \scrambler_top_inst.seed_reg [32]
Changing input B of cell $abc$5626$auto$blifparse.cc:397:parse_blif$6318_gate ($_MUX_): \scrambler_top_inst.scrambler.state_gate [23] -> \scrambler_top_inst.scrambler.state [23]
Changing input A of cell $abc$5626$auto$blifparse.cc:397:parse_blif$6318_gate ($_MUX_): \scrambler_top_inst.seed_reg_gate [31] -> \scrambler_top_inst.seed_reg [31]
Changing input B of cell $abc$5626$auto$blifparse.cc:397:parse_blif$6320_gate ($_MUX_): \scrambler_top_inst.scrambler.state_gate [22] -> \scrambler_top_inst.scrambler.state [22]
Changing input A of cell $abc$5626$auto$blifparse.cc:397:parse_blif$6320_gate ($_MUX_): \scrambler_top_inst.seed_reg_gate [30] -> \scrambler_top_inst.seed_reg [30]
Changing input B of cell $abc$5626$auto$blifparse.cc:397:parse_blif$6322_gate ($_MUX_): \scrambler_top_inst.scrambler.state_gate [21] -> \scrambler_top_inst.scrambler.state [21]
Changing input A of cell $abc$5626$auto$blifparse.cc:397:parse_blif$6322_gate ($_MUX_): \scrambler_top_inst.seed_reg_gate [29] -> \scrambler_top_inst.seed_reg [29]
Changing input B of cell $abc$5626$auto$blifparse.cc:397:parse_blif$6324_gate ($_MUX_): \scrambler_top_inst.scrambler.state_gate [20] -> \scrambler_top_inst.scrambler.state [20]
Changing input A of cell $abc$5626$auto$blifparse.cc:397:parse_blif$6324_gate ($_MUX_): \scrambler_top_inst.seed_reg_gate [28] -> \scrambler_top_inst.seed_reg [28]
Changing input B of cell $abc$5626$auto$blifparse.cc:397:parse_blif$6326_gate ($_MUX_): \scrambler_top_inst.scrambler.state_gate [19] -> \scrambler_top_inst.scrambler.state [19]
Changing input A of cell $abc$5626$auto$blifparse.cc:397:parse_blif$6326_gate ($_MUX_): \scrambler_top_inst.seed_reg_gate [27] -> \scrambler_top_inst.seed_reg [27]
Changing input B of cell $abc$5626$auto$blifparse.cc:397:parse_blif$6328_gate ($_MUX_): \scrambler_top_inst.scrambler.state_gate [18] -> \scrambler_top_inst.scrambler.state [18]
Changing input A of cell $abc$5626$auto$blifparse.cc:397:parse_blif$6328_gate ($_MUX_): \scrambler_top_inst.seed_reg_gate [26] -> \scrambler_top_inst.seed_reg [26]
Changing input B of cell $abc$5626$auto$blifparse.cc:397:parse_blif$6330_gate ($_MUX_): \scrambler_top_inst.scrambler.state_gate [17] -> \scrambler_top_inst.scrambler.state [17]
Changing input A of cell $abc$5626$auto$blifparse.cc:397:parse_blif$6330_gate ($_MUX_): \scrambler_top_inst.seed_reg_gate [25] -> \scrambler_top_inst.seed_reg [25]
Changing input B of cell $abc$5626$auto$blifparse.cc:397:parse_blif$6332_gate ($_MUX_): \scrambler_top_inst.scrambler.state_gate [16] -> \scrambler_top_inst.scrambler.state [16]
Changing input A of cell $abc$5626$auto$blifparse.cc:397:parse_blif$6332_gate ($_MUX_): \scrambler_top_inst.seed_reg_gate [24] -> \scrambler_top_inst.seed_reg [24]
Changing input B of cell $abc$5626$auto$blifparse.cc:397:parse_blif$6334_gate ($_MUX_): \scrambler_top_inst.scrambler.state_gate [15] -> \scrambler_top_inst.scrambler.state [15]
Changing input A of cell $abc$5626$auto$blifparse.cc:397:parse_blif$6334_gate ($_MUX_): \scrambler_top_inst.seed_reg_gate [23] -> \scrambler_top_inst.seed_reg [23]
Changing input B of cell $abc$5626$auto$blifparse.cc:397:parse_blif$6336_gate ($_MUX_): \scrambler_top_inst.scrambler.state_gate [14] -> \scrambler_top_inst.scrambler.state [14]
Changing input A of cell $abc$5626$auto$blifparse.cc:397:parse_blif$6336_gate ($_MUX_): \scrambler_top_inst.seed_reg_gate [22] -> \scrambler_top_inst.seed_reg [22]
Changing input B of cell $abc$5626$auto$blifparse.cc:397:parse_blif$6338_gate ($_MUX_): \scrambler_top_inst.scrambler.state_gate [13] -> \scrambler_top_inst.scrambler.state [13]
Changing input A of cell $abc$5626$auto$blifparse.cc:397:parse_blif$6338_gate ($_MUX_): \scrambler_top_inst.seed_reg_gate [21] -> \scrambler_top_inst.seed_reg [21]
Changing input B of cell $abc$5626$auto$blifparse.cc:397:parse_blif$6340_gate ($_MUX_): \scrambler_top_inst.scrambler.state_gate [12] -> \scrambler_top_inst.scrambler.state [12]
Changing input A of cell $abc$5626$auto$blifparse.cc:397:parse_blif$6340_gate ($_MUX_): \scrambler_top_inst.seed_reg_gate [20] -> \scrambler_top_inst.seed_reg [20]
Changing input B of cell $abc$5626$auto$blifparse.cc:397:parse_blif$6342_gate ($_MUX_): \scrambler_top_inst.scrambler.state_gate [11] -> \scrambler_top_inst.scrambler.state [11]
Changing input A of cell $abc$5626$auto$blifparse.cc:397:parse_blif$6342_gate ($_MUX_): \scrambler_top_inst.seed_reg_gate [19] -> \scrambler_top_inst.seed_reg [19]
Changing input B of cell $abc$5626$auto$blifparse.cc:397:parse_blif$6344_gate ($_MUX_): \scrambler_top_inst.scrambler.state_gate [10] -> \scrambler_top_inst.scrambler.state [10]
Changing input A of cell $abc$5626$auto$blifparse.cc:397:parse_blif$6344_gate ($_MUX_): \scrambler_top_inst.seed_reg_gate [18] -> \scrambler_top_inst.seed_reg [18]
Changing input B of cell $abc$5626$auto$blifparse.cc:397:parse_blif$6346_gate ($_MUX_): \scrambler_top_inst.scrambler.state_gate [9] -> \scrambler_top_inst.scrambler.state [9]
Changing input A of cell $abc$5626$auto$blifparse.cc:397:parse_blif$6346_gate ($_MUX_): \scrambler_top_inst.seed_reg_gate [17] -> \scrambler_top_inst.seed_reg [17]
Changing input B of cell $abc$5626$auto$blifparse.cc:397:parse_blif$6348_gate ($_MUX_): \scrambler_top_inst.scrambler.state_gate [8] -> \scrambler_top_inst.scrambler.state [8]
Changing input A of cell $abc$5626$auto$blifparse.cc:397:parse_blif$6348_gate ($_MUX_): \scrambler_top_inst.seed_reg_gate [16] -> \scrambler_top_inst.seed_reg [16]
Changing input B of cell $abc$5626$auto$blifparse.cc:397:parse_blif$6350_gate ($_MUX_): \scrambler_top_inst.scrambler.state_gate [7] -> \scrambler_top_inst.scrambler.state [7]
Changing input A of cell $abc$5626$auto$blifparse.cc:397:parse_blif$6350_gate ($_MUX_): \scrambler_top_inst.seed_reg_gate [15] -> \scrambler_top_inst.seed_reg [15]
Changing input B of cell $abc$5626$auto$blifparse.cc:397:parse_blif$6352_gate ($_MUX_): \scrambler_top_inst.scrambler.state_gate [6] -> \scrambler_top_inst.scrambler.state [6]
Changing input A of cell $abc$5626$auto$blifparse.cc:397:parse_blif$6352_gate ($_MUX_): \scrambler_top_inst.seed_reg_gate [14] -> \scrambler_top_inst.seed_reg [14]
Changing input B of cell $abc$5626$auto$blifparse.cc:397:parse_blif$6354_gate ($_MUX_): \scrambler_top_inst.scrambler.state_gate [5] -> \scrambler_top_inst.scrambler.state [5]
Changing input A of cell $abc$5626$auto$blifparse.cc:397:parse_blif$6354_gate ($_MUX_): \scrambler_top_inst.seed_reg_gate [13] -> \scrambler_top_inst.seed_reg [13]
Changing input B of cell $abc$5626$auto$blifparse.cc:397:parse_blif$6356_gate ($_MUX_): \scrambler_top_inst.scrambler.state_gate [4] -> \scrambler_top_inst.scrambler.state [4]
Changing input A of cell $abc$5626$auto$blifparse.cc:397:parse_blif$6356_gate ($_MUX_): \scrambler_top_inst.seed_reg_gate [12] -> \scrambler_top_inst.seed_reg [12]
Changing input B of cell $abc$5626$auto$blifparse.cc:397:parse_blif$6358_gate ($_MUX_): \scrambler_top_inst.scrambler.state_gate [3] -> \scrambler_top_inst.scrambler.state [3]
Changing input A of cell $abc$5626$auto$blifparse.cc:397:parse_blif$6358_gate ($_MUX_): \scrambler_top_inst.seed_reg_gate [11] -> \scrambler_top_inst.seed_reg [11]
Changing input B of cell $abc$5626$auto$blifparse.cc:397:parse_blif$6360_gate ($_MUX_): \scrambler_top_inst.scrambler.state_gate [2] -> \scrambler_top_inst.scrambler.state [2]
Changing input A of cell $abc$5626$auto$blifparse.cc:397:parse_blif$6360_gate ($_MUX_): \scrambler_top_inst.seed_reg_gate [10] -> \scrambler_top_inst.seed_reg [10]
Changing input B of cell $abc$5626$auto$blifparse.cc:397:parse_blif$6362_gate ($_MUX_): \scrambler_top_inst.scrambler.state_gate [1] -> \scrambler_top_inst.scrambler.state [1]
Changing input A of cell $abc$5626$auto$blifparse.cc:397:parse_blif$6362_gate ($_MUX_): \scrambler_top_inst.seed_reg_gate [9] -> \scrambler_top_inst.seed_reg [9]
Changing input B of cell $abc$5626$auto$blifparse.cc:397:parse_blif$6364_gate ($_MUX_): \scrambler_top_inst.scrambler.state_gate [0] -> \scrambler_top_inst.scrambler.state [0]
Changing input A of cell $abc$5626$auto$blifparse.cc:397:parse_blif$6364_gate ($_MUX_): \scrambler_top_inst.seed_reg_gate [8] -> \scrambler_top_inst.seed_reg [8]
Changing input B of cell $abc$5626$auto$blifparse.cc:397:parse_blif$6366_gate ($_XOR_): \scrambler_top_inst.scrambler.state_gate [38] -> \scrambler_top_inst.scrambler.state [38]
Changing input A of cell $abc$5626$auto$blifparse.cc:397:parse_blif$6366_gate ($_XOR_): \scrambler_top_inst.scrambler.state_gate [57] -> \scrambler_top_inst.scrambler.state [57]
Changing input B of cell $abc$5626$auto$blifparse.cc:397:parse_blif$6370_gate ($_XOR_): \scrambler_top_inst.scrambler.state_gate [37] -> \scrambler_top_inst.scrambler.state [37]
Changing input A of cell $abc$5626$auto$blifparse.cc:397:parse_blif$6370_gate ($_XOR_): \scrambler_top_inst.scrambler.state_gate [56] -> \scrambler_top_inst.scrambler.state [56]
Changing input B of cell $abc$5626$auto$blifparse.cc:397:parse_blif$6374_gate ($_XOR_): \scrambler_top_inst.scrambler.state_gate [36] -> \scrambler_top_inst.scrambler.state [36]
Changing input A of cell $abc$5626$auto$blifparse.cc:397:parse_blif$6374_gate ($_XOR_): \scrambler_top_inst.scrambler.state_gate [55] -> \scrambler_top_inst.scrambler.state [55]
Changing input B of cell $abc$5626$auto$blifparse.cc:397:parse_blif$6378_gate ($_XOR_): \scrambler_top_inst.scrambler.state_gate [35] -> \scrambler_top_inst.scrambler.state [35]
Changing input A of cell $abc$5626$auto$blifparse.cc:397:parse_blif$6378_gate ($_XOR_): \scrambler_top_inst.scrambler.state_gate [54] -> \scrambler_top_inst.scrambler.state [54]
Changing input B of cell $abc$5626$auto$blifparse.cc:397:parse_blif$6382_gate ($_XOR_): \scrambler_top_inst.scrambler.state_gate [53] -> \scrambler_top_inst.scrambler.state [53]
Changing input A of cell $abc$5626$auto$blifparse.cc:397:parse_blif$6382_gate ($_XOR_): \scrambler_top_inst.scrambler.state_gate [34] -> \scrambler_top_inst.scrambler.state [34]
Changing input B of cell $abc$5626$auto$blifparse.cc:397:parse_blif$6386_gate ($_XOR_): \scrambler_top_inst.scrambler.state_gate [52] -> \scrambler_top_inst.scrambler.state [52]
Changing input A of cell $abc$5626$auto$blifparse.cc:397:parse_blif$6386_gate ($_XOR_): \scrambler_top_inst.scrambler.state_gate [33] -> \scrambler_top_inst.scrambler.state [33]
Changing input B of cell $abc$5626$auto$blifparse.cc:397:parse_blif$6390_gate ($_XOR_): \scrambler_top_inst.scrambler.state_gate [51] -> \scrambler_top_inst.scrambler.state [51]
Changing input A of cell $abc$5626$auto$blifparse.cc:397:parse_blif$6390_gate ($_XOR_): \scrambler_top_inst.scrambler.state_gate [32] -> \scrambler_top_inst.scrambler.state [32]
Changing input B of cell $abc$5626$auto$blifparse.cc:397:parse_blif$6394_gate ($_XOR_): \scrambler_top_inst.scrambler.state_gate [50] -> \scrambler_top_inst.scrambler.state [50]
Changing input A of cell $abc$5626$auto$blifparse.cc:397:parse_blif$6394_gate ($_XOR_): \scrambler_top_inst.scrambler.state_gate [31] -> \scrambler_top_inst.scrambler.state [31]
Changing input B of cell $abc$5626$auto$blifparse.cc:397:parse_blif$6409_gate ($_NOR_): \scrambler_top_inst.scrambler.state_gate [39] -> \scrambler_top_inst.scrambler.state [39]
Changing input A of cell $abc$5626$auto$blifparse.cc:397:parse_blif$6409_gate ($_NOR_): \scrambler_top_inst.scrambler.state_gate [38] -> \scrambler_top_inst.scrambler.state [38]
Changing input B of cell $abc$5626$auto$blifparse.cc:397:parse_blif$6410_gate ($_NOR_): \scrambler_top_inst.scrambler.state_gate [54] -> \scrambler_top_inst.scrambler.state [54]
Changing input A of cell $abc$5626$auto$blifparse.cc:397:parse_blif$6410_gate ($_NOR_): \scrambler_top_inst.scrambler.state_gate [55] -> \scrambler_top_inst.scrambler.state [55]
Changing input B of cell $abc$5626$auto$blifparse.cc:397:parse_blif$6412_gate ($_NOR_): \scrambler_top_inst.scrambler.state_gate [20] -> \scrambler_top_inst.scrambler.state [20]
Changing input A of cell $abc$5626$auto$blifparse.cc:397:parse_blif$6412_gate ($_NOR_): \scrambler_top_inst.scrambler.state_gate [21] -> \scrambler_top_inst.scrambler.state [21]
Changing input B of cell $abc$5626$auto$blifparse.cc:397:parse_blif$6413_gate ($_NOR_): \scrambler_top_inst.scrambler.state_gate [7] -> \scrambler_top_inst.scrambler.state [7]
Changing input A of cell $abc$5626$auto$blifparse.cc:397:parse_blif$6413_gate ($_NOR_): \scrambler_top_inst.scrambler.state_gate [6] -> \scrambler_top_inst.scrambler.state [6]
Changing input B of cell $abc$5626$auto$blifparse.cc:397:parse_blif$6414_gate ($_NOR_): \scrambler_top_inst.scrambler.state_gate [51] -> \scrambler_top_inst.scrambler.state [51]
Changing input A of cell $abc$5626$auto$blifparse.cc:397:parse_blif$6414_gate ($_NOR_): \scrambler_top_inst.scrambler.state_gate [50] -> \scrambler_top_inst.scrambler.state [50]
Changing input B of cell $abc$5626$auto$blifparse.cc:397:parse_blif$6415_gate ($_NOR_): \scrambler_top_inst.scrambler.state_gate [43] -> \scrambler_top_inst.scrambler.state [43]
Changing input A of cell $abc$5626$auto$blifparse.cc:397:parse_blif$6415_gate ($_NOR_): \scrambler_top_inst.scrambler.state_gate [42] -> \scrambler_top_inst.scrambler.state [42]
Changing input B of cell $abc$5626$auto$blifparse.cc:397:parse_blif$6416_gate ($_NOR_): \scrambler_top_inst.scrambler.state_gate [49] -> \scrambler_top_inst.scrambler.state [49]
Changing input A of cell $abc$5626$auto$blifparse.cc:397:parse_blif$6416_gate ($_NOR_): \scrambler_top_inst.scrambler.state_gate [48] -> \scrambler_top_inst.scrambler.state [48]
Changing input B of cell $abc$5626$auto$blifparse.cc:397:parse_blif$6417_gate ($_NOR_): \scrambler_top_inst.scrambler.state_gate [22] -> \scrambler_top_inst.scrambler.state [22]
Changing input A of cell $abc$5626$auto$blifparse.cc:397:parse_blif$6417_gate ($_NOR_): \scrambler_top_inst.scrambler.state_gate [23] -> \scrambler_top_inst.scrambler.state [23]
Changing input B of cell $abc$5626$auto$blifparse.cc:397:parse_blif$6418_gate ($_NOR_): \scrambler_top_inst.scrambler.state_gate [5] -> \scrambler_top_inst.scrambler.state [5]
Changing input A of cell $abc$5626$auto$blifparse.cc:397:parse_blif$6418_gate ($_NOR_): \scrambler_top_inst.scrambler.state_gate [4] -> \scrambler_top_inst.scrambler.state [4]
Changing input B of cell $abc$5626$auto$blifparse.cc:397:parse_blif$6419_gate ($_NOR_): \scrambler_top_inst.scrambler.state_gate [13] -> \scrambler_top_inst.scrambler.state [13]
Changing input A of cell $abc$5626$auto$blifparse.cc:397:parse_blif$6419_gate ($_NOR_): \scrambler_top_inst.scrambler.state_gate [12] -> \scrambler_top_inst.scrambler.state [12]
Changing input B of cell $abc$5626$auto$blifparse.cc:397:parse_blif$6420_gate ($_NOR_): \scrambler_top_inst.scrambler.state_gate [27] -> \scrambler_top_inst.scrambler.state [27]
Changing input A of cell $abc$5626$auto$blifparse.cc:397:parse_blif$6420_gate ($_NOR_): \scrambler_top_inst.scrambler.state_gate [26] -> \scrambler_top_inst.scrambler.state [26]
Changing input B of cell $abc$5626$auto$blifparse.cc:397:parse_blif$6421_gate ($_NOR_): \scrambler_top_inst.scrambler.state_gate [45] -> \scrambler_top_inst.scrambler.state [45]
Changing input A of cell $abc$5626$auto$blifparse.cc:397:parse_blif$6421_gate ($_NOR_): \scrambler_top_inst.scrambler.state_gate [44] -> \scrambler_top_inst.scrambler.state [44]
Changing input B of cell $abc$5626$auto$blifparse.cc:397:parse_blif$6422_gate ($_NOR_): \scrambler_top_inst.scrambler.state_gate [15] -> \scrambler_top_inst.scrambler.state [15]
Changing input A of cell $abc$5626$auto$blifparse.cc:397:parse_blif$6422_gate ($_NOR_): \scrambler_top_inst.scrambler.state_gate [14] -> \scrambler_top_inst.scrambler.state [14]
Changing input B of cell $abc$5626$auto$blifparse.cc:397:parse_blif$6423_gate ($_NOR_): \scrambler_top_inst.scrambler.state_gate [37] -> \scrambler_top_inst.scrambler.state [37]
Changing input A of cell $abc$5626$auto$blifparse.cc:397:parse_blif$6423_gate ($_NOR_): \scrambler_top_inst.scrambler.state_gate [36] -> \scrambler_top_inst.scrambler.state [36]
Changing input B of cell $abc$5626$auto$blifparse.cc:397:parse_blif$6424_gate ($_NOR_): \scrambler_top_inst.scrambler.state_gate [35] -> \scrambler_top_inst.scrambler.state [35]
Changing input A of cell $abc$5626$auto$blifparse.cc:397:parse_blif$6424_gate ($_NOR_): \scrambler_top_inst.scrambler.state_gate [34] -> \scrambler_top_inst.scrambler.state [34]
Changing input B of cell $abc$5626$auto$blifparse.cc:397:parse_blif$6425_gate ($_NOR_): \scrambler_top_inst.scrambler.state_gate [1] -> \scrambler_top_inst.scrambler.state [1]
Changing input A of cell $abc$5626$auto$blifparse.cc:397:parse_blif$6425_gate ($_NOR_): \scrambler_top_inst.scrambler.state_gate [0] -> \scrambler_top_inst.scrambler.state [0]
Changing input B of cell $abc$5626$auto$blifparse.cc:397:parse_blif$6426_gate ($_NOR_): \scrambler_top_inst.scrambler.state_gate [41] -> \scrambler_top_inst.scrambler.state [41]
Changing input A of cell $abc$5626$auto$blifparse.cc:397:parse_blif$6426_gate ($_NOR_): \scrambler_top_inst.scrambler.state_gate [40] -> \scrambler_top_inst.scrambler.state [40]
Changing input B of cell $abc$5626$auto$blifparse.cc:397:parse_blif$6427_gate ($_NOR_): \scrambler_top_inst.scrambler.state_gate [11] -> \scrambler_top_inst.scrambler.state [11]
Changing input A of cell $abc$5626$auto$blifparse.cc:397:parse_blif$6427_gate ($_NOR_): \scrambler_top_inst.scrambler.state_gate [10] -> \scrambler_top_inst.scrambler.state [10]
Changing input B of cell $abc$5626$auto$blifparse.cc:397:parse_blif$6428_gate ($_NOR_): \scrambler_top_inst.scrambler.state_gate [52] -> \scrambler_top_inst.scrambler.state [52]
Changing input A of cell $abc$5626$auto$blifparse.cc:397:parse_blif$6428_gate ($_NOR_): \scrambler_top_inst.scrambler.state_gate [53] -> \scrambler_top_inst.scrambler.state [53]
Changing input B of cell $abc$5626$auto$blifparse.cc:397:parse_blif$6430_gate ($_NOR_): \scrambler_top_inst.scrambler.state_gate [3] -> \scrambler_top_inst.scrambler.state [3]
Changing input A of cell $abc$5626$auto$blifparse.cc:397:parse_blif$6430_gate ($_NOR_): \scrambler_top_inst.scrambler.state_gate [2] -> \scrambler_top_inst.scrambler.state [2]
Changing input B of cell $abc$5626$auto$blifparse.cc:397:parse_blif$6431_gate ($_NOR_): \scrambler_top_inst.scrambler.state_gate [33] -> \scrambler_top_inst.scrambler.state [33]
Changing input A of cell $abc$5626$auto$blifparse.cc:397:parse_blif$6431_gate ($_NOR_): \scrambler_top_inst.scrambler.state_gate [32] -> \scrambler_top_inst.scrambler.state [32]
Changing input B of cell $abc$5626$auto$blifparse.cc:397:parse_blif$6432_gate ($_NOR_): \scrambler_top_inst.scrambler.state_gate [17] -> \scrambler_top_inst.scrambler.state [17]
Changing input A of cell $abc$5626$auto$blifparse.cc:397:parse_blif$6432_gate ($_NOR_): \scrambler_top_inst.scrambler.state_gate [16] -> \scrambler_top_inst.scrambler.state [16]
Changing input B of cell $abc$5626$auto$blifparse.cc:397:parse_blif$6433_gate ($_NOR_): \scrambler_top_inst.scrambler.state_gate [30] -> \scrambler_top_inst.scrambler.state [30]
Changing input A of cell $abc$5626$auto$blifparse.cc:397:parse_blif$6433_gate ($_NOR_): \scrambler_top_inst.scrambler.state_gate [31] -> \scrambler_top_inst.scrambler.state [31]
Changing input B of cell $abc$5626$auto$blifparse.cc:397:parse_blif$6434_gate ($_NOR_): \scrambler_top_inst.scrambler.state_gate [29] -> \scrambler_top_inst.scrambler.state [29]
Changing input A of cell $abc$5626$auto$blifparse.cc:397:parse_blif$6434_gate ($_NOR_): \scrambler_top_inst.scrambler.state_gate [28] -> \scrambler_top_inst.scrambler.state [28]
Changing input B of cell $abc$5626$auto$blifparse.cc:397:parse_blif$6435_gate ($_NOR_): \scrambler_top_inst.scrambler.state_gate [47] -> \scrambler_top_inst.scrambler.state [47]
Changing input A of cell $abc$5626$auto$blifparse.cc:397:parse_blif$6435_gate ($_NOR_): \scrambler_top_inst.scrambler.state_gate [46] -> \scrambler_top_inst.scrambler.state [46]
Changing input B of cell $abc$5626$auto$blifparse.cc:397:parse_blif$6436_gate ($_NOR_): \scrambler_top_inst.scrambler.state_gate [56] -> \scrambler_top_inst.scrambler.state [56]
Changing input A of cell $abc$5626$auto$blifparse.cc:397:parse_blif$6436_gate ($_NOR_): \scrambler_top_inst.scrambler.state_gate [57] -> \scrambler_top_inst.scrambler.state [57]
Changing input B of cell $abc$5626$auto$blifparse.cc:397:parse_blif$6437_gate ($_NOR_): \scrambler_top_inst.scrambler.state_gate [19] -> \scrambler_top_inst.scrambler.state [19]
Changing input A of cell $abc$5626$auto$blifparse.cc:397:parse_blif$6437_gate ($_NOR_): \scrambler_top_inst.scrambler.state_gate [18] -> \scrambler_top_inst.scrambler.state [18]
Changing input B of cell $abc$5626$auto$blifparse.cc:397:parse_blif$6438_gate ($_NOR_): \scrambler_top_inst.scrambler.state_gate [9] -> \scrambler_top_inst.scrambler.state [9]
Changing input A of cell $abc$5626$auto$blifparse.cc:397:parse_blif$6438_gate ($_NOR_): \scrambler_top_inst.scrambler.state_gate [8] -> \scrambler_top_inst.scrambler.state [8]
Changing input B of cell $abc$5626$auto$blifparse.cc:397:parse_blif$6439_gate ($_NOR_): \scrambler_top_inst.scrambler.state_gate [24] -> \scrambler_top_inst.scrambler.state [24]
Changing input A of cell $abc$5626$auto$blifparse.cc:397:parse_blif$6439_gate ($_NOR_): \scrambler_top_inst.scrambler.state_gate [25] -> \scrambler_top_inst.scrambler.state [25]
Changing input B of cell $abc$5626$auto$blifparse.cc:397:parse_blif$6469_gate ($_XNOR_): \scrambler_top_inst.scrambler.state_gate [52] -> \scrambler_top_inst.scrambler.state [52]
Changing input A of cell $abc$5626$auto$blifparse.cc:397:parse_blif$6469_gate ($_XNOR_): \scrambler_top_inst.scrambler.state_gate [53] -> \scrambler_top_inst.scrambler.state [53]
Changing input A of cell $abc$5626$auto$blifparse.cc:397:parse_blif$6470_gate ($_XNOR_): \scrambler_top_inst.scrambler.state_parity_gate -> \scrambler_top_inst.scrambler.state_parity
Changing input B of cell $abc$5626$auto$blifparse.cc:397:parse_blif$6471_gate ($_XOR_): \scrambler_top_inst.scrambler.state_gate [49] -> \scrambler_top_inst.scrambler.state [49]
Changing input A of cell $abc$5626$auto$blifparse.cc:397:parse_blif$6471_gate ($_XOR_): \scrambler_top_inst.scrambler.state_gate [48] -> \scrambler_top_inst.scrambler.state [48]
Changing input B of cell $abc$5626$auto$blifparse.cc:397:parse_blif$6472_gate ($_XOR_): \scrambler_top_inst.scrambler.state_gate [54] -> \scrambler_top_inst.scrambler.state [54]
Changing input A of cell $abc$5626$auto$blifparse.cc:397:parse_blif$6472_gate ($_XOR_): \scrambler_top_inst.scrambler.state_gate [55] -> \scrambler_top_inst.scrambler.state [55]
Changing input B of cell $abc$5626$auto$blifparse.cc:397:parse_blif$6475_gate ($_XNOR_): \scrambler_top_inst.scrambler.state_gate [30] -> \scrambler_top_inst.scrambler.state [30]
Changing input A of cell $abc$5626$auto$blifparse.cc:397:parse_blif$6475_gate ($_XNOR_): \scrambler_top_inst.scrambler.state_gate [31] -> \scrambler_top_inst.scrambler.state [31]
Changing input B of cell $abc$5626$auto$blifparse.cc:397:parse_blif$6476_gate ($_XOR_): \scrambler_top_inst.scrambler.state_gate [29] -> \scrambler_top_inst.scrambler.state [29]
Changing input A of cell $abc$5626$auto$blifparse.cc:397:parse_blif$6476_gate ($_XOR_): \scrambler_top_inst.scrambler.state_gate [28] -> \scrambler_top_inst.scrambler.state [28]
Changing input B of cell $abc$5626$auto$blifparse.cc:397:parse_blif$6478_gate ($_XNOR_): \scrambler_top_inst.scrambler.state_gate [27] -> \scrambler_top_inst.scrambler.state [27]
Changing input A of cell $abc$5626$auto$blifparse.cc:397:parse_blif$6478_gate ($_XNOR_): \scrambler_top_inst.scrambler.state_gate [26] -> \scrambler_top_inst.scrambler.state [26]
Changing input B of cell $abc$5626$auto$blifparse.cc:397:parse_blif$6479_gate ($_XOR_): \scrambler_top_inst.scrambler.state_gate [24] -> \scrambler_top_inst.scrambler.state [24]
Changing input A of cell $abc$5626$auto$blifparse.cc:397:parse_blif$6479_gate ($_XOR_): \scrambler_top_inst.scrambler.state_gate [25] -> \scrambler_top_inst.scrambler.state [25]
Changing input B of cell $abc$5626$auto$blifparse.cc:397:parse_blif$6482_gate ($_XOR_): \scrambler_top_inst.scrambler.state_gate [35] -> \scrambler_top_inst.scrambler.state [35]
Changing input A of cell $abc$5626$auto$blifparse.cc:397:parse_blif$6482_gate ($_XOR_): \scrambler_top_inst.scrambler.state_gate [34] -> \scrambler_top_inst.scrambler.state [34]
Changing input B of cell $abc$5626$auto$blifparse.cc:397:parse_blif$6483_gate ($_XOR_): \scrambler_top_inst.scrambler.state_gate [33] -> \scrambler_top_inst.scrambler.state [33]
Changing input A of cell $abc$5626$auto$blifparse.cc:397:parse_blif$6483_gate ($_XOR_): \scrambler_top_inst.scrambler.state_gate [32] -> \scrambler_top_inst.scrambler.state [32]
Changing input B of cell $abc$5626$auto$blifparse.cc:397:parse_blif$6485_gate ($_XNOR_): \scrambler_top_inst.scrambler.state_gate [37] -> \scrambler_top_inst.scrambler.state [37]
Changing input A of cell $abc$5626$auto$blifparse.cc:397:parse_blif$6485_gate ($_XNOR_): \scrambler_top_inst.scrambler.state_gate [36] -> \scrambler_top_inst.scrambler.state [36]
Changing input B of cell $abc$5626$auto$blifparse.cc:397:parse_blif$6486_gate ($_XOR_): \scrambler_top_inst.scrambler.state_gate [39] -> \scrambler_top_inst.scrambler.state [39]
Changing input A of cell $abc$5626$auto$blifparse.cc:397:parse_blif$6486_gate ($_XOR_): \scrambler_top_inst.scrambler.state_gate [38] -> \scrambler_top_inst.scrambler.state [38]
Changing input B of cell $abc$5626$auto$blifparse.cc:397:parse_blif$6489_gate ($_XOR_): \scrambler_top_inst.scrambler.state_gate [43] -> \scrambler_top_inst.scrambler.state [43]
Changing input A of cell $abc$5626$auto$blifparse.cc:397:parse_blif$6489_gate ($_XOR_): \scrambler_top_inst.scrambler.state_gate [42] -> \scrambler_top_inst.scrambler.state [42]
Changing input B of cell $abc$5626$auto$blifparse.cc:397:parse_blif$6490_gate ($_XOR_): \scrambler_top_inst.scrambler.state_gate [41] -> \scrambler_top_inst.scrambler.state [41]
Changing input A of cell $abc$5626$auto$blifparse.cc:397:parse_blif$6490_gate ($_XOR_): \scrambler_top_inst.scrambler.state_gate [40] -> \scrambler_top_inst.scrambler.state [40]
Changing input B of cell $abc$5626$auto$blifparse.cc:397:parse_blif$6492_gate ($_XNOR_): \scrambler_top_inst.scrambler.state_gate [45] -> \scrambler_top_inst.scrambler.state [45]
Changing input A of cell $abc$5626$auto$blifparse.cc:397:parse_blif$6492_gate ($_XNOR_): \scrambler_top_inst.scrambler.state_gate [44] -> \scrambler_top_inst.scrambler.state [44]
Changing input B of cell $abc$5626$auto$blifparse.cc:397:parse_blif$6493_gate ($_XOR_): \scrambler_top_inst.scrambler.state_gate [47] -> \scrambler_top_inst.scrambler.state [47]
Changing input A of cell $abc$5626$auto$blifparse.cc:397:parse_blif$6493_gate ($_XOR_): \scrambler_top_inst.scrambler.state_gate [46] -> \scrambler_top_inst.scrambler.state [46]
Changing input B of cell $abc$5626$auto$blifparse.cc:397:parse_blif$6499_gate ($_XNOR_): \scrambler_top_inst.scrambler.state_gate [22] -> \scrambler_top_inst.scrambler.state [22]
Changing input A of cell $abc$5626$auto$blifparse.cc:397:parse_blif$6499_gate ($_XNOR_): \scrambler_top_inst.scrambler.state_gate [23] -> \scrambler_top_inst.scrambler.state [23]
Changing input B of cell $abc$5626$auto$blifparse.cc:397:parse_blif$6500_gate ($_XOR_): \scrambler_top_inst.scrambler.state_gate [20] -> \scrambler_top_inst.scrambler.state [20]
Changing input A of cell $abc$5626$auto$blifparse.cc:397:parse_blif$6500_gate ($_XOR_): \scrambler_top_inst.scrambler.state_gate [21] -> \scrambler_top_inst.scrambler.state [21]
Changing input B of cell $abc$5626$auto$blifparse.cc:397:parse_blif$6502_gate ($_XOR_): \scrambler_top_inst.scrambler.state_gate [13] -> \scrambler_top_inst.scrambler.state [13]
Changing input A of cell $abc$5626$auto$blifparse.cc:397:parse_blif$6502_gate ($_XOR_): \scrambler_top_inst.scrambler.state_gate [12] -> \scrambler_top_inst.scrambler.state [12]
Changing input B of cell $abc$5626$auto$blifparse.cc:397:parse_blif$6503_gate ($_XOR_): \scrambler_top_inst.scrambler.state_gate [15] -> \scrambler_top_inst.scrambler.state [15]
Changing input A of cell $abc$5626$auto$blifparse.cc:397:parse_blif$6503_gate ($_XOR_): \scrambler_top_inst.scrambler.state_gate [14] -> \scrambler_top_inst.scrambler.state [14]
Changing input B of cell $abc$5626$auto$blifparse.cc:397:parse_blif$6505_gate ($_XNOR_): \scrambler_top_inst.scrambler.state_gate [11] -> \scrambler_top_inst.scrambler.state [11]
Changing input A of cell $abc$5626$auto$blifparse.cc:397:parse_blif$6505_gate ($_XNOR_): \scrambler_top_inst.scrambler.state_gate [10] -> \scrambler_top_inst.scrambler.state [10]
Changing input B of cell $abc$5626$auto$blifparse.cc:397:parse_blif$6506_gate ($_XOR_): \scrambler_top_inst.scrambler.state_gate [9] -> \scrambler_top_inst.scrambler.state [9]
Changing input A of cell $abc$5626$auto$blifparse.cc:397:parse_blif$6506_gate ($_XOR_): \scrambler_top_inst.scrambler.state_gate [8] -> \scrambler_top_inst.scrambler.state [8]
Changing input B of cell $abc$5626$auto$blifparse.cc:397:parse_blif$6510_gate ($_XOR_): \scrambler_top_inst.scrambler.state_gate [7] -> \scrambler_top_inst.scrambler.state [7]
Changing input A of cell $abc$5626$auto$blifparse.cc:397:parse_blif$6510_gate ($_XOR_): \scrambler_top_inst.scrambler.state_gate [6] -> \scrambler_top_inst.scrambler.state [6]
Changing input B of cell $abc$5626$auto$blifparse.cc:397:parse_blif$6511_gate ($_XOR_): \scrambler_top_inst.scrambler.state_gate [5] -> \scrambler_top_inst.scrambler.state [5]
Changing input A of cell $abc$5626$auto$blifparse.cc:397:parse_blif$6511_gate ($_XOR_): \scrambler_top_inst.scrambler.state_gate [4] -> \scrambler_top_inst.scrambler.state [4]
Changing input B of cell $abc$5626$auto$blifparse.cc:397:parse_blif$6513_gate ($_XOR_): \scrambler_top_inst.scrambler.state_gate [19] -> \scrambler_top_inst.scrambler.state [19]
Changing input A of cell $abc$5626$auto$blifparse.cc:397:parse_blif$6513_gate ($_XOR_): \scrambler_top_inst.scrambler.state_gate [18] -> \scrambler_top_inst.scrambler.state [18]
Changing input B of cell $abc$5626$auto$blifparse.cc:397:parse_blif$6514_gate ($_XOR_): \scrambler_top_inst.scrambler.state_gate [17] -> \scrambler_top_inst.scrambler.state [17]
Changing input A of cell $abc$5626$auto$blifparse.cc:397:parse_blif$6514_gate ($_XOR_): \scrambler_top_inst.scrambler.state_gate [16] -> \scrambler_top_inst.scrambler.state [16]
Changing input B of cell $abc$5626$auto$blifparse.cc:397:parse_blif$6516_gate ($_XNOR_): \scrambler_top_inst.scrambler.state_gate [3] -> \scrambler_top_inst.scrambler.state [3]
Changing input A of cell $abc$5626$auto$blifparse.cc:397:parse_blif$6516_gate ($_XNOR_): \scrambler_top_inst.scrambler.state_gate [2] -> \scrambler_top_inst.scrambler.state [2]
Changing input B of cell $abc$5626$auto$blifparse.cc:397:parse_blif$6517_gate ($_XOR_): \scrambler_top_inst.scrambler.state_gate [1] -> \scrambler_top_inst.scrambler.state [1]
Changing input A of cell $abc$5626$auto$blifparse.cc:397:parse_blif$6517_gate ($_XOR_): \scrambler_top_inst.scrambler.state_gate [0] -> \scrambler_top_inst.scrambler.state [0]
Changing input B of cell $abc$5626$auto$blifparse.cc:397:parse_blif$6522_gate ($_XNOR_): \scrambler_top_inst.scrambler.state_gate [56] -> \scrambler_top_inst.scrambler.state [56]
Changing input A of cell $abc$5626$auto$blifparse.cc:397:parse_blif$6522_gate ($_XNOR_): \scrambler_top_inst.scrambler.state_gate [57] -> \scrambler_top_inst.scrambler.state [57]
Changing input B of cell $abc$5626$auto$blifparse.cc:397:parse_blif$6523_gate ($_XOR_): \scrambler_top_inst.scrambler.state_gate [51] -> \scrambler_top_inst.scrambler.state [51]
Changing input A of cell $abc$5626$auto$blifparse.cc:397:parse_blif$6523_gate ($_XOR_): \scrambler_top_inst.scrambler.state_gate [50] -> \scrambler_top_inst.scrambler.state [50]
Changing input B of cell $abc$5626$auto$blifparse.cc:397:parse_blif$6540_gate ($_XOR_): \scrambler_top_inst.seed_reg_gate [22] -> \scrambler_top_inst.seed_reg [22]
Changing input A of cell $abc$5626$auto$blifparse.cc:397:parse_blif$6540_gate ($_XOR_): \scrambler_top_inst.seed_reg_gate [23] -> \scrambler_top_inst.seed_reg [23]
Changing input B of cell $abc$5626$auto$blifparse.cc:397:parse_blif$6541_gate ($_XOR_): \scrambler_top_inst.seed_reg_gate [20] -> \scrambler_top_inst.seed_reg [20]
Changing input A of cell $abc$5626$auto$blifparse.cc:397:parse_blif$6541_gate ($_XOR_): \scrambler_top_inst.seed_reg_gate [21] -> \scrambler_top_inst.seed_reg [21]
Changing input B of cell $abc$5626$auto$blifparse.cc:397:parse_blif$6543_gate ($_XNOR_): \scrambler_top_inst.seed_reg_gate [19] -> \scrambler_top_inst.seed_reg [19]
Changing input A of cell $abc$5626$auto$blifparse.cc:397:parse_blif$6543_gate ($_XNOR_): \scrambler_top_inst.seed_reg_gate [18] -> \scrambler_top_inst.seed_reg [18]
Changing input B of cell $abc$5626$auto$blifparse.cc:397:parse_blif$6544_gate ($_XOR_): \scrambler_top_inst.seed_reg_gate [16] -> \scrambler_top_inst.seed_reg [16]
Changing input A of cell $abc$5626$auto$blifparse.cc:397:parse_blif$6544_gate ($_XOR_): \scrambler_top_inst.seed_reg_gate [17] -> \scrambler_top_inst.seed_reg [17]
Changing input B of cell $abc$5626$auto$blifparse.cc:397:parse_blif$6547_gate ($_XNOR_): \scrambler_top_inst.seed_reg_gate [5] -> \scrambler_top_inst.seed_reg [5]
Changing input A of cell $abc$5626$auto$blifparse.cc:397:parse_blif$6547_gate ($_XNOR_): \scrambler_top_inst.seed_reg_gate [4] -> \scrambler_top_inst.seed_reg [4]
Changing input B of cell $abc$5626$auto$blifparse.cc:397:parse_blif$6548_gate ($_XOR_): \scrambler_top_inst.seed_reg_gate [7] -> \scrambler_top_inst.seed_reg [7]
Changing input A of cell $abc$5626$auto$blifparse.cc:397:parse_blif$6548_gate ($_XOR_): \scrambler_top_inst.seed_reg_gate [6] -> \scrambler_top_inst.seed_reg [6]
Changing input B of cell $abc$5626$auto$blifparse.cc:397:parse_blif$6550_gate ($_XNOR_): \scrambler_top_inst.seed_reg_gate [10] -> \scrambler_top_inst.seed_reg [10]
Changing input A of cell $abc$5626$auto$blifparse.cc:397:parse_blif$6550_gate ($_XNOR_): \scrambler_top_inst.seed_reg_gate [11] -> \scrambler_top_inst.seed_reg [11]
Changing input B of cell $abc$5626$auto$blifparse.cc:397:parse_blif$6551_gate ($_XNOR_): \scrambler_top_inst.seed_reg_gate [13] -> \scrambler_top_inst.seed_reg [13]
Changing input A of cell $abc$5626$auto$blifparse.cc:397:parse_blif$6551_gate ($_XNOR_): \scrambler_top_inst.seed_reg_gate [12] -> \scrambler_top_inst.seed_reg [12]
Changing input B of cell $abc$5626$auto$blifparse.cc:397:parse_blif$6554_gate ($_XOR_): \scrambler_top_inst.seed_reg_gate [9] -> \scrambler_top_inst.seed_reg [9]
Changing input A of cell $abc$5626$auto$blifparse.cc:397:parse_blif$6554_gate ($_XOR_): \scrambler_top_inst.seed_reg_gate [8] -> \scrambler_top_inst.seed_reg [8]
Changing input B of cell $abc$5626$auto$blifparse.cc:397:parse_blif$6555_gate ($_XOR_): \scrambler_top_inst.seed_reg_gate [15] -> \scrambler_top_inst.seed_reg [15]
Changing input A of cell $abc$5626$auto$blifparse.cc:397:parse_blif$6555_gate ($_XOR_): \scrambler_top_inst.seed_reg_gate [14] -> \scrambler_top_inst.seed_reg [14]
Changing input B of cell $abc$5626$auto$blifparse.cc:397:parse_blif$6557_gate ($_XNOR_): \scrambler_top_inst.seed_reg_gate [3] -> \scrambler_top_inst.seed_reg [3]
Changing input A of cell $abc$5626$auto$blifparse.cc:397:parse_blif$6557_gate ($_XNOR_): \scrambler_top_inst.seed_reg_gate [2] -> \scrambler_top_inst.seed_reg [2]
Changing input B of cell $abc$5626$auto$blifparse.cc:397:parse_blif$6558_gate ($_XOR_): \scrambler_top_inst.seed_reg_gate [1] -> \scrambler_top_inst.seed_reg [1]
Changing input A of cell $abc$5626$auto$blifparse.cc:397:parse_blif$6558_gate ($_XOR_): \scrambler_top_inst.seed_reg_gate [0] -> \scrambler_top_inst.seed_reg [0]
Changing input B of cell $abc$5626$auto$blifparse.cc:397:parse_blif$6561_gate ($_XNOR_): \scrambler_top_inst.seed_reg_gate [24] -> \scrambler_top_inst.seed_reg [24]
Changing input A of cell $abc$5626$auto$blifparse.cc:397:parse_blif$6561_gate ($_XNOR_): \scrambler_top_inst.seed_reg_gate [25] -> \scrambler_top_inst.seed_reg [25]
Changing input B of cell $abc$5626$auto$blifparse.cc:397:parse_blif$6562_gate ($_XOR_): \scrambler_top_inst.seed_reg_gate [27] -> \scrambler_top_inst.seed_reg [27]
Changing input A of cell $abc$5626$auto$blifparse.cc:397:parse_blif$6562_gate ($_XOR_): \scrambler_top_inst.seed_reg_gate [26] -> \scrambler_top_inst.seed_reg [26]
Changing input B of cell $abc$5626$auto$blifparse.cc:397:parse_blif$6564_gate ($_XNOR_): \scrambler_top_inst.seed_reg_gate [30] -> \scrambler_top_inst.seed_reg [30]
Changing input A of cell $abc$5626$auto$blifparse.cc:397:parse_blif$6564_gate ($_XNOR_): \scrambler_top_inst.seed_reg_gate [28] -> \scrambler_top_inst.seed_reg [28]
Changing input B of cell $abc$5626$auto$blifparse.cc:397:parse_blif$6565_gate ($_XNOR_): \scrambler_top_inst.seed_reg_gate [29] -> \scrambler_top_inst.seed_reg [29]
Changing input A of cell $abc$5626$auto$blifparse.cc:397:parse_blif$6565_gate ($_XNOR_): \scrambler_top_inst.seed_reg_gate [31] -> \scrambler_top_inst.seed_reg [31]
Changing input B of cell $abc$5626$auto$blifparse.cc:397:parse_blif$6571_gate ($_XNOR_): \scrambler_top_inst.seed_reg_gate [54] -> \scrambler_top_inst.seed_reg [54]
Changing input A of cell $abc$5626$auto$blifparse.cc:397:parse_blif$6571_gate ($_XNOR_): \scrambler_top_inst.seed_reg_gate [55] -> \scrambler_top_inst.seed_reg [55]
Changing input B of cell $abc$5626$auto$blifparse.cc:397:parse_blif$6572_gate ($_XOR_): \scrambler_top_inst.seed_reg_gate [52] -> \scrambler_top_inst.seed_reg [52]
Changing input A of cell $abc$5626$auto$blifparse.cc:397:parse_blif$6572_gate ($_XOR_): \scrambler_top_inst.seed_reg_gate [53] -> \scrambler_top_inst.seed_reg [53]
Changing input B of cell $abc$5626$auto$blifparse.cc:397:parse_blif$6574_gate ($_XNOR_): \scrambler_top_inst.seed_reg_gate [49] -> \scrambler_top_inst.seed_reg [49]
Changing input A of cell $abc$5626$auto$blifparse.cc:397:parse_blif$6574_gate ($_XNOR_): \scrambler_top_inst.seed_reg_gate [48] -> \scrambler_top_inst.seed_reg [48]
Changing input B of cell $abc$5626$auto$blifparse.cc:397:parse_blif$6575_gate ($_XOR_): \scrambler_top_inst.seed_reg_gate [51] -> \scrambler_top_inst.seed_reg [51]
Changing input A of cell $abc$5626$auto$blifparse.cc:397:parse_blif$6575_gate ($_XOR_): \scrambler_top_inst.seed_reg_gate [50] -> \scrambler_top_inst.seed_reg [50]
Changing input B of cell $abc$5626$auto$blifparse.cc:397:parse_blif$6578_gate ($_XNOR_): \scrambler_top_inst.seed_reg_gate [33] -> \scrambler_top_inst.seed_reg [33]
Changing input A of cell $abc$5626$auto$blifparse.cc:397:parse_blif$6578_gate ($_XNOR_): \scrambler_top_inst.seed_reg_gate [32] -> \scrambler_top_inst.seed_reg [32]
Changing input B of cell $abc$5626$auto$blifparse.cc:397:parse_blif$6579_gate ($_XOR_): \scrambler_top_inst.seed_reg_gate [38] -> \scrambler_top_inst.seed_reg [38]
Changing input A of cell $abc$5626$auto$blifparse.cc:397:parse_blif$6579_gate ($_XOR_): \scrambler_top_inst.seed_reg_gate [39] -> \scrambler_top_inst.seed_reg [39]
Changing input B of cell $abc$5626$auto$blifparse.cc:397:parse_blif$6581_gate ($_XNOR_): \scrambler_top_inst.seed_reg_gate [34] -> \scrambler_top_inst.seed_reg [34]
Changing input A of cell $abc$5626$auto$blifparse.cc:397:parse_blif$6581_gate ($_XNOR_): \scrambler_top_inst.seed_reg_gate [35] -> \scrambler_top_inst.seed_reg [35]
Changing input B of cell $abc$5626$auto$blifparse.cc:397:parse_blif$6582_gate ($_XOR_): \scrambler_top_inst.seed_reg_gate [37] -> \scrambler_top_inst.seed_reg [37]
Changing input A of cell $abc$5626$auto$blifparse.cc:397:parse_blif$6582_gate ($_XOR_): \scrambler_top_inst.seed_reg_gate [36] -> \scrambler_top_inst.seed_reg [36]
Changing input B of cell $abc$5626$auto$blifparse.cc:397:parse_blif$6586_gate ($_XNOR_): \scrambler_top_inst.seed_reg_gate [41] -> \scrambler_top_inst.seed_reg [41]
Changing input A of cell $abc$5626$auto$blifparse.cc:397:parse_blif$6586_gate ($_XNOR_): \scrambler_top_inst.seed_reg_gate [40] -> \scrambler_top_inst.seed_reg [40]
Changing input B of cell $abc$5626$auto$blifparse.cc:397:parse_blif$6587_gate ($_XOR_): \scrambler_top_inst.seed_reg_gate [43] -> \scrambler_top_inst.seed_reg [43]
Changing input A of cell $abc$5626$auto$blifparse.cc:397:parse_blif$6587_gate ($_XOR_): \scrambler_top_inst.seed_reg_gate [42] -> \scrambler_top_inst.seed_reg [42]
Changing input B of cell $abc$5626$auto$blifparse.cc:397:parse_blif$6589_gate ($_XOR_): \scrambler_top_inst.seed_reg_gate [56] -> \scrambler_top_inst.seed_reg [56]
Changing input A of cell $abc$5626$auto$blifparse.cc:397:parse_blif$6589_gate ($_XOR_): \scrambler_top_inst.seed_reg_gate [57] -> \scrambler_top_inst.seed_reg [57]
Changing input B of cell $abc$5626$auto$blifparse.cc:397:parse_blif$6590_gate ($_XOR_): \scrambler_top_inst.seed_reg_gate [45] -> \scrambler_top_inst.seed_reg [45]
Changing input A of cell $abc$5626$auto$blifparse.cc:397:parse_blif$6590_gate ($_XOR_): \scrambler_top_inst.seed_reg_gate [44] -> \scrambler_top_inst.seed_reg [44]
Changing input B of cell $abc$5626$auto$blifparse.cc:397:parse_blif$6591_gate ($_XOR_): \scrambler_top_inst.seed_reg_gate [46] -> \scrambler_top_inst.seed_reg [46]
Changing input A of cell $abc$5626$auto$blifparse.cc:397:parse_blif$6591_gate ($_XOR_): \scrambler_top_inst.seed_reg_gate [47] -> \scrambler_top_inst.seed_reg [47]
Changing input B of cell $abc$5626$auto$blifparse.cc:397:parse_blif$6602_gate ($_MUX_): \scrambler_top_inst.scrambler.state_gate [49] -> \scrambler_top_inst.scrambler.state [49]
Changing input A of cell $abc$5626$auto$blifparse.cc:397:parse_blif$6602_gate ($_MUX_): \scrambler_top_inst.seed_reg_gate [57] -> \scrambler_top_inst.seed_reg [57]
Changing input B of cell $abc$5626$auto$blifparse.cc:397:parse_blif$6605_gate ($_AND_): \scrambler_top_inst.descrambler.lock_counter_gate [0] -> \scrambler_top_inst.descrambler.lock_counter [0]
Changing input A of cell $abc$5626$auto$blifparse.cc:397:parse_blif$6605_gate ($_AND_): \scrambler_top_inst.descrambler.lock_counter_gate [1] -> \scrambler_top_inst.descrambler.lock_counter [1]
Changing input A of cell $abc$5626$auto$blifparse.cc:397:parse_blif$6606_gate ($_AND_): \scrambler_top_inst.descrambler.lock_counter_gate [2] -> \scrambler_top_inst.descrambler.lock_counter [2]
Changing input A of cell $abc$5626$auto$blifparse.cc:397:parse_blif$6607_gate ($_NAND_): \scrambler_top_inst.descrambler.lock_counter_gate [3] -> \scrambler_top_inst.descrambler.lock_counter [3]
Changing input A of cell $abc$5626$auto$blifparse.cc:397:parse_blif$6608_gate ($_XOR_): \scrambler_top_inst.descrambler.lock_counter_gate [3] -> \scrambler_top_inst.descrambler.lock_counter [3]
Changing input A of cell $abc$5626$auto$blifparse.cc:397:parse_blif$6610_gate ($_XOR_): \scrambler_top_inst.descrambler.lock_counter_gate [2] -> \scrambler_top_inst.descrambler.lock_counter [2]
Changing input B of cell $abc$5626$auto$blifparse.cc:397:parse_blif$6612_gate ($_XOR_): \scrambler_top_inst.descrambler.lock_counter_gate [0] -> \scrambler_top_inst.descrambler.lock_counter [0]
Changing input A of cell $abc$5626$auto$blifparse.cc:397:parse_blif$6612_gate ($_XOR_): \scrambler_top_inst.descrambler.lock_counter_gate [1] -> \scrambler_top_inst.descrambler.lock_counter [1]
Changing input A of cell $abc$5626$auto$blifparse.cc:397:parse_blif$6614_gate ($_NOR_): \scrambler_top_inst.descrambler.lock_counter_gate [0] -> \scrambler_top_inst.descrambler.lock_counter [0]
Changing input A of cell $abc$5626$auto$blifparse.cc:397:parse_blif$6615_gate ($_OR_): \scrambler_top_inst.descrambler.state_gate [48] -> \scrambler_top_inst.descrambler.state [48]
Changing input A of cell $abc$5626$auto$blifparse.cc:397:parse_blif$6616_gate ($_OR_): \scrambler_top_inst.descrambler.state_gate [47] -> \scrambler_top_inst.descrambler.state [47]
Changing input A of cell $abc$5626$auto$blifparse.cc:397:parse_blif$6617_gate ($_OR_): \scrambler_top_inst.descrambler.state_gate [46] -> \scrambler_top_inst.descrambler.state [46]
Changing input A of cell $abc$5626$auto$blifparse.cc:397:parse_blif$6618_gate ($_OR_): \scrambler_top_inst.descrambler.state_gate [45] -> \scrambler_top_inst.descrambler.state [45]
Changing input A of cell $abc$5626$auto$blifparse.cc:397:parse_blif$6619_gate ($_OR_): \scrambler_top_inst.descrambler.state_gate [44] -> \scrambler_top_inst.descrambler.state [44]
Changing input A of cell $abc$5626$auto$blifparse.cc:397:parse_blif$6620_gate ($_OR_): \scrambler_top_inst.descrambler.state_gate [43] -> \scrambler_top_inst.descrambler.state [43]
Changing input A of cell $abc$5626$auto$blifparse.cc:397:parse_blif$6621_gate ($_OR_): \scrambler_top_inst.descrambler.state_gate [42] -> \scrambler_top_inst.descrambler.state [42]
Changing input A of cell $abc$5626$auto$blifparse.cc:397:parse_blif$6622_gate ($_OR_): \scrambler_top_inst.descrambler.state_gate [41] -> \scrambler_top_inst.descrambler.state [41]
Changing input A of cell $abc$5626$auto$blifparse.cc:397:parse_blif$6623_gate ($_OR_): \scrambler_top_inst.descrambler.state_gate [40] -> \scrambler_top_inst.descrambler.state [40]
Changing input A of cell $abc$5626$auto$blifparse.cc:397:parse_blif$6624_gate ($_OR_): \scrambler_top_inst.descrambler.state_gate [39] -> \scrambler_top_inst.descrambler.state [39]
Changing input A of cell $abc$5626$auto$blifparse.cc:397:parse_blif$6625_gate ($_OR_): \scrambler_top_inst.descrambler.state_gate [38] -> \scrambler_top_inst.descrambler.state [38]
Changing input A of cell $abc$5626$auto$blifparse.cc:397:parse_blif$6626_gate ($_OR_): \scrambler_top_inst.descrambler.state_gate [37] -> \scrambler_top_inst.descrambler.state [37]
Changing input A of cell $abc$5626$auto$blifparse.cc:397:parse_blif$6627_gate ($_OR_): \scrambler_top_inst.descrambler.state_gate [36] -> \scrambler_top_inst.descrambler.state [36]
Changing input A of cell $abc$5626$auto$blifparse.cc:397:parse_blif$6628_gate ($_OR_): \scrambler_top_inst.descrambler.state_gate [35] -> \scrambler_top_inst.descrambler.state [35]
Changing input A of cell $abc$5626$auto$blifparse.cc:397:parse_blif$6629_gate ($_OR_): \scrambler_top_inst.descrambler.state_gate [34] -> \scrambler_top_inst.descrambler.state [34]
Changing input A of cell $abc$5626$auto$blifparse.cc:397:parse_blif$6630_gate ($_OR_): \scrambler_top_inst.descrambler.state_gate [33] -> \scrambler_top_inst.descrambler.state [33]
Changing input A of cell $abc$5626$auto$blifparse.cc:397:parse_blif$6631_gate ($_OR_): \scrambler_top_inst.descrambler.state_gate [32] -> \scrambler_top_inst.descrambler.state [32]
Changing input A of cell $abc$5626$auto$blifparse.cc:397:parse_blif$6632_gate ($_OR_): \scrambler_top_inst.descrambler.state_gate [31] -> \scrambler_top_inst.descrambler.state [31]
Changing input A of cell $abc$5626$auto$blifparse.cc:397:parse_blif$6633_gate ($_OR_): \scrambler_top_inst.descrambler.state_gate [30] -> \scrambler_top_inst.descrambler.state [30]
Changing input A of cell $abc$5626$auto$blifparse.cc:397:parse_blif$6634_gate ($_OR_): \scrambler_top_inst.descrambler.state_gate [29] -> \scrambler_top_inst.descrambler.state [29]
Changing input A of cell $abc$5626$auto$blifparse.cc:397:parse_blif$6635_gate ($_OR_): \scrambler_top_inst.descrambler.state_gate [28] -> \scrambler_top_inst.descrambler.state [28]
Changing input A of cell $abc$5626$auto$blifparse.cc:397:parse_blif$6636_gate ($_OR_): \scrambler_top_inst.descrambler.state_gate [27] -> \scrambler_top_inst.descrambler.state [27]
Changing input A of cell $abc$5626$auto$blifparse.cc:397:parse_blif$6637_gate ($_OR_): \scrambler_top_inst.descrambler.state_gate [26] -> \scrambler_top_inst.descrambler.state [26]
Changing input A of cell $abc$5626$auto$blifparse.cc:397:parse_blif$6638_gate ($_OR_): \scrambler_top_inst.descrambler.state_gate [25] -> \scrambler_top_inst.descrambler.state [25]
Changing input A of cell $abc$5626$auto$blifparse.cc:397:parse_blif$6639_gate ($_OR_): \scrambler_top_inst.descrambler.state_gate [24] -> \scrambler_top_inst.descrambler.state [24]
Changing input A of cell $abc$5626$auto$blifparse.cc:397:parse_blif$6640_gate ($_OR_): \scrambler_top_inst.descrambler.state_gate [23] -> \scrambler_top_inst.descrambler.state [23]
Changing input A of cell $abc$5626$auto$blifparse.cc:397:parse_blif$6641_gate ($_OR_): \scrambler_top_inst.descrambler.state_gate [22] -> \scrambler_top_inst.descrambler.state [22]
Changing input A of cell $abc$5626$auto$blifparse.cc:397:parse_blif$6642_gate ($_OR_): \scrambler_top_inst.descrambler.state_gate [21] -> \scrambler_top_inst.descrambler.state [21]
Changing input A of cell $abc$5626$auto$blifparse.cc:397:parse_blif$6643_gate ($_OR_): \scrambler_top_inst.descrambler.state_gate [20] -> \scrambler_top_inst.descrambler.state [20]
Changing input A of cell $abc$5626$auto$blifparse.cc:397:parse_blif$6644_gate ($_OR_): \scrambler_top_inst.descrambler.state_gate [19] -> \scrambler_top_inst.descrambler.state [19]
Changing input A of cell $abc$5626$auto$blifparse.cc:397:parse_blif$6645_gate ($_OR_): \scrambler_top_inst.descrambler.state_gate [18] -> \scrambler_top_inst.descrambler.state [18]
Changing input A of cell $abc$5626$auto$blifparse.cc:397:parse_blif$6646_gate ($_OR_): \scrambler_top_inst.descrambler.state_gate [17] -> \scrambler_top_inst.descrambler.state [17]
Changing input A of cell $abc$5626$auto$blifparse.cc:397:parse_blif$6647_gate ($_OR_): \scrambler_top_inst.descrambler.state_gate [16] -> \scrambler_top_inst.descrambler.state [16]
Changing input A of cell $abc$5626$auto$blifparse.cc:397:parse_blif$6648_gate ($_OR_): \scrambler_top_inst.descrambler.state_gate [15] -> \scrambler_top_inst.descrambler.state [15]
Changing input A of cell $abc$5626$auto$blifparse.cc:397:parse_blif$6649_gate ($_OR_): \scrambler_top_inst.descrambler.state_gate [14] -> \scrambler_top_inst.descrambler.state [14]
Changing input A of cell $abc$5626$auto$blifparse.cc:397:parse_blif$6650_gate ($_OR_): \scrambler_top_inst.descrambler.state_gate [13] -> \scrambler_top_inst.descrambler.state [13]
Changing input A of cell $abc$5626$auto$blifparse.cc:397:parse_blif$6651_gate ($_OR_): \scrambler_top_inst.descrambler.state_gate [12] -> \scrambler_top_inst.descrambler.state [12]
Changing input A of cell $abc$5626$auto$blifparse.cc:397:parse_blif$6652_gate ($_OR_): \scrambler_top_inst.descrambler.state_gate [11] -> \scrambler_top_inst.descrambler.state [11]
Changing input A of cell $abc$5626$auto$blifparse.cc:397:parse_blif$6653_gate ($_OR_): \scrambler_top_inst.descrambler.state_gate [10] -> \scrambler_top_inst.descrambler.state [10]
Changing input A of cell $abc$5626$auto$blifparse.cc:397:parse_blif$6654_gate ($_OR_): \scrambler_top_inst.descrambler.state_gate [9] -> \scrambler_top_inst.descrambler.state [9]
Changing input A of cell $abc$5626$auto$blifparse.cc:397:parse_blif$6655_gate ($_OR_): \scrambler_top_inst.descrambler.state_gate [8] -> \scrambler_top_inst.descrambler.state [8]
Changing input A of cell $abc$5626$auto$blifparse.cc:397:parse_blif$6656_gate ($_OR_): \scrambler_top_inst.descrambler.state_gate [7] -> \scrambler_top_inst.descrambler.state [7]
Changing input A of cell $abc$5626$auto$blifparse.cc:397:parse_blif$6657_gate ($_OR_): \scrambler_top_inst.descrambler.state_gate [6] -> \scrambler_top_inst.descrambler.state [6]
Changing input A of cell $abc$5626$auto$blifparse.cc:397:parse_blif$6658_gate ($_OR_): \scrambler_top_inst.descrambler.state_gate [5] -> \scrambler_top_inst.descrambler.state [5]
Changing input A of cell $abc$5626$auto$blifparse.cc:397:parse_blif$6659_gate ($_OR_): \scrambler_top_inst.descrambler.state_gate [4] -> \scrambler_top_inst.descrambler.state [4]
Changing input A of cell $abc$5626$auto$blifparse.cc:397:parse_blif$6660_gate ($_OR_): \scrambler_top_inst.descrambler.state_gate [3] -> \scrambler_top_inst.descrambler.state [3]
Changing input A of cell $abc$5626$auto$blifparse.cc:397:parse_blif$6661_gate ($_OR_): \scrambler_top_inst.descrambler.state_gate [2] -> \scrambler_top_inst.descrambler.state [2]
Changing input A of cell $abc$5626$auto$blifparse.cc:397:parse_blif$6662_gate ($_OR_): \scrambler_top_inst.descrambler.state_gate [1] -> \scrambler_top_inst.descrambler.state [1]
Changing input A of cell $abc$5626$auto$blifparse.cc:397:parse_blif$6663_gate ($_OR_): \scrambler_top_inst.descrambler.state_gate [0] -> \scrambler_top_inst.descrambler.state [0]
Changing input B of cell $abc$5626$auto$blifparse.cc:397:parse_blif$6664_gate ($_AND_): \scrambler_top_inst.mode_gate [1] -> \scrambler_top_inst.mode [1]
Changing input A of cell $abc$5626$auto$blifparse.cc:397:parse_blif$6664_gate ($_AND_): \scrambler_top_inst.mode_gate [0] -> \scrambler_top_inst.mode [0]
Changing input A of cell $abc$5626$auto$blifparse.cc:397:parse_blif$6665_gate ($_NAND_): \scrambler_top_inst.scrambler.dout_tmp_gate [0] -> \scrambler_top_inst.scrambler.dout_tmp [0]
Changing input A of cell $abc$5626$auto$blifparse.cc:397:parse_blif$6666_gate ($_NOR_): \scrambler_top_inst.mode_gate [0] -> \scrambler_top_inst.mode [0]
Changing input A of cell $abc$5626$auto$blifparse.cc:397:parse_blif$6670_gate ($_NAND_): \scrambler_top_inst.scrambler.dout_tmp_gate [1] -> \scrambler_top_inst.scrambler.dout_tmp [1]
Changing input A of cell $abc$5626$auto$blifparse.cc:397:parse_blif$6674_gate ($_NAND_): \scrambler_top_inst.scrambler.dout_tmp_gate [2] -> \scrambler_top_inst.scrambler.dout_tmp [2]
Changing input A of cell $abc$5626$auto$blifparse.cc:397:parse_blif$6678_gate ($_NAND_): \scrambler_top_inst.scrambler.dout_tmp_gate [3] -> \scrambler_top_inst.scrambler.dout_tmp [3]
Changing input A of cell $abc$5626$auto$blifparse.cc:397:parse_blif$6682_gate ($_NAND_): \scrambler_top_inst.scrambler.dout_tmp_gate [4] -> \scrambler_top_inst.scrambler.dout_tmp [4]
Changing input A of cell $abc$5626$auto$blifparse.cc:397:parse_blif$6686_gate ($_NAND_): \scrambler_top_inst.scrambler.dout_tmp_gate [5] -> \scrambler_top_inst.scrambler.dout_tmp [5]
Changing input A of cell $abc$5626$auto$blifparse.cc:397:parse_blif$6690_gate ($_NAND_): \scrambler_top_inst.scrambler.dout_tmp_gate [6] -> \scrambler_top_inst.scrambler.dout_tmp [6]
Changing input A of cell $abc$5626$auto$blifparse.cc:397:parse_blif$6694_gate ($_NAND_): \scrambler_top_inst.scrambler.dout_tmp_gate [7] -> \scrambler_top_inst.scrambler.dout_tmp [7]
Changing input A of cell $abc$5626$auto$blifparse.cc:397:parse_blif$6698_gate ($_NAND_): \scrambler_top_inst.scrambler.dout_valid_gate -> \scrambler_top_inst.scrambler.dout_valid
Changing input A of cell $abc$5626$auto$blifparse.cc:397:parse_blif$6702_gate ($_AND_): \scrambler_top_inst.descrambler.locked_gate -> \scrambler_top_inst.descrambler.locked
Changing input A of cell $abc$5626$auto$blifparse.cc:397:parse_blif$6703_gate ($_NAND_): \scrambler_top_inst.descrambler.locked_gate -> \scrambler_top_inst.descrambler.locked
Changing input B of cell $abc$5626$auto$blifparse.cc:397:parse_blif$6705_gate ($_XOR_): \scrambler_top_inst.descrambler.state_gate [51] -> \scrambler_top_inst.descrambler.state [51]
Changing input A of cell $abc$5626$auto$blifparse.cc:397:parse_blif$6705_gate ($_XOR_): \scrambler_top_inst.descrambler.state_gate [32] -> \scrambler_top_inst.descrambler.state [32]
Changing input B of cell $abc$5626$auto$blifparse.cc:397:parse_blif$6708_gate ($_XOR_): \scrambler_top_inst.descrambler.state_gate [52] -> \scrambler_top_inst.descrambler.state [52]
Changing input A of cell $abc$5626$auto$blifparse.cc:397:parse_blif$6708_gate ($_XOR_): \scrambler_top_inst.descrambler.state_gate [33] -> \scrambler_top_inst.descrambler.state [33]
Changing input B of cell $abc$5626$auto$blifparse.cc:397:parse_blif$6711_gate ($_XOR_): \scrambler_top_inst.descrambler.state_gate [53] -> \scrambler_top_inst.descrambler.state [53]
Changing input A of cell $abc$5626$auto$blifparse.cc:397:parse_blif$6711_gate ($_XOR_): \scrambler_top_inst.descrambler.state_gate [34] -> \scrambler_top_inst.descrambler.state [34]
Changing input B of cell $abc$5626$auto$blifparse.cc:397:parse_blif$6714_gate ($_XOR_): \scrambler_top_inst.descrambler.state_gate [35] -> \scrambler_top_inst.descrambler.state [35]
Changing input A of cell $abc$5626$auto$blifparse.cc:397:parse_blif$6714_gate ($_XOR_): \scrambler_top_inst.descrambler.state_gate [54] -> \scrambler_top_inst.descrambler.state [54]
Changing input B of cell $abc$5626$auto$blifparse.cc:397:parse_blif$6717_gate ($_XOR_): \scrambler_top_inst.descrambler.state_gate [36] -> \scrambler_top_inst.descrambler.state [36]
Changing input A of cell $abc$5626$auto$blifparse.cc:397:parse_blif$6717_gate ($_XOR_): \scrambler_top_inst.descrambler.state_gate [55] -> \scrambler_top_inst.descrambler.state [55]
Changing input B of cell $abc$5626$auto$blifparse.cc:397:parse_blif$6720_gate ($_XOR_): \scrambler_top_inst.descrambler.state_gate [37] -> \scrambler_top_inst.descrambler.state [37]
Changing input A of cell $abc$5626$auto$blifparse.cc:397:parse_blif$6720_gate ($_XOR_): \scrambler_top_inst.descrambler.state_gate [56] -> \scrambler_top_inst.descrambler.state [56]
Changing input B of cell $abc$5626$auto$blifparse.cc:397:parse_blif$6723_gate ($_XOR_): \scrambler_top_inst.descrambler.state_gate [38] -> \scrambler_top_inst.descrambler.state [38]
Changing input A of cell $abc$5626$auto$blifparse.cc:397:parse_blif$6723_gate ($_XOR_): \scrambler_top_inst.descrambler.state_gate [57] -> \scrambler_top_inst.descrambler.state [57]
Changing input B of cell $abc$5626$auto$blifparse.cc:397:parse_blif$6726_gate ($_XNOR_): \scrambler_top_inst.descrambler.state_gate [20] -> \scrambler_top_inst.descrambler.state [20]
Changing input A of cell $abc$5626$auto$blifparse.cc:397:parse_blif$6726_gate ($_XNOR_): \scrambler_top_inst.descrambler.state_gate [21] -> \scrambler_top_inst.descrambler.state [21]
Changing input B of cell $abc$5626$auto$blifparse.cc:397:parse_blif$6727_gate ($_XNOR_): \scrambler_top_inst.descrambler.state_gate [17] -> \scrambler_top_inst.descrambler.state [17]
Changing input A of cell $abc$5626$auto$blifparse.cc:397:parse_blif$6727_gate ($_XNOR_): \scrambler_top_inst.descrambler.state_gate [16] -> \scrambler_top_inst.descrambler.state [16]
Changing input B of cell $abc$5626$auto$blifparse.cc:397:parse_blif$6729_gate ($_XOR_): \scrambler_top_inst.descrambler.state_gate [19] -> \scrambler_top_inst.descrambler.state [19]
Changing input A of cell $abc$5626$auto$blifparse.cc:397:parse_blif$6729_gate ($_XOR_): \scrambler_top_inst.descrambler.state_gate [18] -> \scrambler_top_inst.descrambler.state [18]
Changing input B of cell $abc$5626$auto$blifparse.cc:397:parse_blif$6730_gate ($_XNOR_): \scrambler_top_inst.descrambler.state_gate [22] -> \scrambler_top_inst.descrambler.state [22]
Changing input A of cell $abc$5626$auto$blifparse.cc:397:parse_blif$6730_gate ($_XNOR_): \scrambler_top_inst.descrambler.state_gate [23] -> \scrambler_top_inst.descrambler.state [23]
Changing input B of cell $abc$5626$auto$blifparse.cc:397:parse_blif$6737_gate ($_XNOR_): \scrambler_top_inst.descrambler.state_gate [30] -> \scrambler_top_inst.descrambler.state [30]
Changing input A of cell $abc$5626$auto$blifparse.cc:397:parse_blif$6737_gate ($_XNOR_): \scrambler_top_inst.descrambler.state_gate [29] -> \scrambler_top_inst.descrambler.state [29]
Changing input B of cell $abc$5626$auto$blifparse.cc:397:parse_blif$6738_gate ($_XNOR_): \scrambler_top_inst.descrambler.state_gate [28] -> \scrambler_top_inst.descrambler.state [28]
Changing input A of cell $abc$5626$auto$blifparse.cc:397:parse_blif$6738_gate ($_XNOR_): \scrambler_top_inst.descrambler.state_gate [31] -> \scrambler_top_inst.descrambler.state [31]
Changing input B of cell $abc$5626$auto$blifparse.cc:397:parse_blif$6740_gate ($_XNOR_): \scrambler_top_inst.descrambler.state_gate [24] -> \scrambler_top_inst.descrambler.state [24]
Changing input A of cell $abc$5626$auto$blifparse.cc:397:parse_blif$6740_gate ($_XNOR_): \scrambler_top_inst.descrambler.state_gate [25] -> \scrambler_top_inst.descrambler.state [25]
Changing input B of cell $abc$5626$auto$blifparse.cc:397:parse_blif$6741_gate ($_XOR_): \scrambler_top_inst.descrambler.state_gate [27] -> \scrambler_top_inst.descrambler.state [27]
Changing input A of cell $abc$5626$auto$blifparse.cc:397:parse_blif$6741_gate ($_XOR_): \scrambler_top_inst.descrambler.state_gate [26] -> \scrambler_top_inst.descrambler.state [26]
Changing input B of cell $abc$5626$auto$blifparse.cc:397:parse_blif$6744_gate ($_XOR_): \scrambler_top_inst.descrambler.state_gate [49] -> \scrambler_top_inst.descrambler.state [49]
Changing input A of cell $abc$5626$auto$blifparse.cc:397:parse_blif$6744_gate ($_XOR_): \scrambler_top_inst.descrambler.state_gate [48] -> \scrambler_top_inst.descrambler.state [48]
Changing input B of cell $abc$5626$auto$blifparse.cc:397:parse_blif$6750_gate ($_XOR_): \scrambler_top_inst.descrambler.state_gate [13] -> \scrambler_top_inst.descrambler.state [13]
Changing input A of cell $abc$5626$auto$blifparse.cc:397:parse_blif$6750_gate ($_XOR_): \scrambler_top_inst.descrambler.state_gate [12] -> \scrambler_top_inst.descrambler.state [12]
Changing input B of cell $abc$5626$auto$blifparse.cc:397:parse_blif$6751_gate ($_XNOR_): \scrambler_top_inst.descrambler.state_gate [11] -> \scrambler_top_inst.descrambler.state [11]
Changing input A of cell $abc$5626$auto$blifparse.cc:397:parse_blif$6751_gate ($_XNOR_): \scrambler_top_inst.descrambler.state_gate [10] -> \scrambler_top_inst.descrambler.state [10]
Changing input B of cell $abc$5626$auto$blifparse.cc:397:parse_blif$6753_gate ($_XOR_): \scrambler_top_inst.descrambler.state_gate [9] -> \scrambler_top_inst.descrambler.state [9]
Changing input A of cell $abc$5626$auto$blifparse.cc:397:parse_blif$6753_gate ($_XOR_): \scrambler_top_inst.descrambler.state_gate [8] -> \scrambler_top_inst.descrambler.state [8]
Changing input B of cell $abc$5626$auto$blifparse.cc:397:parse_blif$6754_gate ($_XOR_): \scrambler_top_inst.descrambler.state_gate [15] -> \scrambler_top_inst.descrambler.state [15]
Changing input A of cell $abc$5626$auto$blifparse.cc:397:parse_blif$6754_gate ($_XOR_): \scrambler_top_inst.descrambler.state_gate [14] -> \scrambler_top_inst.descrambler.state [14]
Changing input B of cell $abc$5626$auto$blifparse.cc:397:parse_blif$6757_gate ($_XOR_): \scrambler_top_inst.descrambler.state_gate [5] -> \scrambler_top_inst.descrambler.state [5]
Changing input A of cell $abc$5626$auto$blifparse.cc:397:parse_blif$6757_gate ($_XOR_): \scrambler_top_inst.descrambler.state_gate [4] -> \scrambler_top_inst.descrambler.state [4]
Changing input B of cell $abc$5626$auto$blifparse.cc:397:parse_blif$6758_gate ($_XNOR_): \scrambler_top_inst.descrambler.state_gate [3] -> \scrambler_top_inst.descrambler.state [3]
Changing input A of cell $abc$5626$auto$blifparse.cc:397:parse_blif$6758_gate ($_XNOR_): \scrambler_top_inst.descrambler.state_gate [2] -> \scrambler_top_inst.descrambler.state [2]
Changing input B of cell $abc$5626$auto$blifparse.cc:397:parse_blif$6760_gate ($_XOR_): \scrambler_top_inst.descrambler.state_gate [1] -> \scrambler_top_inst.descrambler.state [1]
Changing input A of cell $abc$5626$auto$blifparse.cc:397:parse_blif$6760_gate ($_XOR_): \scrambler_top_inst.descrambler.state_gate [0] -> \scrambler_top_inst.descrambler.state [0]
Changing input B of cell $abc$5626$auto$blifparse.cc:397:parse_blif$6761_gate ($_XOR_): \scrambler_top_inst.descrambler.state_gate [7] -> \scrambler_top_inst.descrambler.state [7]
Changing input A of cell $abc$5626$auto$blifparse.cc:397:parse_blif$6761_gate ($_XOR_): \scrambler_top_inst.descrambler.state_gate [6] -> \scrambler_top_inst.descrambler.state [6]
Changing input B of cell $abc$5626$auto$blifparse.cc:397:parse_blif$6765_gate ($_XOR_): \scrambler_top_inst.descrambler.state_gate [45] -> \scrambler_top_inst.descrambler.state [45]
Changing input A of cell $abc$5626$auto$blifparse.cc:397:parse_blif$6765_gate ($_XOR_): \scrambler_top_inst.descrambler.state_gate [44] -> \scrambler_top_inst.descrambler.state [44]
Changing input B of cell $abc$5626$auto$blifparse.cc:397:parse_blif$6766_gate ($_XNOR_): \scrambler_top_inst.descrambler.state_gate [43] -> \scrambler_top_inst.descrambler.state [43]
Changing input A of cell $abc$5626$auto$blifparse.cc:397:parse_blif$6766_gate ($_XNOR_): \scrambler_top_inst.descrambler.state_gate [42] -> \scrambler_top_inst.descrambler.state [42]
Changing input B of cell $abc$5626$auto$blifparse.cc:397:parse_blif$6768_gate ($_XOR_): \scrambler_top_inst.descrambler.state_gate [41] -> \scrambler_top_inst.descrambler.state [41]
Changing input A of cell $abc$5626$auto$blifparse.cc:397:parse_blif$6768_gate ($_XOR_): \scrambler_top_inst.descrambler.state_gate [40] -> \scrambler_top_inst.descrambler.state [40]
Changing input B of cell $abc$5626$auto$blifparse.cc:397:parse_blif$6769_gate ($_XOR_): \scrambler_top_inst.descrambler.state_gate [47] -> \scrambler_top_inst.descrambler.state [47]
Changing input A of cell $abc$5626$auto$blifparse.cc:397:parse_blif$6769_gate ($_XOR_): \scrambler_top_inst.descrambler.state_gate [46] -> \scrambler_top_inst.descrambler.state [46]
Changing input B of cell $abc$5626$auto$blifparse.cc:397:parse_blif$6772_gate ($_XOR_): \scrambler_top_inst.descrambler.state_gate [39] -> \scrambler_top_inst.descrambler.state [39]
Changing input A of cell $abc$5626$auto$blifparse.cc:397:parse_blif$6772_gate ($_XOR_): \scrambler_top_inst.descrambler.state_gate [38] -> \scrambler_top_inst.descrambler.state [38]
Changing input B of cell $abc$5626$auto$blifparse.cc:397:parse_blif$6773_gate ($_XNOR_): \scrambler_top_inst.descrambler.state_gate [33] -> \scrambler_top_inst.descrambler.state [33]
Changing input A of cell $abc$5626$auto$blifparse.cc:397:parse_blif$6773_gate ($_XNOR_): \scrambler_top_inst.descrambler.state_gate [32] -> \scrambler_top_inst.descrambler.state [32]
Changing input B of cell $abc$5626$auto$blifparse.cc:397:parse_blif$6775_gate ($_XNOR_): \scrambler_top_inst.descrambler.state_gate [35] -> \scrambler_top_inst.descrambler.state [35]
Changing input A of cell $abc$5626$auto$blifparse.cc:397:parse_blif$6775_gate ($_XNOR_): \scrambler_top_inst.descrambler.state_gate [34] -> \scrambler_top_inst.descrambler.state [34]
Changing input B of cell $abc$5626$auto$blifparse.cc:397:parse_blif$6776_gate ($_XOR_): \scrambler_top_inst.descrambler.state_gate [37] -> \scrambler_top_inst.descrambler.state [37]
Changing input A of cell $abc$5626$auto$blifparse.cc:397:parse_blif$6776_gate ($_XOR_): \scrambler_top_inst.descrambler.state_gate [36] -> \scrambler_top_inst.descrambler.state [36]
Changing input B of cell $abc$5626$auto$blifparse.cc:397:parse_blif$6786_gate ($_XOR_): \scrambler_top_inst.descrambler.state_gate [51] -> \scrambler_top_inst.descrambler.state [51]
Changing input A of cell $abc$5626$auto$blifparse.cc:397:parse_blif$6786_gate ($_XOR_): \scrambler_top_inst.descrambler.state_gate [50] -> \scrambler_top_inst.descrambler.state [50]
Changing input B of cell $abc$5626$auto$blifparse.cc:397:parse_blif$6788_gate ($_XOR_): \scrambler_top_inst.descrambler.state_gate [52] -> \scrambler_top_inst.descrambler.state [52]
Changing input A of cell $abc$5626$auto$blifparse.cc:397:parse_blif$6788_gate ($_XOR_): \scrambler_top_inst.descrambler.state_gate [53] -> \scrambler_top_inst.descrambler.state [53]
Changing input B of cell $abc$5626$auto$blifparse.cc:397:parse_blif$6789_gate ($_XNOR_): \scrambler_top_inst.descrambler.state_gate [54] -> \scrambler_top_inst.descrambler.state [54]
Changing input A of cell $abc$5626$auto$blifparse.cc:397:parse_blif$6789_gate ($_XNOR_): \scrambler_top_inst.descrambler.state_gate [55] -> \scrambler_top_inst.descrambler.state [55]
Changing input B of cell $abc$5626$auto$blifparse.cc:397:parse_blif$6791_gate ($_XNOR_): \scrambler_top_inst.descrambler.state_gate [56] -> \scrambler_top_inst.descrambler.state [56]
Changing input A of cell $abc$5626$auto$blifparse.cc:397:parse_blif$6791_gate ($_XNOR_): \scrambler_top_inst.descrambler.state_gate [57] -> \scrambler_top_inst.descrambler.state [57]
Changing input A of cell $abc$5626$auto$blifparse.cc:397:parse_blif$6796_gate ($_XNOR_): \scrambler_top_inst.descrambler.state_parity_gate -> \scrambler_top_inst.descrambler.state_parity
Changing input A of cell $abc$5626$auto$blifparse.cc:397:parse_blif$6799_gate ($_OR_): \scrambler_top_inst.descrambler.state_gate [49] -> \scrambler_top_inst.descrambler.state [49]
Changing input B of cell $abc$5626$auto$blifparse.cc:397:parse_blif$6801_gate ($_NOR_): \scrambler_top_inst.descrambler.lock_counter_gate [4] -> \scrambler_top_inst.descrambler.lock_counter [4]
Changing input A of cell $abc$5626$auto$blifparse.cc:397:parse_blif$6801_gate ($_NOR_): \scrambler_top_inst.descrambler.lock_counter_gate [3] -> \scrambler_top_inst.descrambler.lock_counter [3]
Changing input A of cell $abc$5626$auto$blifparse.cc:397:parse_blif$6805_gate ($_XNOR_): \scrambler_top_inst.descrambler.lock_counter_gate [4] -> \scrambler_top_inst.descrambler.lock_counter [4]
Changing input B of cell $abc$5626$auto$blifparse.cc:397:parse_blif$6808_gate ($_XOR_): \scrambler_top_inst.descrambler.state_gate [50] -> \scrambler_top_inst.descrambler.state [50]
Changing input A of cell $abc$5626$auto$blifparse.cc:397:parse_blif$6808_gate ($_XOR_): \scrambler_top_inst.descrambler.state_gate [31] -> \scrambler_top_inst.descrambler.state [31]
Changing input D of cell $flatten\scrambler_top_inst.$procdff$453_gold ($sdff): \scrambler_top_inst.mode_gold -> \scrambler_top_inst.mode
Changing input A of cell $flatten\scrambler_top_inst.$add$../RTL/scrambler_top.sv:346$246_gold ($add): \scrambler_top_inst.test_counter_gold -> \scrambler_top_inst.test_counter
Changing input A of cell $flatten\scrambler_top_inst.$eq$../RTL/scrambler_top.sv:342$244_gold ($eq): \scrambler_top_inst.test_counter_gold -> \scrambler_top_inst.test_counter
Changing input B of cell $flatten\scrambler_top_inst.$eq$../RTL/scrambler_top.sv:342$244_gold ($eq): \scrambler_top_inst.test_period_gold -> \scrambler_top_inst.test_period
Changing input B of cell $flatten\scrambler_top_inst.$logic_and$../RTL/scrambler_top.sv:131$209_gold ($logic_and): \scrambler_top_inst.ctrl_en_gold -> \scrambler_top_inst.ctrl_en
Changing input A of cell $flatten\scrambler_top_inst.$logic_and$../RTL/scrambler_top.sv:328$241_gold ($logic_and): \scrambler_top_inst.test_en_gold -> \scrambler_top_inst.test_en
Changing input A of cell $flatten\scrambler_top_inst.$logic_or$../RTL/scrambler_top.sv:112$208_gold ($logic_or): \scrambler_top_inst.scrambler.parity_err_gold -> \scrambler_top_inst.scrambler.parity_err
Changing input B of cell $flatten\scrambler_top_inst.$logic_or$../RTL/scrambler_top.sv:112$208_gold ($logic_or): \scrambler_top_inst.descrambler.parity_err_gold -> \scrambler_top_inst.descrambler.parity_err
Changing input A of cell $flatten\scrambler_top_inst.$ne$../RTL/scrambler_top.sv:243$231_gold ($reduce_bool): \scrambler_top_inst.seed_reg_gold -> \scrambler_top_inst.seed_reg
Changing input A of cell $flatten\scrambler_top_inst.$ne$../RTL/scrambler_top.sv:328$240_gold ($reduce_bool): \scrambler_top_inst.test_period_gold -> \scrambler_top_inst.test_period
Changing input A of cell $flatten\scrambler_top_inst.$ne$../RTL/scrambler_top.sv:353$249_gold ($ne): \scrambler_top_inst.prev_mode_gold -> \scrambler_top_inst.prev_mode
Changing input B of cell $flatten\scrambler_top_inst.$ne$../RTL/scrambler_top.sv:353$249_gold ($ne): \scrambler_top_inst.mode_gold -> \scrambler_top_inst.mode
Changing input A of cell $flatten\scrambler_top_inst.$procmux$252_gold ($mux): \scrambler_top_inst.test_counter_gold -> \scrambler_top_inst.test_counter
Changing input B of cell $flatten\scrambler_top_inst.$procmux$258_gold ($pmux): { 29'00000000000000000000000000000 \scrambler_top_inst.ctrl_en_gold \scrambler_top_inst.mode_gold \scrambler_top_inst.seed_reg_gold [31:0] 6'000000 \scrambler_top_inst.seed_reg_gold [57:32] 30'000000000000000000000000000000 \scrambler_top_inst.non_zero_ok_gold 16'0000000000000000 \scrambler_top_inst.test_period_gold \scrambler_top_inst.test_en_gold 29'00000000000000000000000000000 \scrambler_top_inst.parity_err_gold \scrambler_top_inst.scrambler.allzero_err_gold \scrambler_top_inst.descrambler.locked_gold \scrambler_top_inst.scrambler.state_gold [31:0] 6'000000 \scrambler_top_inst.scrambler.state_gold [57:32] \scrambler_top_inst.descrambler.state_gold [31:0] 6'000000 \scrambler_top_inst.descrambler.state_gold [57:32] } -> { 29'00000000000000000000000000000 \scrambler_top_inst.ctrl_en \scrambler_top_inst.mode \scrambler_top_inst.seed_reg [31:0] 6'000000 \scrambler_top_inst.seed_reg [57:32] 30'000000000000000000000000000000 \scrambler_top_inst.non_zero_ok_gold 16'0000000000000000 \scrambler_top_inst.test_period \scrambler_top_inst.test_en 29'00000000000000000000000000000 \scrambler_top_inst.parity_err \scrambler_top_inst.scrambler.allzero_err \scrambler_top_inst.descrambler.locked \scrambler_top_inst.scrambler.state [31:0] 6'000000 \scrambler_top_inst.scrambler.state [57:32] \scrambler_top_inst.descrambler.state [31:0] 6'000000 \scrambler_top_inst.descrambler.state [57:32] }
Changing input A of cell $flatten\scrambler_top_inst.$procmux$270_gold ($mux): \scrambler_top_inst.seed_reg_gold [57:32] -> \scrambler_top_inst.seed_reg [57:32]
Changing input A of cell $flatten\scrambler_top_inst.$procmux$272_gold ($mux): \scrambler_top_inst.seed_reg_gold [57:32] -> \scrambler_top_inst.seed_reg [57:32]
Changing input A of cell $flatten\scrambler_top_inst.$procmux$276_gold ($mux): \scrambler_top_inst.seed_reg_gold [31:0] -> \scrambler_top_inst.seed_reg [31:0]
Changing input A of cell $flatten\scrambler_top_inst.$procmux$278_gold ($mux): \scrambler_top_inst.seed_reg_gold [31:0] -> \scrambler_top_inst.seed_reg [31:0]
Changing input A of cell $flatten\scrambler_top_inst.$procmux$280_gold ($mux): \scrambler_top_inst.test_period_gold -> \scrambler_top_inst.test_period
Changing input A of cell $flatten\scrambler_top_inst.$procmux$282_gold ($mux): \scrambler_top_inst.test_period_gold -> \scrambler_top_inst.test_period
Changing input A of cell $flatten\scrambler_top_inst.$procmux$284_gold ($mux): \scrambler_top_inst.test_en_gold -> \scrambler_top_inst.test_en
Changing input A of cell $flatten\scrambler_top_inst.$procmux$286_gold ($mux): \scrambler_top_inst.test_en_gold -> \scrambler_top_inst.test_en
Changing input A of cell $flatten\scrambler_top_inst.$procmux$291_gold ($mux): \scrambler_top_inst.ctrl_en_gold -> \scrambler_top_inst.ctrl_en
Changing input A of cell $flatten\scrambler_top_inst.$procmux$293_gold ($mux): \scrambler_top_inst.ctrl_en_gold -> \scrambler_top_inst.ctrl_en
Changing input A of cell $flatten\scrambler_top_inst.$procmux$298_gold ($mux): \scrambler_top_inst.mode_gold -> \scrambler_top_inst.mode
Changing input A of cell $flatten\scrambler_top_inst.$procmux$300_gold ($mux): \scrambler_top_inst.mode_gold -> \scrambler_top_inst.mode
Changing input B of cell $flatten\scrambler_top_inst.$procmux$302_gold ($pmux): { \scrambler_top_inst.descrambler.dout_valid_gold \scrambler_top_inst.scrambler.dout_valid_gold $flatten\scrambler_top_inst.$logic_and$../RTL/scrambler_top.sv:143$211_Y_gold } -> { \scrambler_top_inst.descrambler.dout_valid \scrambler_top_inst.scrambler.dout_valid $flatten\scrambler_top_inst.$logic_and$../RTL/scrambler_top.sv:143$211_Y_gold }
Changing input A of cell $flatten\scrambler_top_inst.$procmux$303_CMP0_gold ($eq): \scrambler_top_inst.mode_gold -> \scrambler_top_inst.mode
Changing input A of cell $flatten\scrambler_top_inst.$procmux$304_CMP0_gold ($eq): \scrambler_top_inst.mode_gold -> \scrambler_top_inst.mode
Changing input A of cell $flatten\scrambler_top_inst.$procmux$305_CMP0_gold ($eq): \scrambler_top_inst.mode_gold -> \scrambler_top_inst.mode
Changing input A of cell $flatten\scrambler_top_inst.$procmux$306_CMP0_gold ($logic_not): \scrambler_top_inst.mode_gold -> \scrambler_top_inst.mode
Changing input B of cell $flatten\scrambler_top_inst.$procmux$307_gold ($pmux): { \scrambler_top_inst.descrambler.dout_tmp_gold \scrambler_top_inst.scrambler.dout_tmp_gold \din_gold } -> { \scrambler_top_inst.descrambler.dout_tmp \scrambler_top_inst.scrambler.dout_tmp \din_gold }
Changing input B of cell $flatten\scrambler_top_inst.$procmux$312_gold ($pmux): { \scrambler_top_inst.scrambler.dout_tmp_gold \din_gold 8'00000000 } -> { \scrambler_top_inst.scrambler.dout_tmp \din_gold 8'00000000 }
Changing input B of cell $flatten\scrambler_top_inst.$procmux$317_gold ($pmux): { \scrambler_top_inst.scrambler.dout_valid_gold \din_valid_gold 1'0 } -> { \scrambler_top_inst.scrambler.dout_valid \din_valid_gold 1'0 }
Changing input A of cell $flatten\scrambler_top_inst.\descrambler.$add$../RTL/descrambler_core.sv:198$150_gold ($add): \scrambler_top_inst.descrambler.lock_counter_gold -> \scrambler_top_inst.descrambler.lock_counter
Changing input A of cell $flatten\scrambler_top_inst.\descrambler.$eq$../RTL/descrambler_core.sv:195$148_gold ($eq): \scrambler_top_inst.descrambler.lock_counter_gold -> \scrambler_top_inst.descrambler.lock_counter
Changing input A of cell $flatten\scrambler_top_inst.\descrambler.$logic_and$../RTL/descrambler_core.sv:95$135_gold ($logic_and): \scrambler_top_inst.descrambler.locked_gold -> \scrambler_top_inst.descrambler.locked
Changing input B of cell $flatten\scrambler_top_inst.\descrambler.$ne$../RTL/descrambler_core.sv:112$139_gold ($ne): \scrambler_top_inst.descrambler.state_parity_gold -> \scrambler_top_inst.descrambler.state_parity
Changing input B of cell $flatten\scrambler_top_inst.\descrambler.$procmux$378_gold ($mux): \scrambler_top_inst.descrambler.lock_counter_gold -> \scrambler_top_inst.descrambler.lock_counter
Changing input S of cell $flatten\scrambler_top_inst.\descrambler.$procmux$378_gold ($mux): \scrambler_top_inst.descrambler.locked_gold -> \scrambler_top_inst.descrambler.locked
Changing input A of cell $flatten\scrambler_top_inst.\descrambler.$procmux$380_gold ($mux): \scrambler_top_inst.descrambler.lock_counter_gold -> \scrambler_top_inst.descrambler.lock_counter
Changing input A of cell $flatten\scrambler_top_inst.\descrambler.$procmux$385_gold ($mux): \scrambler_top_inst.descrambler.locked_gold -> \scrambler_top_inst.descrambler.locked
Changing input A of cell $flatten\scrambler_top_inst.\descrambler.$procmux$387_gold ($mux): \scrambler_top_inst.descrambler.locked_gold -> \scrambler_top_inst.descrambler.locked
Changing input A of cell $flatten\scrambler_top_inst.\descrambler.$procmux$392_gold ($mux): \scrambler_top_inst.descrambler.state_parity_gold -> \scrambler_top_inst.descrambler.state_parity
Changing input A of cell $flatten\scrambler_top_inst.\descrambler.$procmux$397_gold ($mux): \scrambler_top_inst.descrambler.state_gold -> \scrambler_top_inst.descrambler.state
Changing input B of cell $flatten\scrambler_top_inst.\descrambler.$procmux$397_gold ($mux): { \scrambler_top_inst.descrambler.state_gold [49:0] \scrambler_top_inst.descrambler.din_core_gold [0] \scrambler_top_inst.descrambler.din_core_gold [1] \scrambler_top_inst.descrambler.din_core_gold [2] \scrambler_top_inst.descrambler.din_core_gold [3] \scrambler_top_inst.descrambler.din_core_gold [4] \scrambler_top_inst.descrambler.din_core_gold [5] \scrambler_top_inst.descrambler.din_core_gold [6] \scrambler_top_inst.descrambler.din_core_gold [7] } -> { \scrambler_top_inst.descrambler.state [49:0] \scrambler_top_inst.descrambler.din_core_gold [0] \scrambler_top_inst.descrambler.din_core_gold [1] \scrambler_top_inst.descrambler.din_core_gold [2] \scrambler_top_inst.descrambler.din_core_gold [3] \scrambler_top_inst.descrambler.din_core_gold [4] \scrambler_top_inst.descrambler.din_core_gold [5] \scrambler_top_inst.descrambler.din_core_gold [6] \scrambler_top_inst.descrambler.din_core_gold [7] }
Changing input A of cell $flatten\scrambler_top_inst.\descrambler.$procmux$402_gold ($mux): \scrambler_top_inst.descrambler.parity_err_gold -> \scrambler_top_inst.descrambler.parity_err
Changing input A of cell $flatten\scrambler_top_inst.\descrambler.$reduce_xor$../RTL/descrambler_core.sv:112$138_gold ($reduce_xor): \scrambler_top_inst.descrambler.state_gold -> \scrambler_top_inst.descrambler.state
Changing input A of cell $flatten\scrambler_top_inst.\descrambler.$reduce_xor$../RTL/descrambler_core.sv:147$141_gold ($reduce_xor): { \scrambler_top_inst.descrambler.state_gold [49:0] \scrambler_top_inst.descrambler.din_core_gold [0] \scrambler_top_inst.descrambler.din_core_gold [1] \scrambler_top_inst.descrambler.din_core_gold [2] \scrambler_top_inst.descrambler.din_core_gold [3] \scrambler_top_inst.descrambler.din_core_gold [4] \scrambler_top_inst.descrambler.din_core_gold [5] \scrambler_top_inst.descrambler.din_core_gold [6] \scrambler_top_inst.descrambler.din_core_gold [7] } -> { \scrambler_top_inst.descrambler.state [49:0] \scrambler_top_inst.descrambler.din_core_gold [0] \scrambler_top_inst.descrambler.din_core_gold [1] \scrambler_top_inst.descrambler.din_core_gold [2] \scrambler_top_inst.descrambler.din_core_gold [3] \scrambler_top_inst.descrambler.din_core_gold [4] \scrambler_top_inst.descrambler.din_core_gold [5] \scrambler_top_inst.descrambler.din_core_gold [6] \scrambler_top_inst.descrambler.din_core_gold [7] }
Changing input B of cell $flatten\scrambler_top_inst.\descrambler.$xor$../RTL/descrambler_core.sv:80$152_gold ($xor): \scrambler_top_inst.descrambler.state_gold [38] -> \scrambler_top_inst.descrambler.state [38]
Changing input B of cell $flatten\scrambler_top_inst.\descrambler.$xor$../RTL/descrambler_core.sv:80$153_gold ($xor): \scrambler_top_inst.descrambler.state_gold [57] -> \scrambler_top_inst.descrambler.state [57]
Changing input B of cell $flatten\scrambler_top_inst.\descrambler.$xor$../RTL/descrambler_core.sv:80$154_gold ($xor): \scrambler_top_inst.descrambler.state_gold [37] -> \scrambler_top_inst.descrambler.state [37]
Changing input B of cell $flatten\scrambler_top_inst.\descrambler.$xor$../RTL/descrambler_core.sv:80$155_gold ($xor): \scrambler_top_inst.descrambler.state_gold [56] -> \scrambler_top_inst.descrambler.state [56]
Changing input B of cell $flatten\scrambler_top_inst.\descrambler.$xor$../RTL/descrambler_core.sv:80$156_gold ($xor): \scrambler_top_inst.descrambler.state_gold [36] -> \scrambler_top_inst.descrambler.state [36]
Changing input B of cell $flatten\scrambler_top_inst.\descrambler.$xor$../RTL/descrambler_core.sv:80$157_gold ($xor): \scrambler_top_inst.descrambler.state_gold [55] -> \scrambler_top_inst.descrambler.state [55]
Changing input B of cell $flatten\scrambler_top_inst.\descrambler.$xor$../RTL/descrambler_core.sv:80$158_gold ($xor): \scrambler_top_inst.descrambler.state_gold [35] -> \scrambler_top_inst.descrambler.state [35]
Changing input B of cell $flatten\scrambler_top_inst.\descrambler.$xor$../RTL/descrambler_core.sv:80$159_gold ($xor): \scrambler_top_inst.descrambler.state_gold [54] -> \scrambler_top_inst.descrambler.state [54]
Changing input B of cell $flatten\scrambler_top_inst.\descrambler.$xor$../RTL/descrambler_core.sv:80$160_gold ($xor): \scrambler_top_inst.descrambler.state_gold [34] -> \scrambler_top_inst.descrambler.state [34]
Changing input B of cell $flatten\scrambler_top_inst.\descrambler.$xor$../RTL/descrambler_core.sv:80$161_gold ($xor): \scrambler_top_inst.descrambler.state_gold [53] -> \scrambler_top_inst.descrambler.state [53]
Changing input B of cell $flatten\scrambler_top_inst.\descrambler.$xor$../RTL/descrambler_core.sv:80$162_gold ($xor): \scrambler_top_inst.descrambler.state_gold [33] -> \scrambler_top_inst.descrambler.state [33]
Changing input B of cell $flatten\scrambler_top_inst.\descrambler.$xor$../RTL/descrambler_core.sv:80$163_gold ($xor): \scrambler_top_inst.descrambler.state_gold [52] -> \scrambler_top_inst.descrambler.state [52]
Changing input B of cell $flatten\scrambler_top_inst.\descrambler.$xor$../RTL/descrambler_core.sv:80$164_gold ($xor): \scrambler_top_inst.descrambler.state_gold [32] -> \scrambler_top_inst.descrambler.state [32]
Changing input B of cell $flatten\scrambler_top_inst.\descrambler.$xor$../RTL/descrambler_core.sv:80$165_gold ($xor): \scrambler_top_inst.descrambler.state_gold [51] -> \scrambler_top_inst.descrambler.state [51]
Changing input B of cell $flatten\scrambler_top_inst.\descrambler.$xor$../RTL/descrambler_core.sv:80$166_gold ($xor): \scrambler_top_inst.descrambler.state_gold [31] -> \scrambler_top_inst.descrambler.state [31]
Changing input B of cell $flatten\scrambler_top_inst.\descrambler.$xor$../RTL/descrambler_core.sv:80$167_gold ($xor): \scrambler_top_inst.descrambler.state_gold [50] -> \scrambler_top_inst.descrambler.state [50]
Changing input A of cell $flatten\scrambler_top_inst.\scrambler.$eq$../RTL/scrambler_core.sv:135$175_gold ($logic_not): \scrambler_top_inst.seed_reg_gold -> \scrambler_top_inst.seed_reg
Changing input A of cell $flatten\scrambler_top_inst.\scrambler.$eq$../RTL/scrambler_core.sv:154$178_gold ($logic_not): \scrambler_top_inst.scrambler.state_gold -> \scrambler_top_inst.scrambler.state
Changing input B of cell $flatten\scrambler_top_inst.\scrambler.$ne$../RTL/scrambler_core.sv:169$182_gold ($ne): \scrambler_top_inst.scrambler.state_parity_gold -> \scrambler_top_inst.scrambler.state_parity
Changing input A of cell $flatten\scrambler_top_inst.\scrambler.$procmux$337_gold ($mux): \scrambler_top_inst.scrambler.state_parity_gold -> \scrambler_top_inst.scrambler.state_parity
Changing input A of cell $flatten\scrambler_top_inst.\scrambler.$procmux$345_gold ($mux): \scrambler_top_inst.scrambler.state_gold -> \scrambler_top_inst.scrambler.state
Changing input B of cell $flatten\scrambler_top_inst.\scrambler.$procmux$345_gold ($mux): { \scrambler_top_inst.scrambler.state_gold [49:0] \scrambler_top_inst.scrambler.state_next_lower_nibble_gold } -> { \scrambler_top_inst.scrambler.state [49:0] \scrambler_top_inst.scrambler.state_next_lower_nibble_gold }
Changing input B of cell $flatten\scrambler_top_inst.\scrambler.$procmux$348_gold ($mux): \scrambler_top_inst.seed_reg_gold -> \scrambler_top_inst.seed_reg
Changing input A of cell $flatten\scrambler_top_inst.\scrambler.$procmux$353_gold ($mux): \scrambler_top_inst.scrambler.parity_err_gold -> \scrambler_top_inst.scrambler.parity_err
Changing input A of cell $flatten\scrambler_top_inst.\scrambler.$procmux$358_gold ($mux): \scrambler_top_inst.scrambler.allzero_err_gold -> \scrambler_top_inst.scrambler.allzero_err
Changing input A of cell $flatten\scrambler_top_inst.\scrambler.$reduce_xor$../RTL/scrambler_core.sv:169$181_gold ($reduce_xor): \scrambler_top_inst.scrambler.state_gold -> \scrambler_top_inst.scrambler.state
Changing input A of cell $flatten\scrambler_top_inst.\scrambler.$reduce_xor$../RTL/scrambler_core.sv:200$183_gold ($reduce_xor): { \scrambler_top_inst.scrambler.state_gold [49:0] \scrambler_top_inst.scrambler.state_next_lower_nibble_gold } -> { \scrambler_top_inst.scrambler.state [49:0] \scrambler_top_inst.scrambler.state_next_lower_nibble_gold }
Changing input A of cell $flatten\scrambler_top_inst.\scrambler.$reduce_xor$../RTL/scrambler_core.sv:214$186_gold ($reduce_xor): \scrambler_top_inst.seed_reg_gold -> \scrambler_top_inst.seed_reg
Changing input B of cell $flatten\scrambler_top_inst.\scrambler.$xor$../RTL/scrambler_core.sv:85$188_gold ($xor): \scrambler_top_inst.scrambler.state_gold [38] -> \scrambler_top_inst.scrambler.state [38]
Changing input B of cell $flatten\scrambler_top_inst.\scrambler.$xor$../RTL/scrambler_core.sv:85$189_gold ($xor): \scrambler_top_inst.scrambler.state_gold [57] -> \scrambler_top_inst.scrambler.state [57]
Changing input B of cell $flatten\scrambler_top_inst.\scrambler.$xor$../RTL/scrambler_core.sv:85$190_gold ($xor): \scrambler_top_inst.scrambler.state_gold [37] -> \scrambler_top_inst.scrambler.state [37]
Changing input B of cell $flatten\scrambler_top_inst.\scrambler.$xor$../RTL/scrambler_core.sv:85$191_gold ($xor): \scrambler_top_inst.scrambler.state_gold [56] -> \scrambler_top_inst.scrambler.state [56]
Changing input B of cell $flatten\scrambler_top_inst.\scrambler.$xor$../RTL/scrambler_core.sv:85$192_gold ($xor): \scrambler_top_inst.scrambler.state_gold [36] -> \scrambler_top_inst.scrambler.state [36]
Changing input B of cell $flatten\scrambler_top_inst.\scrambler.$xor$../RTL/scrambler_core.sv:85$193_gold ($xor): \scrambler_top_inst.scrambler.state_gold [55] -> \scrambler_top_inst.scrambler.state [55]
Changing input B of cell $flatten\scrambler_top_inst.\scrambler.$xor$../RTL/scrambler_core.sv:85$194_gold ($xor): \scrambler_top_inst.scrambler.state_gold [35] -> \scrambler_top_inst.scrambler.state [35]
Changing input B of cell $flatten\scrambler_top_inst.\scrambler.$xor$../RTL/scrambler_core.sv:85$195_gold ($xor): \scrambler_top_inst.scrambler.state_gold [54] -> \scrambler_top_inst.scrambler.state [54]
Changing input B of cell $flatten\scrambler_top_inst.\scrambler.$xor$../RTL/scrambler_core.sv:85$196_gold ($xor): \scrambler_top_inst.scrambler.state_gold [34] -> \scrambler_top_inst.scrambler.state [34]
Changing input B of cell $flatten\scrambler_top_inst.\scrambler.$xor$../RTL/scrambler_core.sv:85$197_gold ($xor): \scrambler_top_inst.scrambler.state_gold [53] -> \scrambler_top_inst.scrambler.state [53]
Changing input B of cell $flatten\scrambler_top_inst.\scrambler.$xor$../RTL/scrambler_core.sv:85$198_gold ($xor): \scrambler_top_inst.scrambler.state_gold [33] -> \scrambler_top_inst.scrambler.state [33]
Changing input B of cell $flatten\scrambler_top_inst.\scrambler.$xor$../RTL/scrambler_core.sv:85$199_gold ($xor): \scrambler_top_inst.scrambler.state_gold [52] -> \scrambler_top_inst.scrambler.state [52]
Changing input B of cell $flatten\scrambler_top_inst.\scrambler.$xor$../RTL/scrambler_core.sv:85$200_gold ($xor): \scrambler_top_inst.scrambler.state_gold [32] -> \scrambler_top_inst.scrambler.state [32]
Changing input B of cell $flatten\scrambler_top_inst.\scrambler.$xor$../RTL/scrambler_core.sv:85$201_gold ($xor): \scrambler_top_inst.scrambler.state_gold [51] -> \scrambler_top_inst.scrambler.state [51]
Changing input B of cell $flatten\scrambler_top_inst.\scrambler.$xor$../RTL/scrambler_core.sv:85$202_gold ($xor): \scrambler_top_inst.scrambler.state_gold [31] -> \scrambler_top_inst.scrambler.state [31]
Changing input B of cell $flatten\scrambler_top_inst.\scrambler.$xor$../RTL/scrambler_core.sv:85$203_gold ($xor): \scrambler_top_inst.scrambler.state_gold [50] -> \scrambler_top_inst.scrambler.state [50]
Presumably equivalent cells: scrambler_top_inst_gold scrambler_top_inst_gate ($scopeinfo) -> scrambler_top_inst
Presumably equivalent cells: scrambler_top_inst.descrambler_gold scrambler_top_inst.descrambler_gate ($scopeinfo) -> scrambler_top_inst.descrambler
Presumably equivalent cells: scrambler_top_inst.scrambler_gold scrambler_top_inst.scrambler_gate ($scopeinfo) -> scrambler_top_inst.scrambler

21. Executing HIERARCHY pass (managing design hierarchy).

21.1. Analyzing design hierarchy..
Top module:  \equiv

21.2. Analyzing design hierarchy..
Top module:  \equiv
Removing unused module `\gate'.
Removing unused module `\gold'.
Removed 2 unused modules.

22. Executing EQUIV_SIMPLE pass.
Found 944 unproven $equiv cells (64 groups) in equiv:
 Grouping SAT models for \dout:
  Trying to prove $equiv for \dout [0]:ezsat
 success!
  Trying to prove $equiv for \dout [1]:ezsat
 success!
  Trying to prove $equiv for \dout [2]:ezsat
 success!
  Trying to prove $equiv for \dout [3]:ezsat
 success!
  Trying to prove $equiv for \dout [4]:ezsat
 success!
  Trying to prove $equiv for \dout [5]:ezsat
 success!
  Trying to prove $equiv for \dout [6]:ezsat
 success!
  Trying to prove $equiv for \dout [7]:ezsat
 success!
  Trying to prove $equiv for \dout_valid:ezsat
 success!
 Grouping SAT models for \csr_addr:
  Trying to prove $equiv for \csr_addr [0]:ezsat
 success!
  Trying to prove $equiv for \csr_addr [1]:ezsat
 success!
  Trying to prove $equiv for \csr_addr [2]:ezsat
 success!
  Trying to prove $equiv for \csr_addr [3]:ezsat
 success!
  Trying to prove $equiv for \csr_addr [4]:ezsat
 success!
  Trying to prove $equiv for \csr_addr [5]:ezsat
 success!
  Trying to prove $equiv for \csr_addr [6]:ezsat
 success!
  Trying to prove $equiv for \csr_addr [7]:ezsat
 success!
 Grouping SAT models for \csr_wdata:
  Trying to prove $equiv for \csr_wdata [0]:ezsat
 success!
  Trying to prove $equiv for \csr_wdata [1]:ezsat
 success!
  Trying to prove $equiv for \csr_wdata [2]:ezsat
 success!
  Trying to prove $equiv for \csr_wdata [3]:ezsat
 success!
  Trying to prove $equiv for \csr_wdata [4]:ezsat
 success!
  Trying to prove $equiv for \csr_wdata [5]:ezsat
 success!
  Trying to prove $equiv for \csr_wdata [6]:ezsat
 success!
  Trying to prove $equiv for \csr_wdata [7]:ezsat
 success!
  Trying to prove $equiv for \csr_wdata [8]:ezsat
 success!
  Trying to prove $equiv for \csr_wdata [9]:ezsat
 success!
  Trying to prove $equiv for \csr_wdata [10]:ezsat
 success!
  Trying to prove $equiv for \csr_wdata [11]:ezsat
 success!
  Trying to prove $equiv for \csr_wdata [12]:ezsat
 success!
  Trying to prove $equiv for \csr_wdata [13]:ezsat
 success!
  Trying to prove $equiv for \csr_wdata [14]:ezsat
 success!
  Trying to prove $equiv for \csr_wdata [15]:ezsat
 success!
  Trying to prove $equiv for \csr_wdata [16]:ezsat
 success!
  Trying to prove $equiv for \csr_wdata [17]:ezsat
 success!
  Trying to prove $equiv for \csr_wdata [18]:ezsat
 success!
  Trying to prove $equiv for \csr_wdata [19]:ezsat
 success!
  Trying to prove $equiv for \csr_wdata [20]:ezsat
 success!
  Trying to prove $equiv for \csr_wdata [21]:ezsat
 success!
  Trying to prove $equiv for \csr_wdata [22]:ezsat
 success!
  Trying to prove $equiv for \csr_wdata [23]:ezsat
 success!
  Trying to prove $equiv for \csr_wdata [24]:ezsat
 success!
  Trying to prove $equiv for \csr_wdata [25]:ezsat
 success!
  Trying to prove $equiv for \csr_wdata [26]:ezsat
 success!
  Trying to prove $equiv for \csr_wdata [27]:ezsat
 success!
  Trying to prove $equiv for \csr_wdata [28]:ezsat
 success!
  Trying to prove $equiv for \csr_wdata [29]:ezsat
 success!
  Trying to prove $equiv for \csr_wdata [30]:ezsat
 success!
  Trying to prove $equiv for \csr_wdata [31]:ezsat
 success!
 Grouping SAT models for \csr_rdata:
  Trying to prove $equiv for \csr_rdata [0]:ezsat
 success!
  Trying to prove $equiv for \csr_rdata [1]:ezsat
 success!
  Trying to prove $equiv for \csr_rdata [2]:ezsat
 success!
  Trying to prove $equiv for \csr_rdata [3]:ezsat
 success!
  Trying to prove $equiv for \csr_rdata [4]:ezsat
 success!
  Trying to prove $equiv for \csr_rdata [5]:ezsat
 success!
  Trying to prove $equiv for \csr_rdata [6]:ezsat
 success!
  Trying to prove $equiv for \csr_rdata [7]:ezsat
 success!
  Trying to prove $equiv for \csr_rdata [8]:ezsat
 success!
  Trying to prove $equiv for \csr_rdata [9]:ezsat
 success!
  Trying to prove $equiv for \csr_rdata [10]:ezsat
 success!
  Trying to prove $equiv for \csr_rdata [11]:ezsat
 success!
  Trying to prove $equiv for \csr_rdata [12]:ezsat
 success!
  Trying to prove $equiv for \csr_rdata [13]:ezsat
 success!
  Trying to prove $equiv for \csr_rdata [14]:ezsat
 success!
  Trying to prove $equiv for \csr_rdata [15]:ezsat
 success!
  Trying to prove $equiv for \csr_rdata [16]:ezsat
 success!
  Trying to prove $equiv for \csr_rdata [17]:ezsat
 success!
  Trying to prove $equiv for \csr_rdata [18]:ezsat
 success!
  Trying to prove $equiv for \csr_rdata [19]:ezsat
 success!
  Trying to prove $equiv for \csr_rdata [20]:ezsat
 success!
  Trying to prove $equiv for \csr_rdata [21]:ezsat
 success!
  Trying to prove $equiv for \csr_rdata [22]:ezsat
 success!
  Trying to prove $equiv for \csr_rdata [23]:ezsat
 success!
  Trying to prove $equiv for \csr_rdata [24]:ezsat
 success!
  Trying to prove $equiv for \csr_rdata [25]:ezsat
 success!
  Trying to prove $equiv for \csr_rdata [26]:ezsat
 success!
  Trying to prove $equiv for \csr_rdata [27]:ezsat
 success!
  Trying to prove $equiv for \csr_rdata [28]:ezsat
 success!
  Trying to prove $equiv for \csr_rdata [29]:ezsat
 success!
  Trying to prove $equiv for \csr_rdata [30]:ezsat
 success!
  Trying to prove $equiv for \csr_rdata [31]:ezsat
 success!
  Trying to prove $equiv for \pready:ezsat
 success!
 Grouping SAT models for \prdata:
  Trying to prove $equiv for \prdata [0]:ezsat
 success!
  Trying to prove $equiv for \prdata [1]:ezsat
 success!
  Trying to prove $equiv for \prdata [2]:ezsat
 success!
  Trying to prove $equiv for \prdata [3]:ezsat
 success!
  Trying to prove $equiv for \prdata [4]:ezsat
 success!
  Trying to prove $equiv for \prdata [5]:ezsat
 success!
  Trying to prove $equiv for \prdata [6]:ezsat
 success!
  Trying to prove $equiv for \prdata [7]:ezsat
 success!
  Trying to prove $equiv for \prdata [8]:ezsat
 success!
  Trying to prove $equiv for \prdata [9]:ezsat
 success!
  Trying to prove $equiv for \prdata [10]:ezsat
 success!
  Trying to prove $equiv for \prdata [11]:ezsat
 success!
  Trying to prove $equiv for \prdata [12]:ezsat
 success!
  Trying to prove $equiv for \prdata [13]:ezsat
 success!
  Trying to prove $equiv for \prdata [14]:ezsat
 success!
  Trying to prove $equiv for \prdata [15]:ezsat
 success!
  Trying to prove $equiv for \prdata [16]:ezsat
 success!
  Trying to prove $equiv for \prdata [17]:ezsat
 success!
  Trying to prove $equiv for \prdata [18]:ezsat
 success!
  Trying to prove $equiv for \prdata [19]:ezsat
 success!
  Trying to prove $equiv for \prdata [20]:ezsat
 success!
  Trying to prove $equiv for \prdata [21]:ezsat
 success!
  Trying to prove $equiv for \prdata [22]:ezsat
 success!
  Trying to prove $equiv for \prdata [23]:ezsat
 success!
  Trying to prove $equiv for \prdata [24]:ezsat
 success!
  Trying to prove $equiv for \prdata [25]:ezsat
 success!
  Trying to prove $equiv for \prdata [26]:ezsat
 success!
  Trying to prove $equiv for \prdata [27]:ezsat
 success!
  Trying to prove $equiv for \prdata [28]:ezsat
 success!
  Trying to prove $equiv for \prdata [29]:ezsat
 success!
  Trying to prove $equiv for \prdata [30]:ezsat
 success!
  Trying to prove $equiv for \prdata [31]:ezsat
 success!
  Trying to prove $equiv for \pslverr:ezsat
 success!
  Trying to prove $equiv for \scrambler_top_inst.descrambler.clk:ezsat
 success!
  Trying to prove $equiv for \scrambler_top_inst.descrambler.rst_n:ezsat
 success!
  Trying to prove $equiv for \scrambler_top_inst.descrambler.parity_err:ezsat
ezsat
ezsat
ezsat
ezsat
ezsat
 failed.
 Grouping SAT models for \scrambler_top_inst.descrambler.dout:
  Trying to prove $equiv for \scrambler_top_inst.descrambler.dout [0]:ezsat
ezsat
 success!
  Trying to prove $equiv for \scrambler_top_inst.descrambler.dout [1]:ezsat
ezsat
 success!
  Trying to prove $equiv for \scrambler_top_inst.descrambler.dout [2]:ezsat
ezsat
 success!
  Trying to prove $equiv for \scrambler_top_inst.descrambler.dout [3]:ezsat
ezsat
 success!
  Trying to prove $equiv for \scrambler_top_inst.descrambler.dout [4]:ezsat
ezsat
 success!
  Trying to prove $equiv for \scrambler_top_inst.descrambler.dout [5]:ezsat
ezsat
 success!
  Trying to prove $equiv for \scrambler_top_inst.descrambler.dout [6]:ezsat
ezsat
 success!
  Trying to prove $equiv for \scrambler_top_inst.descrambler.dout [7]:ezsat
ezsat
 success!
  Trying to prove $equiv for \scrambler_top_inst.descrambler.dout_valid:ezsat
ezsat
 success!
  Trying to prove $equiv for \scrambler_top_inst.descrambler.locked:ezsat
ezsat
ezsat
ezsat
ezsat
ezsat
 failed.
 Grouping SAT models for \scrambler_top_inst.descrambler.state_o:
  Trying to prove $equiv for \scrambler_top_inst.descrambler.state_o [0]:ezsat
ezsat
ezsat
ezsat
ezsat
ezsat
 failed.
  Trying to prove $equiv for \scrambler_top_inst.descrambler.state_o [1]:ezsat
ezsat
ezsat
ezsat
ezsat
ezsat
 failed.
  Trying to prove $equiv for \scrambler_top_inst.descrambler.state_o [2]:ezsat
ezsat
ezsat
ezsat
ezsat
ezsat
 failed.
  Trying to prove $equiv for \scrambler_top_inst.descrambler.state_o [3]:ezsat
ezsat
ezsat
ezsat
ezsat
ezsat
 failed.
  Trying to prove $equiv for \scrambler_top_inst.descrambler.state_o [4]:ezsat
ezsat
ezsat
ezsat
ezsat
ezsat
 failed.
  Trying to prove $equiv for \scrambler_top_inst.descrambler.state_o [5]:ezsat
ezsat
ezsat
ezsat
ezsat
ezsat
 failed.
  Trying to prove $equiv for \scrambler_top_inst.descrambler.state_o [6]:ezsat
ezsat
ezsat
ezsat
ezsat
ezsat
 failed.
  Trying to prove $equiv for \scrambler_top_inst.descrambler.state_o [7]:ezsat
ezsat
ezsat
ezsat
ezsat
ezsat
 failed.
  Trying to prove $equiv for \scrambler_top_inst.descrambler.state_o [8]:ezsat
ezsat
ezsat
ezsat
ezsat
ezsat
 failed.
  Trying to prove $equiv for \scrambler_top_inst.descrambler.state_o [9]:ezsat
ezsat
ezsat
ezsat
ezsat
ezsat
 failed.
  Trying to prove $equiv for \scrambler_top_inst.descrambler.state_o [10]:ezsat
ezsat
ezsat
ezsat
ezsat
ezsat
 failed.
  Trying to prove $equiv for \scrambler_top_inst.descrambler.state_o [11]:ezsat
ezsat
ezsat
ezsat
ezsat
ezsat
 failed.
  Trying to prove $equiv for \scrambler_top_inst.descrambler.state_o [12]:ezsat
ezsat
ezsat
ezsat
ezsat
ezsat
 failed.
  Trying to prove $equiv for \scrambler_top_inst.descrambler.state_o [13]:ezsat
ezsat
ezsat
ezsat
ezsat
ezsat
 failed.
  Trying to prove $equiv for \scrambler_top_inst.descrambler.state_o [14]:ezsat
ezsat
ezsat
ezsat
ezsat
ezsat
 failed.
  Trying to prove $equiv for \scrambler_top_inst.descrambler.state_o [15]:ezsat
ezsat
ezsat
ezsat
ezsat
ezsat
 failed.
  Trying to prove $equiv for \scrambler_top_inst.descrambler.state_o [16]:ezsat
ezsat
ezsat
ezsat
ezsat
ezsat
 failed.
  Trying to prove $equiv for \scrambler_top_inst.descrambler.state_o [17]:ezsat
ezsat
ezsat
ezsat
ezsat
ezsat
 failed.
  Trying to prove $equiv for \scrambler_top_inst.descrambler.state_o [18]:ezsat
ezsat
ezsat
ezsat
ezsat
ezsat
 failed.
  Trying to prove $equiv for \scrambler_top_inst.descrambler.state_o [19]:ezsat
ezsat
ezsat
ezsat
ezsat
ezsat
 failed.
  Trying to prove $equiv for \scrambler_top_inst.descrambler.state_o [20]:ezsat
ezsat
ezsat
ezsat
ezsat
ezsat
 failed.
  Trying to prove $equiv for \scrambler_top_inst.descrambler.state_o [21]:ezsat
ezsat
ezsat
ezsat
ezsat
ezsat
 failed.
  Trying to prove $equiv for \scrambler_top_inst.descrambler.state_o [22]:ezsat
ezsat
ezsat
ezsat
ezsat
ezsat
 failed.
  Trying to prove $equiv for \scrambler_top_inst.descrambler.state_o [23]:ezsat
ezsat
ezsat
ezsat
ezsat
ezsat
 failed.
  Trying to prove $equiv for \scrambler_top_inst.descrambler.state_o [24]:ezsat
ezsat
ezsat
ezsat
ezsat
ezsat
 failed.
  Trying to prove $equiv for \scrambler_top_inst.descrambler.state_o [25]:ezsat
ezsat
ezsat
ezsat
ezsat
ezsat
 failed.
  Trying to prove $equiv for \scrambler_top_inst.descrambler.state_o [26]:ezsat
ezsat
ezsat
ezsat
ezsat
ezsat
 failed.
  Trying to prove $equiv for \scrambler_top_inst.descrambler.state_o [27]:ezsat
ezsat
ezsat
ezsat
ezsat
ezsat
 failed.
  Trying to prove $equiv for \scrambler_top_inst.descrambler.state_o [28]:ezsat
ezsat
ezsat
ezsat
ezsat
ezsat
 failed.
  Trying to prove $equiv for \scrambler_top_inst.descrambler.state_o [29]:ezsat
ezsat
ezsat
ezsat
ezsat
ezsat
 failed.
  Trying to prove $equiv for \scrambler_top_inst.descrambler.state_o [30]:ezsat
ezsat
ezsat
ezsat
ezsat
ezsat
 failed.
  Trying to prove $equiv for \scrambler_top_inst.descrambler.state_o [31]:ezsat
ezsat
ezsat
ezsat
ezsat
ezsat
 failed.
  Trying to prove $equiv for \scrambler_top_inst.descrambler.state_o [32]:ezsat
ezsat
ezsat
ezsat
ezsat
ezsat
 failed.
  Trying to prove $equiv for \scrambler_top_inst.descrambler.state_o [33]:ezsat
ezsat
ezsat
ezsat
ezsat
ezsat
 failed.
  Trying to prove $equiv for \scrambler_top_inst.descrambler.state_o [34]:ezsat
ezsat
ezsat
ezsat
ezsat
ezsat
 failed.
  Trying to prove $equiv for \scrambler_top_inst.descrambler.state_o [35]:ezsat
ezsat
ezsat
ezsat
ezsat
ezsat
 failed.
  Trying to prove $equiv for \scrambler_top_inst.descrambler.state_o [36]:ezsat
ezsat
ezsat
ezsat
ezsat
ezsat
 failed.
  Trying to prove $equiv for \scrambler_top_inst.descrambler.state_o [37]:ezsat
ezsat
ezsat
ezsat
ezsat
ezsat
 failed.
  Trying to prove $equiv for \scrambler_top_inst.descrambler.state_o [38]:ezsat
ezsat
ezsat
ezsat
ezsat
ezsat
 failed.
  Trying to prove $equiv for \scrambler_top_inst.descrambler.state_o [39]:ezsat
ezsat
ezsat
ezsat
ezsat
ezsat
 failed.
  Trying to prove $equiv for \scrambler_top_inst.descrambler.state_o [40]:ezsat
ezsat
ezsat
ezsat
ezsat
ezsat
 failed.
  Trying to prove $equiv for \scrambler_top_inst.descrambler.state_o [41]:ezsat
ezsat
ezsat
ezsat
ezsat
ezsat
 failed.
  Trying to prove $equiv for \scrambler_top_inst.descrambler.state_o [42]:ezsat
ezsat
ezsat
ezsat
ezsat
ezsat
 failed.
  Trying to prove $equiv for \scrambler_top_inst.descrambler.state_o [43]:ezsat
ezsat
ezsat
ezsat
ezsat
ezsat
 failed.
  Trying to prove $equiv for \scrambler_top_inst.descrambler.state_o [44]:ezsat
ezsat
ezsat
ezsat
ezsat
ezsat
 failed.
  Trying to prove $equiv for \scrambler_top_inst.descrambler.state_o [45]:ezsat
ezsat
ezsat
ezsat
ezsat
ezsat
 failed.
  Trying to prove $equiv for \scrambler_top_inst.descrambler.state_o [46]:ezsat
ezsat
ezsat
ezsat
ezsat
ezsat
 failed.
  Trying to prove $equiv for \scrambler_top_inst.descrambler.state_o [47]:ezsat
ezsat
ezsat
ezsat
ezsat
ezsat
 failed.
  Trying to prove $equiv for \scrambler_top_inst.descrambler.state_o [48]:ezsat
ezsat
ezsat
ezsat
ezsat
ezsat
 failed.
  Trying to prove $equiv for \scrambler_top_inst.descrambler.state_o [49]:ezsat
ezsat
ezsat
ezsat
ezsat
ezsat
 failed.
  Trying to prove $equiv for \scrambler_top_inst.descrambler.state_o [50]:ezsat
ezsat
ezsat
ezsat
ezsat
ezsat
 failed.
  Trying to prove $equiv for \scrambler_top_inst.descrambler.state_o [51]:ezsat
ezsat
ezsat
ezsat
ezsat
ezsat
 failed.
  Trying to prove $equiv for \scrambler_top_inst.descrambler.state_o [52]:ezsat
ezsat
ezsat
ezsat
ezsat
ezsat
 failed.
  Trying to prove $equiv for \scrambler_top_inst.descrambler.state_o [53]:ezsat
ezsat
ezsat
ezsat
ezsat
ezsat
 failed.
  Trying to prove $equiv for \scrambler_top_inst.descrambler.state_o [54]:ezsat
ezsat
ezsat
ezsat
ezsat
ezsat
 failed.
  Trying to prove $equiv for \scrambler_top_inst.descrambler.state_o [55]:ezsat
ezsat
ezsat
ezsat
ezsat
ezsat
 failed.
  Trying to prove $equiv for \scrambler_top_inst.descrambler.state_o [56]:ezsat
ezsat
ezsat
ezsat
ezsat
ezsat
 failed.
  Trying to prove $equiv for \scrambler_top_inst.descrambler.state_o [57]:ezsat
ezsat
ezsat
ezsat
ezsat
ezsat
 failed.
 Grouping SAT models for \scrambler_top_inst.descrambler.state:
  Trying to prove $equiv for \scrambler_top_inst.descrambler.state [0]:ezsat
ezsat
ezsat
ezsat
ezsat
ezsat
 failed.
  Trying to prove $equiv for \scrambler_top_inst.descrambler.state [1]:ezsat
ezsat
ezsat
ezsat
ezsat
ezsat
 failed.
  Trying to prove $equiv for \scrambler_top_inst.descrambler.state [2]:ezsat
ezsat
ezsat
ezsat
ezsat
ezsat
 failed.
  Trying to prove $equiv for \scrambler_top_inst.descrambler.state [3]:ezsat
ezsat
ezsat
ezsat
ezsat
ezsat
 failed.
  Trying to prove $equiv for \scrambler_top_inst.descrambler.state [4]:ezsat
ezsat
ezsat
ezsat
ezsat
ezsat
 failed.
  Trying to prove $equiv for \scrambler_top_inst.descrambler.state [5]:ezsat
ezsat
ezsat
ezsat
ezsat
ezsat
 failed.
  Trying to prove $equiv for \scrambler_top_inst.descrambler.state [6]:ezsat
ezsat
ezsat
ezsat
ezsat
ezsat
 failed.
  Trying to prove $equiv for \scrambler_top_inst.descrambler.state [7]:ezsat
ezsat
ezsat
ezsat
ezsat
ezsat
 failed.
  Trying to prove $equiv for \scrambler_top_inst.descrambler.state [8]:ezsat
ezsat
ezsat
ezsat
ezsat
ezsat
 failed.
  Trying to prove $equiv for \scrambler_top_inst.descrambler.state [9]:ezsat
ezsat
ezsat
ezsat
ezsat
ezsat
 failed.
  Trying to prove $equiv for \scrambler_top_inst.descrambler.state [10]:ezsat
ezsat
ezsat
ezsat
ezsat
ezsat
 failed.
  Trying to prove $equiv for \scrambler_top_inst.descrambler.state [11]:ezsat
ezsat
ezsat
ezsat
ezsat
ezsat
 failed.
  Trying to prove $equiv for \scrambler_top_inst.descrambler.state [12]:ezsat
ezsat
ezsat
ezsat
ezsat
ezsat
 failed.
  Trying to prove $equiv for \scrambler_top_inst.descrambler.state [13]:ezsat
ezsat
ezsat
ezsat
ezsat
ezsat
 failed.
  Trying to prove $equiv for \scrambler_top_inst.descrambler.state [14]:ezsat
ezsat
ezsat
ezsat
ezsat
ezsat
 failed.
  Trying to prove $equiv for \scrambler_top_inst.descrambler.state [15]:ezsat
ezsat
ezsat
ezsat
ezsat
ezsat
 failed.
  Trying to prove $equiv for \scrambler_top_inst.descrambler.state [16]:ezsat
ezsat
ezsat
ezsat
ezsat
ezsat
 failed.
  Trying to prove $equiv for \scrambler_top_inst.descrambler.state [17]:ezsat
ezsat
ezsat
ezsat
ezsat
ezsat
 failed.
  Trying to prove $equiv for \scrambler_top_inst.descrambler.state [18]:ezsat
ezsat
ezsat
ezsat
ezsat
ezsat
 failed.
  Trying to prove $equiv for \scrambler_top_inst.descrambler.state [19]:ezsat
ezsat
ezsat
ezsat
ezsat
ezsat
 failed.
  Trying to prove $equiv for \scrambler_top_inst.descrambler.state [20]:ezsat
ezsat
ezsat
ezsat
ezsat
ezsat
 failed.
  Trying to prove $equiv for \scrambler_top_inst.descrambler.state [21]:ezsat
ezsat
ezsat
ezsat
ezsat
ezsat
 failed.
  Trying to prove $equiv for \scrambler_top_inst.descrambler.state [22]:ezsat
ezsat
ezsat
ezsat
ezsat
ezsat
 failed.
  Trying to prove $equiv for \scrambler_top_inst.descrambler.state [23]:ezsat
ezsat
ezsat
ezsat
ezsat
ezsat
 failed.
  Trying to prove $equiv for \scrambler_top_inst.descrambler.state [24]:ezsat
ezsat
ezsat
ezsat
ezsat
ezsat
 failed.
  Trying to prove $equiv for \scrambler_top_inst.descrambler.state [25]:ezsat
ezsat
ezsat
ezsat
ezsat
ezsat
 failed.
  Trying to prove $equiv for \scrambler_top_inst.descrambler.state [26]:ezsat
ezsat
ezsat
ezsat
ezsat
ezsat
 failed.
  Trying to prove $equiv for \scrambler_top_inst.descrambler.state [27]:ezsat
ezsat
ezsat
ezsat
ezsat
ezsat
 failed.
  Trying to prove $equiv for \scrambler_top_inst.descrambler.state [28]:ezsat
ezsat
ezsat
ezsat
ezsat
ezsat
 failed.
  Trying to prove $equiv for \scrambler_top_inst.descrambler.state [29]:ezsat
ezsat
ezsat
ezsat
ezsat
ezsat
 failed.
  Trying to prove $equiv for \scrambler_top_inst.descrambler.state [30]:ezsat
ezsat
ezsat
ezsat
ezsat
ezsat
 failed.
  Trying to prove $equiv for \scrambler_top_inst.descrambler.state [31]:ezsat
ezsat
ezsat
ezsat
ezsat
ezsat
 failed.
  Trying to prove $equiv for \scrambler_top_inst.descrambler.state [32]:ezsat
ezsat
ezsat
ezsat
ezsat
ezsat
 failed.
  Trying to prove $equiv for \scrambler_top_inst.descrambler.state [33]:ezsat
ezsat
ezsat
ezsat
ezsat
ezsat
 failed.
  Trying to prove $equiv for \scrambler_top_inst.descrambler.state [34]:ezsat
ezsat
ezsat
ezsat
ezsat
ezsat
 failed.
  Trying to prove $equiv for \scrambler_top_inst.descrambler.state [35]:ezsat
ezsat
ezsat
ezsat
ezsat
ezsat
 failed.
  Trying to prove $equiv for \scrambler_top_inst.descrambler.state [36]:ezsat
ezsat
ezsat
ezsat
ezsat
ezsat
 failed.
  Trying to prove $equiv for \scrambler_top_inst.descrambler.state [37]:ezsat
ezsat
ezsat
ezsat
ezsat
ezsat
 failed.
  Trying to prove $equiv for \scrambler_top_inst.descrambler.state [38]:ezsat
ezsat
ezsat
ezsat
ezsat
ezsat
 failed.
  Trying to prove $equiv for \scrambler_top_inst.descrambler.state [39]:ezsat
ezsat
ezsat
ezsat
ezsat
ezsat
 failed.
  Trying to prove $equiv for \scrambler_top_inst.descrambler.state [40]:ezsat
ezsat
ezsat
ezsat
ezsat
ezsat
 failed.
  Trying to prove $equiv for \scrambler_top_inst.descrambler.state [41]:ezsat
ezsat
ezsat
ezsat
ezsat
ezsat
 failed.
  Trying to prove $equiv for \scrambler_top_inst.descrambler.state [42]:ezsat
ezsat
ezsat
ezsat
ezsat
ezsat
 failed.
  Trying to prove $equiv for \scrambler_top_inst.descrambler.state [43]:ezsat
ezsat
ezsat
ezsat
ezsat
ezsat
 failed.
  Trying to prove $equiv for \scrambler_top_inst.descrambler.state [44]:ezsat
ezsat
ezsat
ezsat
ezsat
ezsat
 failed.
  Trying to prove $equiv for \scrambler_top_inst.descrambler.state [45]:ezsat
ezsat
ezsat
ezsat
ezsat
ezsat
 failed.
  Trying to prove $equiv for \scrambler_top_inst.descrambler.state [46]:ezsat
ezsat
ezsat
ezsat
ezsat
ezsat
 failed.
  Trying to prove $equiv for \scrambler_top_inst.descrambler.state [47]:ezsat
ezsat
ezsat
ezsat
ezsat
ezsat
 failed.
  Trying to prove $equiv for \scrambler_top_inst.descrambler.state [48]:ezsat
ezsat
ezsat
ezsat
ezsat
ezsat
 failed.
  Trying to prove $equiv for \scrambler_top_inst.descrambler.state [49]:ezsat
ezsat
ezsat
ezsat
ezsat
ezsat
 failed.
  Trying to prove $equiv for \scrambler_top_inst.descrambler.state [50]:ezsat
ezsat
ezsat
ezsat
ezsat
ezsat
 failed.
  Trying to prove $equiv for \scrambler_top_inst.descrambler.state [51]:ezsat
ezsat
ezsat
ezsat
ezsat
ezsat
 failed.
  Trying to prove $equiv for \scrambler_top_inst.descrambler.state [52]:ezsat
ezsat
ezsat
ezsat
ezsat
ezsat
 failed.
  Trying to prove $equiv for \scrambler_top_inst.descrambler.state [53]:ezsat
ezsat
ezsat
ezsat
ezsat
ezsat
 failed.
  Trying to prove $equiv for \scrambler_top_inst.descrambler.state [54]:ezsat
ezsat
ezsat
ezsat
ezsat
ezsat
 failed.
  Trying to prove $equiv for \scrambler_top_inst.descrambler.state [55]:ezsat
ezsat
ezsat
ezsat
ezsat
ezsat
 failed.
  Trying to prove $equiv for \scrambler_top_inst.descrambler.state [56]:ezsat
ezsat
ezsat
ezsat
ezsat
ezsat
 failed.
  Trying to prove $equiv for \scrambler_top_inst.descrambler.state [57]:ezsat
ezsat
ezsat
ezsat
ezsat
ezsat
 failed.
  Trying to prove $equiv for \scrambler_top_inst.descrambler.state_parity:ezsat
ezsat
ezsat
ezsat
ezsat
ezsat
 failed.
 Grouping SAT models for \scrambler_top_inst.descrambler.lock_counter:
  Trying to prove $equiv for \scrambler_top_inst.descrambler.lock_counter [0]:ezsat
ezsat
ezsat
ezsat
ezsat
ezsat
 failed.
  Trying to prove $equiv for \scrambler_top_inst.descrambler.lock_counter [1]:ezsat
ezsat
ezsat
ezsat
ezsat
ezsat
 failed.
  Trying to prove $equiv for \scrambler_top_inst.descrambler.lock_counter [2]:ezsat
ezsat
ezsat
ezsat
ezsat
ezsat
 failed.
  Trying to prove $equiv for \scrambler_top_inst.descrambler.lock_counter [3]:ezsat
ezsat
ezsat
ezsat
ezsat
ezsat
 failed.
  Trying to prove $equiv for \scrambler_top_inst.descrambler.lock_counter [4]:ezsat
ezsat
ezsat
ezsat
ezsat
ezsat
 failed.
 Grouping SAT models for \scrambler_top_inst.descrambler.dout_tmp:
  Trying to prove $equiv for \scrambler_top_inst.descrambler.dout_tmp [0]:ezsat
ezsat
 success!
  Trying to prove $equiv for \scrambler_top_inst.descrambler.dout_tmp [1]:ezsat
ezsat
 success!
  Trying to prove $equiv for \scrambler_top_inst.descrambler.dout_tmp [2]:ezsat
ezsat
 success!
  Trying to prove $equiv for \scrambler_top_inst.descrambler.dout_tmp [3]:ezsat
ezsat
 success!
  Trying to prove $equiv for \scrambler_top_inst.descrambler.dout_tmp [4]:ezsat
ezsat
 success!
  Trying to prove $equiv for \scrambler_top_inst.descrambler.dout_tmp [5]:ezsat
ezsat
 success!
  Trying to prove $equiv for \scrambler_top_inst.descrambler.dout_tmp [6]:ezsat
ezsat
 success!
  Trying to prove $equiv for \scrambler_top_inst.descrambler.dout_tmp [7]:ezsat
ezsat
 success!
  Trying to prove $equiv for \scrambler_top_inst.scrambler.clk:ezsat
 success!
  Trying to prove $equiv for \scrambler_top_inst.scrambler.rst_n:ezsat
 success!
 Grouping SAT models for \scrambler_top_inst.scrambler.seed:
  Trying to prove $equiv for \scrambler_top_inst.scrambler.seed [0]:ezsat
ezsat
 failed.
  Trying to prove $equiv for \scrambler_top_inst.scrambler.seed [1]:ezsat
ezsat
 failed.
  Trying to prove $equiv for \scrambler_top_inst.scrambler.seed [2]:ezsat
ezsat
 failed.
  Trying to prove $equiv for \scrambler_top_inst.scrambler.seed [3]:ezsat
ezsat
 failed.
  Trying to prove $equiv for \scrambler_top_inst.scrambler.seed [4]:ezsat
ezsat
 failed.
  Trying to prove $equiv for \scrambler_top_inst.scrambler.seed [5]:ezsat
ezsat
 failed.
  Trying to prove $equiv for \scrambler_top_inst.scrambler.seed [6]:ezsat
ezsat
 failed.
  Trying to prove $equiv for \scrambler_top_inst.scrambler.seed [7]:ezsat
ezsat
 failed.
  Trying to prove $equiv for \scrambler_top_inst.scrambler.seed [8]:ezsat
ezsat
 failed.
  Trying to prove $equiv for \scrambler_top_inst.scrambler.seed [9]:ezsat
ezsat
 failed.
  Trying to prove $equiv for \scrambler_top_inst.scrambler.seed [10]:ezsat
ezsat
 failed.
  Trying to prove $equiv for \scrambler_top_inst.scrambler.seed [11]:ezsat
ezsat
 failed.
  Trying to prove $equiv for \scrambler_top_inst.scrambler.seed [12]:ezsat
ezsat
 failed.
  Trying to prove $equiv for \scrambler_top_inst.scrambler.seed [13]:ezsat
ezsat
 failed.
  Trying to prove $equiv for \scrambler_top_inst.scrambler.seed [14]:ezsat
ezsat
 failed.
  Trying to prove $equiv for \scrambler_top_inst.scrambler.seed [15]:ezsat
ezsat
 failed.
  Trying to prove $equiv for \scrambler_top_inst.scrambler.seed [16]:ezsat
ezsat
 failed.
  Trying to prove $equiv for \scrambler_top_inst.scrambler.seed [17]:ezsat
ezsat
 failed.
  Trying to prove $equiv for \scrambler_top_inst.scrambler.seed [18]:ezsat
ezsat
 failed.
  Trying to prove $equiv for \scrambler_top_inst.scrambler.seed [19]:ezsat
ezsat
 failed.
  Trying to prove $equiv for \scrambler_top_inst.scrambler.seed [20]:ezsat
ezsat
 failed.
  Trying to prove $equiv for \scrambler_top_inst.scrambler.seed [21]:ezsat
ezsat
 failed.
  Trying to prove $equiv for \scrambler_top_inst.scrambler.seed [22]:ezsat
ezsat
 failed.
  Trying to prove $equiv for \scrambler_top_inst.scrambler.seed [23]:ezsat
ezsat
 failed.
  Trying to prove $equiv for \scrambler_top_inst.scrambler.seed [24]:ezsat
ezsat
 failed.
  Trying to prove $equiv for \scrambler_top_inst.scrambler.seed [25]:ezsat
ezsat
 failed.
  Trying to prove $equiv for \scrambler_top_inst.scrambler.seed [26]:ezsat
ezsat
 failed.
  Trying to prove $equiv for \scrambler_top_inst.scrambler.seed [27]:ezsat
ezsat
 failed.
  Trying to prove $equiv for \scrambler_top_inst.scrambler.seed [28]:ezsat
ezsat
 failed.
  Trying to prove $equiv for \scrambler_top_inst.scrambler.seed [29]:ezsat
ezsat
 failed.
  Trying to prove $equiv for \scrambler_top_inst.scrambler.seed [30]:ezsat
ezsat
 failed.
  Trying to prove $equiv for \scrambler_top_inst.scrambler.seed [31]:ezsat
ezsat
 failed.
  Trying to prove $equiv for \scrambler_top_inst.scrambler.seed [32]:ezsat
ezsat
 failed.
  Trying to prove $equiv for \scrambler_top_inst.scrambler.seed [33]:ezsat
ezsat
 failed.
  Trying to prove $equiv for \scrambler_top_inst.scrambler.seed [34]:ezsat
ezsat
 failed.
  Trying to prove $equiv for \scrambler_top_inst.scrambler.seed [35]:ezsat
ezsat
 failed.
  Trying to prove $equiv for \scrambler_top_inst.scrambler.seed [36]:ezsat
ezsat
 failed.
  Trying to prove $equiv for \scrambler_top_inst.scrambler.seed [37]:ezsat
ezsat
 failed.
  Trying to prove $equiv for \scrambler_top_inst.scrambler.seed [38]:ezsat
ezsat
 failed.
  Trying to prove $equiv for \scrambler_top_inst.scrambler.seed [39]:ezsat
ezsat
 failed.
  Trying to prove $equiv for \scrambler_top_inst.scrambler.seed [40]:ezsat
ezsat
 failed.
  Trying to prove $equiv for \scrambler_top_inst.scrambler.seed [41]:ezsat
ezsat
 failed.
  Trying to prove $equiv for \scrambler_top_inst.scrambler.seed [42]:ezsat
ezsat
 failed.
  Trying to prove $equiv for \scrambler_top_inst.scrambler.seed [43]:ezsat
ezsat
 failed.
  Trying to prove $equiv for \scrambler_top_inst.scrambler.seed [44]:ezsat
ezsat
 failed.
  Trying to prove $equiv for \scrambler_top_inst.scrambler.seed [45]:ezsat
ezsat
 failed.
  Trying to prove $equiv for \scrambler_top_inst.scrambler.seed [46]:ezsat
ezsat
 failed.
  Trying to prove $equiv for \scrambler_top_inst.scrambler.seed [47]:ezsat
ezsat
 failed.
  Trying to prove $equiv for \scrambler_top_inst.scrambler.seed [48]:ezsat
ezsat
 failed.
  Trying to prove $equiv for \scrambler_top_inst.scrambler.seed [49]:ezsat
ezsat
 failed.
  Trying to prove $equiv for \scrambler_top_inst.scrambler.seed [50]:ezsat
ezsat
 failed.
  Trying to prove $equiv for \scrambler_top_inst.scrambler.seed [51]:ezsat
ezsat
 failed.
  Trying to prove $equiv for \scrambler_top_inst.scrambler.seed [52]:ezsat
ezsat
 failed.
  Trying to prove $equiv for \scrambler_top_inst.scrambler.seed [53]:ezsat
ezsat
 failed.
  Trying to prove $equiv for \scrambler_top_inst.scrambler.seed [54]:ezsat
ezsat
 failed.
  Trying to prove $equiv for \scrambler_top_inst.scrambler.seed [55]:ezsat
ezsat
 failed.
  Trying to prove $equiv for \scrambler_top_inst.scrambler.seed [56]:ezsat
ezsat
 failed.
  Trying to prove $equiv for \scrambler_top_inst.scrambler.seed [57]:ezsat
ezsat
 failed.
 Grouping SAT models for \scrambler_top_inst.scrambler.din:
  Trying to prove $equiv for \scrambler_top_inst.scrambler.din [0]:ezsat
 success!
  Trying to prove $equiv for \scrambler_top_inst.scrambler.din [1]:ezsat
 success!
  Trying to prove $equiv for \scrambler_top_inst.scrambler.din [2]:ezsat
 success!
  Trying to prove $equiv for \scrambler_top_inst.scrambler.din [3]:ezsat
 success!
  Trying to prove $equiv for \scrambler_top_inst.scrambler.din [4]:ezsat
 success!
  Trying to prove $equiv for \scrambler_top_inst.scrambler.din [5]:ezsat
 success!
  Trying to prove $equiv for \scrambler_top_inst.scrambler.din [6]:ezsat
 success!
  Trying to prove $equiv for \scrambler_top_inst.scrambler.din [7]:ezsat
 success!
 Grouping SAT models for \scrambler_top_inst.scrambler.dout:
  Trying to prove $equiv for \scrambler_top_inst.scrambler.dout [0]:ezsat
ezsat
 success!
  Trying to prove $equiv for \scrambler_top_inst.scrambler.dout [1]:ezsat
ezsat
 success!
  Trying to prove $equiv for \scrambler_top_inst.scrambler.dout [2]:ezsat
ezsat
 success!
  Trying to prove $equiv for \scrambler_top_inst.scrambler.dout [3]:ezsat
ezsat
 success!
  Trying to prove $equiv for \scrambler_top_inst.scrambler.dout [4]:ezsat
ezsat
 success!
  Trying to prove $equiv for \scrambler_top_inst.scrambler.dout [5]:ezsat
ezsat
 success!
  Trying to prove $equiv for \scrambler_top_inst.scrambler.dout [6]:ezsat
ezsat
 success!
  Trying to prove $equiv for \scrambler_top_inst.scrambler.dout [7]:ezsat
ezsat
 success!
  Trying to prove $equiv for \scrambler_top_inst.scrambler.dout_valid:ezsat
ezsat
 success!
 Grouping SAT models for \scrambler_top_inst.scrambler.state_o:
  Trying to prove $equiv for \scrambler_top_inst.scrambler.state_o [0]:ezsat
ezsat
ezsat
ezsat
ezsat
ezsat
 failed.
  Trying to prove $equiv for \scrambler_top_inst.scrambler.state_o [1]:ezsat
ezsat
ezsat
ezsat
ezsat
ezsat
 failed.
  Trying to prove $equiv for \scrambler_top_inst.scrambler.state_o [2]:ezsat
ezsat
ezsat
ezsat
ezsat
ezsat
 failed.
  Trying to prove $equiv for \scrambler_top_inst.scrambler.state_o [3]:ezsat
ezsat
ezsat
ezsat
ezsat
ezsat
 failed.
  Trying to prove $equiv for \scrambler_top_inst.scrambler.state_o [4]:ezsat
ezsat
ezsat
ezsat
ezsat
ezsat
 failed.
  Trying to prove $equiv for \scrambler_top_inst.scrambler.state_o [5]:ezsat
ezsat
ezsat
ezsat
ezsat
ezsat
 failed.
  Trying to prove $equiv for \scrambler_top_inst.scrambler.state_o [6]:ezsat
ezsat
ezsat
ezsat
ezsat
ezsat
 failed.
  Trying to prove $equiv for \scrambler_top_inst.scrambler.state_o [7]:ezsat
ezsat
ezsat
ezsat
ezsat
ezsat
 failed.
  Trying to prove $equiv for \scrambler_top_inst.scrambler.state_o [8]:ezsat
ezsat
ezsat
ezsat
ezsat
ezsat
 failed.
  Trying to prove $equiv for \scrambler_top_inst.scrambler.state_o [9]:ezsat
ezsat
ezsat
ezsat
ezsat
ezsat
 failed.
  Trying to prove $equiv for \scrambler_top_inst.scrambler.state_o [10]:ezsat
ezsat
ezsat
ezsat
ezsat
ezsat
 failed.
  Trying to prove $equiv for \scrambler_top_inst.scrambler.state_o [11]:ezsat
ezsat
ezsat
ezsat
ezsat
ezsat
 failed.
  Trying to prove $equiv for \scrambler_top_inst.scrambler.state_o [12]:ezsat
ezsat
ezsat
ezsat
ezsat
ezsat
 failed.
  Trying to prove $equiv for \scrambler_top_inst.scrambler.state_o [13]:ezsat
ezsat
ezsat
ezsat
ezsat
ezsat
 failed.
  Trying to prove $equiv for \scrambler_top_inst.scrambler.state_o [14]:ezsat
ezsat
ezsat
ezsat
ezsat
ezsat
 failed.
  Trying to prove $equiv for \scrambler_top_inst.scrambler.state_o [15]:ezsat
ezsat
ezsat
ezsat
ezsat
ezsat
 failed.
  Trying to prove $equiv for \scrambler_top_inst.scrambler.state_o [16]:ezsat
ezsat
ezsat
ezsat
ezsat
ezsat
 failed.
  Trying to prove $equiv for \scrambler_top_inst.scrambler.state_o [17]:ezsat
ezsat
ezsat
ezsat
ezsat
ezsat
 failed.
  Trying to prove $equiv for \scrambler_top_inst.scrambler.state_o [18]:ezsat
ezsat
ezsat
ezsat
ezsat
ezsat
 failed.
  Trying to prove $equiv for \scrambler_top_inst.scrambler.state_o [19]:ezsat
ezsat
ezsat
ezsat
ezsat
ezsat
 failed.
  Trying to prove $equiv for \scrambler_top_inst.scrambler.state_o [20]:ezsat
ezsat
ezsat
ezsat
ezsat
ezsat
 failed.
  Trying to prove $equiv for \scrambler_top_inst.scrambler.state_o [21]:ezsat
ezsat
ezsat
ezsat
ezsat
ezsat
 failed.
  Trying to prove $equiv for \scrambler_top_inst.scrambler.state_o [22]:ezsat
ezsat
ezsat
ezsat
ezsat
ezsat
 failed.
  Trying to prove $equiv for \scrambler_top_inst.scrambler.state_o [23]:ezsat
ezsat
ezsat
ezsat
ezsat
ezsat
 failed.
  Trying to prove $equiv for \scrambler_top_inst.scrambler.state_o [24]:ezsat
ezsat
ezsat
ezsat
ezsat
ezsat
 failed.
  Trying to prove $equiv for \scrambler_top_inst.scrambler.state_o [25]:ezsat
ezsat
ezsat
ezsat
ezsat
ezsat
 failed.
  Trying to prove $equiv for \scrambler_top_inst.scrambler.state_o [26]:ezsat
ezsat
ezsat
ezsat
ezsat
ezsat
 failed.
  Trying to prove $equiv for \scrambler_top_inst.scrambler.state_o [27]:ezsat
ezsat
ezsat
ezsat
ezsat
ezsat
 failed.
  Trying to prove $equiv for \scrambler_top_inst.scrambler.state_o [28]:ezsat
ezsat
ezsat
ezsat
ezsat
ezsat
 failed.
  Trying to prove $equiv for \scrambler_top_inst.scrambler.state_o [29]:ezsat
ezsat
ezsat
ezsat
ezsat
ezsat
 failed.
  Trying to prove $equiv for \scrambler_top_inst.scrambler.state_o [30]:ezsat
ezsat
ezsat
ezsat
ezsat
ezsat
 failed.
  Trying to prove $equiv for \scrambler_top_inst.scrambler.state_o [31]:ezsat
ezsat
ezsat
ezsat
ezsat
ezsat
 failed.
  Trying to prove $equiv for \scrambler_top_inst.scrambler.state_o [32]:ezsat
ezsat
ezsat
ezsat
ezsat
ezsat
 failed.
  Trying to prove $equiv for \scrambler_top_inst.scrambler.state_o [33]:ezsat
ezsat
ezsat
ezsat
ezsat
ezsat
 failed.
  Trying to prove $equiv for \scrambler_top_inst.scrambler.state_o [34]:ezsat
ezsat
ezsat
ezsat
ezsat
ezsat
 failed.
  Trying to prove $equiv for \scrambler_top_inst.scrambler.state_o [35]:ezsat
ezsat
ezsat
ezsat
ezsat
ezsat
 failed.
  Trying to prove $equiv for \scrambler_top_inst.scrambler.state_o [36]:ezsat
ezsat
ezsat
ezsat
ezsat
ezsat
 failed.
  Trying to prove $equiv for \scrambler_top_inst.scrambler.state_o [37]:ezsat
ezsat
ezsat
ezsat
ezsat
ezsat
 failed.
  Trying to prove $equiv for \scrambler_top_inst.scrambler.state_o [38]:ezsat
ezsat
ezsat
ezsat
ezsat
ezsat
 failed.
  Trying to prove $equiv for \scrambler_top_inst.scrambler.state_o [39]:ezsat
ezsat
ezsat
ezsat
ezsat
ezsat
 failed.
  Trying to prove $equiv for \scrambler_top_inst.scrambler.state_o [40]:ezsat
ezsat
ezsat
ezsat
ezsat
ezsat
 failed.
  Trying to prove $equiv for \scrambler_top_inst.scrambler.state_o [41]:ezsat
ezsat
ezsat
ezsat
ezsat
ezsat
 failed.
  Trying to prove $equiv for \scrambler_top_inst.scrambler.state_o [42]:ezsat
ezsat
ezsat
ezsat
ezsat
ezsat
 failed.
  Trying to prove $equiv for \scrambler_top_inst.scrambler.state_o [43]:ezsat
ezsat
ezsat
ezsat
ezsat
ezsat
 failed.
  Trying to prove $equiv for \scrambler_top_inst.scrambler.state_o [44]:ezsat
ezsat
ezsat
ezsat
ezsat
ezsat
 failed.
  Trying to prove $equiv for \scrambler_top_inst.scrambler.state_o [45]:ezsat
ezsat
ezsat
ezsat
ezsat
ezsat
 failed.
  Trying to prove $equiv for \scrambler_top_inst.scrambler.state_o [46]:ezsat
ezsat
ezsat
ezsat
ezsat
ezsat
 failed.
  Trying to prove $equiv for \scrambler_top_inst.scrambler.state_o [47]:ezsat
ezsat
ezsat
ezsat
ezsat
ezsat
 failed.
  Trying to prove $equiv for \scrambler_top_inst.scrambler.state_o [48]:ezsat
ezsat
ezsat
ezsat
ezsat
ezsat
 failed.
  Trying to prove $equiv for \scrambler_top_inst.scrambler.state_o [49]:ezsat
ezsat
ezsat
ezsat
ezsat
ezsat
 failed.
  Trying to prove $equiv for \scrambler_top_inst.scrambler.state_o [50]:ezsat
ezsat
ezsat
ezsat
ezsat
ezsat
 failed.
  Trying to prove $equiv for \scrambler_top_inst.scrambler.state_o [51]:ezsat
ezsat
ezsat
ezsat
ezsat
ezsat
 failed.
  Trying to prove $equiv for \scrambler_top_inst.scrambler.state_o [52]:ezsat
ezsat
ezsat
ezsat
ezsat
ezsat
 failed.
  Trying to prove $equiv for \scrambler_top_inst.scrambler.state_o [53]:ezsat
ezsat
ezsat
ezsat
ezsat
ezsat
 failed.
  Trying to prove $equiv for \scrambler_top_inst.scrambler.state_o [54]:ezsat
ezsat
ezsat
ezsat
ezsat
ezsat
 failed.
  Trying to prove $equiv for \scrambler_top_inst.scrambler.state_o [55]:ezsat
ezsat
ezsat
ezsat
ezsat
ezsat
 failed.
  Trying to prove $equiv for \scrambler_top_inst.scrambler.state_o [56]:ezsat
ezsat
ezsat
ezsat
ezsat
ezsat
 failed.
  Trying to prove $equiv for \scrambler_top_inst.scrambler.state_o [57]:ezsat
ezsat
ezsat
ezsat
ezsat
ezsat
 failed.
  Trying to prove $equiv for \scrambler_top_inst.scrambler.parity_err:ezsat
ezsat
ezsat
ezsat
ezsat
ezsat
 failed.
  Trying to prove $equiv for \scrambler_top_inst.scrambler.allzero_err:ezsat
ezsat
ezsat
ezsat
ezsat
ezsat
 failed.
 Grouping SAT models for \scrambler_top_inst.scrambler.state:
  Trying to prove $equiv for \scrambler_top_inst.scrambler.state [0]:ezsat
ezsat
ezsat
ezsat
ezsat
ezsat
 failed.
  Trying to prove $equiv for \scrambler_top_inst.scrambler.state [1]:ezsat
ezsat
ezsat
ezsat
ezsat
ezsat
 failed.
  Trying to prove $equiv for \scrambler_top_inst.scrambler.state [2]:ezsat
ezsat
ezsat
ezsat
ezsat
ezsat
 failed.
  Trying to prove $equiv for \scrambler_top_inst.scrambler.state [3]:ezsat
ezsat
ezsat
ezsat
ezsat
ezsat
 failed.
  Trying to prove $equiv for \scrambler_top_inst.scrambler.state [4]:ezsat
ezsat
ezsat
ezsat
ezsat
ezsat
 failed.
  Trying to prove $equiv for \scrambler_top_inst.scrambler.state [5]:ezsat
ezsat
ezsat
ezsat
ezsat
ezsat
 failed.
  Trying to prove $equiv for \scrambler_top_inst.scrambler.state [6]:ezsat
ezsat
ezsat
ezsat
ezsat
ezsat
 failed.
  Trying to prove $equiv for \scrambler_top_inst.scrambler.state [7]:ezsat
ezsat
ezsat
ezsat
ezsat
ezsat
 failed.
  Trying to prove $equiv for \scrambler_top_inst.scrambler.state [8]:ezsat
ezsat
ezsat
ezsat
ezsat
ezsat
 failed.
  Trying to prove $equiv for \scrambler_top_inst.scrambler.state [9]:ezsat
ezsat
ezsat
ezsat
ezsat
ezsat
 failed.
  Trying to prove $equiv for \scrambler_top_inst.scrambler.state [10]:ezsat
ezsat
ezsat
ezsat
ezsat
ezsat
 failed.
  Trying to prove $equiv for \scrambler_top_inst.scrambler.state [11]:ezsat
ezsat
ezsat
ezsat
ezsat
ezsat
 failed.
  Trying to prove $equiv for \scrambler_top_inst.scrambler.state [12]:ezsat
ezsat
ezsat
ezsat
ezsat
ezsat
 failed.
  Trying to prove $equiv for \scrambler_top_inst.scrambler.state [13]:ezsat
ezsat
ezsat
ezsat
ezsat
ezsat
 failed.
  Trying to prove $equiv for \scrambler_top_inst.scrambler.state [14]:ezsat
ezsat
ezsat
ezsat
ezsat
ezsat
 failed.
  Trying to prove $equiv for \scrambler_top_inst.scrambler.state [15]:ezsat
ezsat
ezsat
ezsat
ezsat
ezsat
 failed.
  Trying to prove $equiv for \scrambler_top_inst.scrambler.state [16]:ezsat
ezsat
ezsat
ezsat
ezsat
ezsat
 failed.
  Trying to prove $equiv for \scrambler_top_inst.scrambler.state [17]:ezsat
ezsat
ezsat
ezsat
ezsat
ezsat
 failed.
  Trying to prove $equiv for \scrambler_top_inst.scrambler.state [18]:ezsat
ezsat
ezsat
ezsat
ezsat
ezsat
 failed.
  Trying to prove $equiv for \scrambler_top_inst.scrambler.state [19]:ezsat
ezsat
ezsat
ezsat
ezsat
ezsat
 failed.
  Trying to prove $equiv for \scrambler_top_inst.scrambler.state [20]:ezsat
ezsat
ezsat
ezsat
ezsat
ezsat
 failed.
  Trying to prove $equiv for \scrambler_top_inst.scrambler.state [21]:ezsat
ezsat
ezsat
ezsat
ezsat
ezsat
 failed.
  Trying to prove $equiv for \scrambler_top_inst.scrambler.state [22]:ezsat
ezsat
ezsat
ezsat
ezsat
ezsat
 failed.
  Trying to prove $equiv for \scrambler_top_inst.scrambler.state [23]:ezsat
ezsat
ezsat
ezsat
ezsat
ezsat
 failed.
  Trying to prove $equiv for \scrambler_top_inst.scrambler.state [24]:ezsat
ezsat
ezsat
ezsat
ezsat
ezsat
 failed.
  Trying to prove $equiv for \scrambler_top_inst.scrambler.state [25]:ezsat
ezsat
ezsat
ezsat
ezsat
ezsat
 failed.
  Trying to prove $equiv for \scrambler_top_inst.scrambler.state [26]:ezsat
ezsat
ezsat
ezsat
ezsat
ezsat
 failed.
  Trying to prove $equiv for \scrambler_top_inst.scrambler.state [27]:ezsat
ezsat
ezsat
ezsat
ezsat
ezsat
 failed.
  Trying to prove $equiv for \scrambler_top_inst.scrambler.state [28]:ezsat
ezsat
ezsat
ezsat
ezsat
ezsat
 failed.
  Trying to prove $equiv for \scrambler_top_inst.scrambler.state [29]:ezsat
ezsat
ezsat
ezsat
ezsat
ezsat
 failed.
  Trying to prove $equiv for \scrambler_top_inst.scrambler.state [30]:ezsat
ezsat
ezsat
ezsat
ezsat
ezsat
 failed.
  Trying to prove $equiv for \scrambler_top_inst.scrambler.state [31]:ezsat
ezsat
ezsat
ezsat
ezsat
ezsat
 failed.
  Trying to prove $equiv for \scrambler_top_inst.scrambler.state [32]:ezsat
ezsat
ezsat
ezsat
ezsat
ezsat
 failed.
  Trying to prove $equiv for \scrambler_top_inst.scrambler.state [33]:ezsat
ezsat
ezsat
ezsat
ezsat
ezsat
 failed.
  Trying to prove $equiv for \scrambler_top_inst.scrambler.state [34]:ezsat
ezsat
ezsat
ezsat
ezsat
ezsat
 failed.
  Trying to prove $equiv for \scrambler_top_inst.scrambler.state [35]:ezsat
ezsat
ezsat
ezsat
ezsat
ezsat
 failed.
  Trying to prove $equiv for \scrambler_top_inst.scrambler.state [36]:ezsat
ezsat
ezsat
ezsat
ezsat
ezsat
 failed.
  Trying to prove $equiv for \scrambler_top_inst.scrambler.state [37]:ezsat
ezsat
ezsat
ezsat
ezsat
ezsat
 failed.
  Trying to prove $equiv for \scrambler_top_inst.scrambler.state [38]:ezsat
ezsat
ezsat
ezsat
ezsat
ezsat
 failed.
  Trying to prove $equiv for \scrambler_top_inst.scrambler.state [39]:ezsat
ezsat
ezsat
ezsat
ezsat
ezsat
 failed.
  Trying to prove $equiv for \scrambler_top_inst.scrambler.state [40]:ezsat
ezsat
ezsat
ezsat
ezsat
ezsat
 failed.
  Trying to prove $equiv for \scrambler_top_inst.scrambler.state [41]:ezsat
ezsat
ezsat
ezsat
ezsat
ezsat
 failed.
  Trying to prove $equiv for \scrambler_top_inst.scrambler.state [42]:ezsat
ezsat
ezsat
ezsat
ezsat
ezsat
 failed.
  Trying to prove $equiv for \scrambler_top_inst.scrambler.state [43]:ezsat
ezsat
ezsat
ezsat
ezsat
ezsat
 failed.
  Trying to prove $equiv for \scrambler_top_inst.scrambler.state [44]:ezsat
ezsat
ezsat
ezsat
ezsat
ezsat
 failed.
  Trying to prove $equiv for \scrambler_top_inst.scrambler.state [45]:ezsat
ezsat
ezsat
ezsat
ezsat
ezsat
 failed.
  Trying to prove $equiv for \scrambler_top_inst.scrambler.state [46]:ezsat
ezsat
ezsat
ezsat
ezsat
ezsat
 failed.
  Trying to prove $equiv for \scrambler_top_inst.scrambler.state [47]:ezsat
ezsat
ezsat
ezsat
ezsat
ezsat
 failed.
  Trying to prove $equiv for \scrambler_top_inst.scrambler.state [48]:ezsat
ezsat
ezsat
ezsat
ezsat
ezsat
 failed.
  Trying to prove $equiv for \scrambler_top_inst.scrambler.state [49]:ezsat
ezsat
ezsat
ezsat
ezsat
ezsat
 failed.
  Trying to prove $equiv for \scrambler_top_inst.scrambler.state [50]:ezsat
ezsat
ezsat
ezsat
ezsat
ezsat
 failed.
  Trying to prove $equiv for \scrambler_top_inst.scrambler.state [51]:ezsat
ezsat
ezsat
ezsat
ezsat
ezsat
 failed.
  Trying to prove $equiv for \scrambler_top_inst.scrambler.state [52]:ezsat
ezsat
ezsat
ezsat
ezsat
ezsat
 failed.
  Trying to prove $equiv for \scrambler_top_inst.scrambler.state [53]:ezsat
ezsat
ezsat
ezsat
ezsat
ezsat
 failed.
  Trying to prove $equiv for \scrambler_top_inst.scrambler.state [54]:ezsat
ezsat
ezsat
ezsat
ezsat
ezsat
 failed.
  Trying to prove $equiv for \scrambler_top_inst.scrambler.state [55]:ezsat
ezsat
ezsat
ezsat
ezsat
ezsat
 failed.
  Trying to prove $equiv for \scrambler_top_inst.scrambler.state [56]:ezsat
ezsat
ezsat
ezsat
ezsat
ezsat
 failed.
  Trying to prove $equiv for \scrambler_top_inst.scrambler.state [57]:ezsat
ezsat
ezsat
ezsat
ezsat
ezsat
 failed.
 Grouping SAT models for \scrambler_top_inst.scrambler.din_core:
  Trying to prove $equiv for \scrambler_top_inst.scrambler.din_core [0]:ezsat
 success!
  Trying to prove $equiv for \scrambler_top_inst.scrambler.din_core [1]:ezsat
 success!
  Trying to prove $equiv for \scrambler_top_inst.scrambler.din_core [2]:ezsat
 success!
  Trying to prove $equiv for \scrambler_top_inst.scrambler.din_core [3]:ezsat
 success!
  Trying to prove $equiv for \scrambler_top_inst.scrambler.din_core [4]:ezsat
 success!
  Trying to prove $equiv for \scrambler_top_inst.scrambler.din_core [5]:ezsat
 success!
  Trying to prove $equiv for \scrambler_top_inst.scrambler.din_core [6]:ezsat
 success!
  Trying to prove $equiv for \scrambler_top_inst.scrambler.din_core [7]:ezsat
 success!
  Trying to prove $equiv for \scrambler_top_inst.scrambler.state_parity:ezsat
ezsat
ezsat
ezsat
ezsat
ezsat
 failed.
 Grouping SAT models for \scrambler_top_inst.scrambler.dout_tmp:
  Trying to prove $equiv for \scrambler_top_inst.scrambler.dout_tmp [0]:ezsat
ezsat
 success!
  Trying to prove $equiv for \scrambler_top_inst.scrambler.dout_tmp [1]:ezsat
ezsat
 success!
  Trying to prove $equiv for \scrambler_top_inst.scrambler.dout_tmp [2]:ezsat
ezsat
 success!
  Trying to prove $equiv for \scrambler_top_inst.scrambler.dout_tmp [3]:ezsat
ezsat
 success!
  Trying to prove $equiv for \scrambler_top_inst.scrambler.dout_tmp [4]:ezsat
ezsat
 success!
  Trying to prove $equiv for \scrambler_top_inst.scrambler.dout_tmp [5]:ezsat
ezsat
 success!
  Trying to prove $equiv for \scrambler_top_inst.scrambler.dout_tmp [6]:ezsat
ezsat
 success!
  Trying to prove $equiv for \scrambler_top_inst.scrambler.dout_tmp [7]:ezsat
ezsat
 success!
 Grouping SAT models for \scrambler_top_inst.scrambler.state_next_upper_nibble:
  Trying to prove $equiv for \scrambler_top_inst.scrambler.state_next_upper_nibble [0]:ezsat
ezsat
ezsat
ezsat
ezsat
ezsat
 failed.
  Trying to prove $equiv for \scrambler_top_inst.scrambler.state_next_upper_nibble [1]:ezsat
ezsat
ezsat
ezsat
ezsat
ezsat
 failed.
  Trying to prove $equiv for \scrambler_top_inst.scrambler.state_next_upper_nibble [2]:ezsat
ezsat
ezsat
ezsat
ezsat
ezsat
 failed.
  Trying to prove $equiv for \scrambler_top_inst.scrambler.state_next_upper_nibble [3]:ezsat
ezsat
ezsat
ezsat
ezsat
ezsat
 failed.
  Trying to prove $equiv for \scrambler_top_inst.scrambler.state_next_upper_nibble [4]:ezsat
ezsat
ezsat
ezsat
ezsat
ezsat
 failed.
  Trying to prove $equiv for \scrambler_top_inst.scrambler.state_next_upper_nibble [5]:ezsat
ezsat
ezsat
ezsat
ezsat
ezsat
 failed.
  Trying to prove $equiv for \scrambler_top_inst.scrambler.state_next_upper_nibble [6]:ezsat
ezsat
ezsat
ezsat
ezsat
ezsat
 failed.
  Trying to prove $equiv for \scrambler_top_inst.scrambler.state_next_upper_nibble [7]:ezsat
ezsat
ezsat
ezsat
ezsat
ezsat
 failed.
  Trying to prove $equiv for \scrambler_top_inst.scrambler.state_next_upper_nibble [8]:ezsat
ezsat
ezsat
ezsat
ezsat
ezsat
 failed.
  Trying to prove $equiv for \scrambler_top_inst.scrambler.state_next_upper_nibble [9]:ezsat
ezsat
ezsat
ezsat
ezsat
ezsat
 failed.
  Trying to prove $equiv for \scrambler_top_inst.scrambler.state_next_upper_nibble [10]:ezsat
ezsat
ezsat
ezsat
ezsat
ezsat
 failed.
  Trying to prove $equiv for \scrambler_top_inst.scrambler.state_next_upper_nibble [11]:ezsat
ezsat
ezsat
ezsat
ezsat
ezsat
 failed.
  Trying to prove $equiv for \scrambler_top_inst.scrambler.state_next_upper_nibble [12]:ezsat
ezsat
ezsat
ezsat
ezsat
ezsat
 failed.
  Trying to prove $equiv for \scrambler_top_inst.scrambler.state_next_upper_nibble [13]:ezsat
ezsat
ezsat
ezsat
ezsat
ezsat
 failed.
  Trying to prove $equiv for \scrambler_top_inst.scrambler.state_next_upper_nibble [14]:ezsat
ezsat
ezsat
ezsat
ezsat
ezsat
 failed.
  Trying to prove $equiv for \scrambler_top_inst.scrambler.state_next_upper_nibble [15]:ezsat
ezsat
ezsat
ezsat
ezsat
ezsat
 failed.
  Trying to prove $equiv for \scrambler_top_inst.scrambler.state_next_upper_nibble [16]:ezsat
ezsat
ezsat
ezsat
ezsat
ezsat
 failed.
  Trying to prove $equiv for \scrambler_top_inst.scrambler.state_next_upper_nibble [17]:ezsat
ezsat
ezsat
ezsat
ezsat
ezsat
 failed.
  Trying to prove $equiv for \scrambler_top_inst.scrambler.state_next_upper_nibble [18]:ezsat
ezsat
ezsat
ezsat
ezsat
ezsat
 failed.
  Trying to prove $equiv for \scrambler_top_inst.scrambler.state_next_upper_nibble [19]:ezsat
ezsat
ezsat
ezsat
ezsat
ezsat
 failed.
  Trying to prove $equiv for \scrambler_top_inst.scrambler.state_next_upper_nibble [20]:ezsat
ezsat
ezsat
ezsat
ezsat
ezsat
 failed.
  Trying to prove $equiv for \scrambler_top_inst.scrambler.state_next_upper_nibble [21]:ezsat
ezsat
ezsat
ezsat
ezsat
ezsat
 failed.
  Trying to prove $equiv for \scrambler_top_inst.scrambler.state_next_upper_nibble [22]:ezsat
ezsat
ezsat
ezsat
ezsat
ezsat
 failed.
  Trying to prove $equiv for \scrambler_top_inst.scrambler.state_next_upper_nibble [23]:ezsat
ezsat
ezsat
ezsat
ezsat
ezsat
 failed.
  Trying to prove $equiv for \scrambler_top_inst.scrambler.state_next_upper_nibble [24]:ezsat
ezsat
ezsat
ezsat
ezsat
ezsat
 failed.
  Trying to prove $equiv for \scrambler_top_inst.scrambler.state_next_upper_nibble [25]:ezsat
ezsat
ezsat
ezsat
ezsat
ezsat
 failed.
  Trying to prove $equiv for \scrambler_top_inst.scrambler.state_next_upper_nibble [26]:ezsat
ezsat
ezsat
ezsat
ezsat
ezsat
 failed.
  Trying to prove $equiv for \scrambler_top_inst.scrambler.state_next_upper_nibble [27]:ezsat
ezsat
ezsat
ezsat
ezsat
ezsat
 failed.
  Trying to prove $equiv for \scrambler_top_inst.scrambler.state_next_upper_nibble [28]:ezsat
ezsat
ezsat
ezsat
ezsat
ezsat
 failed.
  Trying to prove $equiv for \scrambler_top_inst.scrambler.state_next_upper_nibble [29]:ezsat
ezsat
ezsat
ezsat
ezsat
ezsat
 failed.
  Trying to prove $equiv for \scrambler_top_inst.scrambler.state_next_upper_nibble [30]:ezsat
ezsat
ezsat
ezsat
ezsat
ezsat
 failed.
  Trying to prove $equiv for \scrambler_top_inst.scrambler.state_next_upper_nibble [31]:ezsat
ezsat
ezsat
ezsat
ezsat
ezsat
 failed.
  Trying to prove $equiv for \scrambler_top_inst.scrambler.state_next_upper_nibble [32]:ezsat
ezsat
ezsat
ezsat
ezsat
ezsat
 failed.
  Trying to prove $equiv for \scrambler_top_inst.scrambler.state_next_upper_nibble [33]:ezsat
ezsat
ezsat
ezsat
ezsat
ezsat
 failed.
  Trying to prove $equiv for \scrambler_top_inst.scrambler.state_next_upper_nibble [34]:ezsat
ezsat
ezsat
ezsat
ezsat
ezsat
 failed.
  Trying to prove $equiv for \scrambler_top_inst.scrambler.state_next_upper_nibble [35]:ezsat
ezsat
ezsat
ezsat
ezsat
ezsat
 failed.
  Trying to prove $equiv for \scrambler_top_inst.scrambler.state_next_upper_nibble [36]:ezsat
ezsat
ezsat
ezsat
ezsat
ezsat
 failed.
  Trying to prove $equiv for \scrambler_top_inst.scrambler.state_next_upper_nibble [37]:ezsat
ezsat
ezsat
ezsat
ezsat
ezsat
 failed.
  Trying to prove $equiv for \scrambler_top_inst.scrambler.state_next_upper_nibble [38]:ezsat
ezsat
ezsat
ezsat
ezsat
ezsat
 failed.
  Trying to prove $equiv for \scrambler_top_inst.scrambler.state_next_upper_nibble [39]:ezsat
ezsat
ezsat
ezsat
ezsat
ezsat
 failed.
  Trying to prove $equiv for \scrambler_top_inst.scrambler.state_next_upper_nibble [40]:ezsat
ezsat
ezsat
ezsat
ezsat
ezsat
 failed.
  Trying to prove $equiv for \scrambler_top_inst.scrambler.state_next_upper_nibble [41]:ezsat
ezsat
ezsat
ezsat
ezsat
ezsat
 failed.
  Trying to prove $equiv for \scrambler_top_inst.scrambler.state_next_upper_nibble [42]:ezsat
ezsat
ezsat
ezsat
ezsat
ezsat
 failed.
  Trying to prove $equiv for \scrambler_top_inst.scrambler.state_next_upper_nibble [43]:ezsat
ezsat
ezsat
ezsat
ezsat
ezsat
 failed.
  Trying to prove $equiv for \scrambler_top_inst.scrambler.state_next_upper_nibble [44]:ezsat
ezsat
ezsat
ezsat
ezsat
ezsat
 failed.
  Trying to prove $equiv for \scrambler_top_inst.scrambler.state_next_upper_nibble [45]:ezsat
ezsat
ezsat
ezsat
ezsat
ezsat
 failed.
  Trying to prove $equiv for \scrambler_top_inst.scrambler.state_next_upper_nibble [46]:ezsat
ezsat
ezsat
ezsat
ezsat
ezsat
 failed.
  Trying to prove $equiv for \scrambler_top_inst.scrambler.state_next_upper_nibble [47]:ezsat
ezsat
ezsat
ezsat
ezsat
ezsat
 failed.
  Trying to prove $equiv for \scrambler_top_inst.scrambler.state_next_upper_nibble [48]:ezsat
ezsat
ezsat
ezsat
ezsat
ezsat
 failed.
  Trying to prove $equiv for \scrambler_top_inst.scrambler.state_next_upper_nibble [49]:ezsat
ezsat
ezsat
ezsat
ezsat
ezsat
 failed.
 Grouping SAT models for \scrambler_top_inst.csr_reg[8]:
  Trying to prove $equiv for \scrambler_top_inst.csr_reg[8] [0]:ezsat
ezsat
ezsat
ezsat
ezsat
ezsat
 failed.
  Trying to prove $equiv for \scrambler_top_inst.csr_reg[8] [1]:ezsat
ezsat
ezsat
ezsat
ezsat
ezsat
 failed.
  Trying to prove $equiv for \scrambler_top_inst.csr_reg[8] [2]:ezsat
ezsat
ezsat
ezsat
ezsat
ezsat
 failed.
  Trying to prove $equiv for \scrambler_top_inst.csr_reg[8] [3]:ezsat
ezsat
ezsat
ezsat
ezsat
ezsat
 failed.
  Trying to prove $equiv for \scrambler_top_inst.csr_reg[8] [4]:ezsat
ezsat
ezsat
ezsat
ezsat
ezsat
 failed.
  Trying to prove $equiv for \scrambler_top_inst.csr_reg[8] [5]:ezsat
ezsat
ezsat
ezsat
ezsat
ezsat
 failed.
  Trying to prove $equiv for \scrambler_top_inst.csr_reg[8] [6]:ezsat
ezsat
ezsat
ezsat
ezsat
ezsat
 failed.
  Trying to prove $equiv for \scrambler_top_inst.csr_reg[8] [7]:ezsat
ezsat
ezsat
ezsat
ezsat
ezsat
 failed.
  Trying to prove $equiv for \scrambler_top_inst.csr_reg[8] [8]:ezsat
ezsat
ezsat
ezsat
ezsat
ezsat
 failed.
  Trying to prove $equiv for \scrambler_top_inst.csr_reg[8] [9]:ezsat
ezsat
ezsat
ezsat
ezsat
ezsat
 failed.
  Trying to prove $equiv for \scrambler_top_inst.csr_reg[8] [10]:ezsat
ezsat
ezsat
ezsat
ezsat
ezsat
 failed.
  Trying to prove $equiv for \scrambler_top_inst.csr_reg[8] [11]:ezsat
ezsat
ezsat
ezsat
ezsat
ezsat
 failed.
  Trying to prove $equiv for \scrambler_top_inst.csr_reg[8] [12]:ezsat
ezsat
ezsat
ezsat
ezsat
ezsat
 failed.
  Trying to prove $equiv for \scrambler_top_inst.csr_reg[8] [13]:ezsat
ezsat
ezsat
ezsat
ezsat
ezsat
 failed.
  Trying to prove $equiv for \scrambler_top_inst.csr_reg[8] [14]:ezsat
ezsat
ezsat
ezsat
ezsat
ezsat
 failed.
  Trying to prove $equiv for \scrambler_top_inst.csr_reg[8] [15]:ezsat
ezsat
ezsat
ezsat
ezsat
ezsat
 failed.
  Trying to prove $equiv for \scrambler_top_inst.csr_reg[8] [16]:ezsat
ezsat
ezsat
ezsat
ezsat
ezsat
 failed.
  Trying to prove $equiv for \scrambler_top_inst.csr_reg[8] [17]:ezsat
ezsat
ezsat
ezsat
ezsat
ezsat
 failed.
  Trying to prove $equiv for \scrambler_top_inst.csr_reg[8] [18]:ezsat
ezsat
ezsat
ezsat
ezsat
ezsat
 failed.
  Trying to prove $equiv for \scrambler_top_inst.csr_reg[8] [19]:ezsat
ezsat
ezsat
ezsat
ezsat
ezsat
 failed.
  Trying to prove $equiv for \scrambler_top_inst.csr_reg[8] [20]:ezsat
ezsat
ezsat
ezsat
ezsat
ezsat
 failed.
  Trying to prove $equiv for \scrambler_top_inst.csr_reg[8] [21]:ezsat
ezsat
ezsat
ezsat
ezsat
ezsat
 failed.
  Trying to prove $equiv for \scrambler_top_inst.csr_reg[8] [22]:ezsat
ezsat
ezsat
ezsat
ezsat
ezsat
 failed.
  Trying to prove $equiv for \scrambler_top_inst.csr_reg[8] [23]:ezsat
ezsat
ezsat
ezsat
ezsat
ezsat
 failed.
  Trying to prove $equiv for \scrambler_top_inst.csr_reg[8] [24]:ezsat
ezsat
ezsat
ezsat
ezsat
ezsat
 failed.
  Trying to prove $equiv for \scrambler_top_inst.csr_reg[8] [25]:ezsat
ezsat
ezsat
ezsat
ezsat
ezsat
 failed.
  Trying to prove $equiv for \scrambler_top_inst.csr_reg[8] [26]:ezsat
ezsat
ezsat
ezsat
ezsat
ezsat
 failed.
  Trying to prove $equiv for \scrambler_top_inst.csr_reg[8] [27]:ezsat
ezsat
ezsat
ezsat
ezsat
ezsat
 failed.
  Trying to prove $equiv for \scrambler_top_inst.csr_reg[8] [28]:ezsat
ezsat
ezsat
ezsat
ezsat
ezsat
 failed.
  Trying to prove $equiv for \scrambler_top_inst.csr_reg[8] [29]:ezsat
ezsat
ezsat
ezsat
ezsat
ezsat
 failed.
  Trying to prove $equiv for \scrambler_top_inst.csr_reg[8] [30]:ezsat
ezsat
ezsat
ezsat
ezsat
ezsat
 failed.
  Trying to prove $equiv for \scrambler_top_inst.csr_reg[8] [31]:ezsat
ezsat
ezsat
ezsat
ezsat
ezsat
 failed.
 Grouping SAT models for \scrambler_top_inst.csr_reg[6]:
  Trying to prove $equiv for \scrambler_top_inst.csr_reg[6] [0]:ezsat
ezsat
ezsat
ezsat
ezsat
ezsat
 failed.
  Trying to prove $equiv for \scrambler_top_inst.csr_reg[6] [1]:ezsat
ezsat
ezsat
ezsat
ezsat
ezsat
 failed.
  Trying to prove $equiv for \scrambler_top_inst.csr_reg[6] [2]:ezsat
ezsat
ezsat
ezsat
ezsat
ezsat
 failed.
  Trying to prove $equiv for \scrambler_top_inst.csr_reg[6] [3]:ezsat
ezsat
ezsat
ezsat
ezsat
ezsat
 failed.
  Trying to prove $equiv for \scrambler_top_inst.csr_reg[6] [4]:ezsat
ezsat
ezsat
ezsat
ezsat
ezsat
 failed.
  Trying to prove $equiv for \scrambler_top_inst.csr_reg[6] [5]:ezsat
ezsat
ezsat
ezsat
ezsat
ezsat
 failed.
  Trying to prove $equiv for \scrambler_top_inst.csr_reg[6] [6]:ezsat
ezsat
ezsat
ezsat
ezsat
ezsat
 failed.
  Trying to prove $equiv for \scrambler_top_inst.csr_reg[6] [7]:ezsat
ezsat
ezsat
ezsat
ezsat
ezsat
 failed.
  Trying to prove $equiv for \scrambler_top_inst.csr_reg[6] [8]:ezsat
ezsat
ezsat
ezsat
ezsat
ezsat
 failed.
  Trying to prove $equiv for \scrambler_top_inst.csr_reg[6] [9]:ezsat
ezsat
ezsat
ezsat
ezsat
ezsat
 failed.
  Trying to prove $equiv for \scrambler_top_inst.csr_reg[6] [10]:ezsat
ezsat
ezsat
ezsat
ezsat
ezsat
 failed.
  Trying to prove $equiv for \scrambler_top_inst.csr_reg[6] [11]:ezsat
ezsat
ezsat
ezsat
ezsat
ezsat
 failed.
  Trying to prove $equiv for \scrambler_top_inst.csr_reg[6] [12]:ezsat
ezsat
ezsat
ezsat
ezsat
ezsat
 failed.
  Trying to prove $equiv for \scrambler_top_inst.csr_reg[6] [13]:ezsat
ezsat
ezsat
ezsat
ezsat
ezsat
 failed.
  Trying to prove $equiv for \scrambler_top_inst.csr_reg[6] [14]:ezsat
ezsat
ezsat
ezsat
ezsat
ezsat
 failed.
  Trying to prove $equiv for \scrambler_top_inst.csr_reg[6] [15]:ezsat
ezsat
ezsat
ezsat
ezsat
ezsat
 failed.
  Trying to prove $equiv for \scrambler_top_inst.csr_reg[6] [16]:ezsat
ezsat
ezsat
ezsat
ezsat
ezsat
 failed.
  Trying to prove $equiv for \scrambler_top_inst.csr_reg[6] [17]:ezsat
ezsat
ezsat
ezsat
ezsat
ezsat
 failed.
  Trying to prove $equiv for \scrambler_top_inst.csr_reg[6] [18]:ezsat
ezsat
ezsat
ezsat
ezsat
ezsat
 failed.
  Trying to prove $equiv for \scrambler_top_inst.csr_reg[6] [19]:ezsat
ezsat
ezsat
ezsat
ezsat
ezsat
 failed.
  Trying to prove $equiv for \scrambler_top_inst.csr_reg[6] [20]:ezsat
ezsat
ezsat
ezsat
ezsat
ezsat
 failed.
  Trying to prove $equiv for \scrambler_top_inst.csr_reg[6] [21]:ezsat
ezsat
ezsat
ezsat
ezsat
ezsat
 failed.
  Trying to prove $equiv for \scrambler_top_inst.csr_reg[6] [22]:ezsat
ezsat
ezsat
ezsat
ezsat
ezsat
 failed.
  Trying to prove $equiv for \scrambler_top_inst.csr_reg[6] [23]:ezsat
ezsat
ezsat
ezsat
ezsat
ezsat
 failed.
  Trying to prove $equiv for \scrambler_top_inst.csr_reg[6] [24]:ezsat
ezsat
ezsat
ezsat
ezsat
ezsat
 failed.
  Trying to prove $equiv for \scrambler_top_inst.csr_reg[6] [25]:ezsat
ezsat
ezsat
ezsat
ezsat
ezsat
 failed.
  Trying to prove $equiv for \scrambler_top_inst.csr_reg[6] [26]:ezsat
ezsat
ezsat
ezsat
ezsat
ezsat
 failed.
  Trying to prove $equiv for \scrambler_top_inst.csr_reg[6] [27]:ezsat
ezsat
ezsat
ezsat
ezsat
ezsat
 failed.
  Trying to prove $equiv for \scrambler_top_inst.csr_reg[6] [28]:ezsat
ezsat
ezsat
ezsat
ezsat
ezsat
 failed.
  Trying to prove $equiv for \scrambler_top_inst.csr_reg[6] [29]:ezsat
ezsat
ezsat
ezsat
ezsat
ezsat
 failed.
  Trying to prove $equiv for \scrambler_top_inst.csr_reg[6] [30]:ezsat
ezsat
ezsat
ezsat
ezsat
ezsat
 failed.
  Trying to prove $equiv for \scrambler_top_inst.csr_reg[6] [31]:ezsat
ezsat
ezsat
ezsat
ezsat
ezsat
 failed.
 Grouping SAT models for \scrambler_top_inst.csr_reg[1]:
  Trying to prove $equiv for \scrambler_top_inst.csr_reg[1] [0]:ezsat
ezsat
 failed.
  Trying to prove $equiv for \scrambler_top_inst.csr_reg[1] [1]:ezsat
ezsat
 failed.
  Trying to prove $equiv for \scrambler_top_inst.csr_reg[1] [2]:ezsat
ezsat
 failed.
  Trying to prove $equiv for \scrambler_top_inst.csr_reg[1] [3]:ezsat
ezsat
 failed.
  Trying to prove $equiv for \scrambler_top_inst.csr_reg[1] [4]:ezsat
ezsat
 failed.
  Trying to prove $equiv for \scrambler_top_inst.csr_reg[1] [5]:ezsat
ezsat
 failed.
  Trying to prove $equiv for \scrambler_top_inst.csr_reg[1] [6]:ezsat
ezsat
 failed.
  Trying to prove $equiv for \scrambler_top_inst.csr_reg[1] [7]:ezsat
ezsat
 failed.
  Trying to prove $equiv for \scrambler_top_inst.csr_reg[1] [8]:ezsat
ezsat
 failed.
  Trying to prove $equiv for \scrambler_top_inst.csr_reg[1] [9]:ezsat
ezsat
 failed.
  Trying to prove $equiv for \scrambler_top_inst.csr_reg[1] [10]:ezsat
ezsat
 failed.
  Trying to prove $equiv for \scrambler_top_inst.csr_reg[1] [11]:ezsat
ezsat
 failed.
  Trying to prove $equiv for \scrambler_top_inst.csr_reg[1] [12]:ezsat
ezsat
 failed.
  Trying to prove $equiv for \scrambler_top_inst.csr_reg[1] [13]:ezsat
ezsat
 failed.
  Trying to prove $equiv for \scrambler_top_inst.csr_reg[1] [14]:ezsat
ezsat
 failed.
  Trying to prove $equiv for \scrambler_top_inst.csr_reg[1] [15]:ezsat
ezsat
 failed.
  Trying to prove $equiv for \scrambler_top_inst.csr_reg[1] [16]:ezsat
ezsat
 failed.
  Trying to prove $equiv for \scrambler_top_inst.csr_reg[1] [17]:ezsat
ezsat
 failed.
  Trying to prove $equiv for \scrambler_top_inst.csr_reg[1] [18]:ezsat
ezsat
 failed.
  Trying to prove $equiv for \scrambler_top_inst.csr_reg[1] [19]:ezsat
ezsat
 failed.
  Trying to prove $equiv for \scrambler_top_inst.csr_reg[1] [20]:ezsat
ezsat
 failed.
  Trying to prove $equiv for \scrambler_top_inst.csr_reg[1] [21]:ezsat
ezsat
 failed.
  Trying to prove $equiv for \scrambler_top_inst.csr_reg[1] [22]:ezsat
ezsat
 failed.
  Trying to prove $equiv for \scrambler_top_inst.csr_reg[1] [23]:ezsat
ezsat
 failed.
  Trying to prove $equiv for \scrambler_top_inst.csr_reg[1] [24]:ezsat
ezsat
 failed.
  Trying to prove $equiv for \scrambler_top_inst.csr_reg[1] [25]:ezsat
ezsat
 failed.
  Trying to prove $equiv for \scrambler_top_inst.csr_reg[1] [26]:ezsat
ezsat
 failed.
  Trying to prove $equiv for \scrambler_top_inst.csr_reg[1] [27]:ezsat
ezsat
 failed.
  Trying to prove $equiv for \scrambler_top_inst.csr_reg[1] [28]:ezsat
ezsat
 failed.
  Trying to prove $equiv for \scrambler_top_inst.csr_reg[1] [29]:ezsat
ezsat
 failed.
  Trying to prove $equiv for \scrambler_top_inst.csr_reg[1] [30]:ezsat
ezsat
 failed.
  Trying to prove $equiv for \scrambler_top_inst.csr_reg[1] [31]:ezsat
ezsat
 failed.
 Grouping SAT models for \scrambler_top_inst.test_counter:
  Trying to prove $equiv for \scrambler_top_inst.test_counter [0]:ezsat
ezsat
ezsat
ezsat
ezsat
ezsat
 failed.
  Trying to prove $equiv for \scrambler_top_inst.test_counter [1]:ezsat
ezsat
ezsat
ezsat
ezsat
ezsat
 failed.
  Trying to prove $equiv for \scrambler_top_inst.test_counter [2]:ezsat
ezsat
ezsat
ezsat
ezsat
ezsat
 failed.
  Trying to prove $equiv for \scrambler_top_inst.test_counter [3]:ezsat
ezsat
ezsat
ezsat
ezsat
ezsat
 failed.
  Trying to prove $equiv for \scrambler_top_inst.test_counter [4]:ezsat
ezsat
ezsat
ezsat
ezsat
ezsat
 failed.
  Trying to prove $equiv for \scrambler_top_inst.test_counter [5]:ezsat
ezsat
ezsat
ezsat
ezsat
ezsat
 failed.
  Trying to prove $equiv for \scrambler_top_inst.test_counter [6]:ezsat
ezsat
ezsat
ezsat
ezsat
ezsat
 failed.
  Trying to prove $equiv for \scrambler_top_inst.test_counter [7]:ezsat
ezsat
ezsat
ezsat
ezsat
ezsat
 failed.
  Trying to prove $equiv for \scrambler_top_inst.test_counter [8]:ezsat
ezsat
ezsat
ezsat
ezsat
ezsat
 failed.
  Trying to prove $equiv for \scrambler_top_inst.test_counter [9]:ezsat
ezsat
ezsat
ezsat
ezsat
ezsat
 failed.
  Trying to prove $equiv for \scrambler_top_inst.test_counter [10]:ezsat
ezsat
ezsat
ezsat
ezsat
ezsat
 failed.
  Trying to prove $equiv for \scrambler_top_inst.test_counter [11]:ezsat
ezsat
ezsat
ezsat
ezsat
ezsat
 failed.
  Trying to prove $equiv for \scrambler_top_inst.test_counter [12]:ezsat
ezsat
ezsat
ezsat
ezsat
ezsat
 failed.
  Trying to prove $equiv for \scrambler_top_inst.test_counter [13]:ezsat
ezsat
ezsat
ezsat
ezsat
ezsat
 failed.
  Trying to prove $equiv for \scrambler_top_inst.test_counter [14]:ezsat
ezsat
ezsat
ezsat
ezsat
ezsat
 failed.
  Trying to prove $equiv for \scrambler_top_inst.test_counter [15]:ezsat
ezsat
ezsat
ezsat
ezsat
ezsat
 failed.
 Grouping SAT models for \scrambler_top_inst.prev_mode:
  Trying to prove $equiv for \scrambler_top_inst.prev_mode [0]:ezsat
 success!
  Trying to prove $equiv for \scrambler_top_inst.prev_mode [1]:ezsat
 success!
  Trying to prove $equiv for \scrambler_top_inst.parity_err:ezsat
 failed.
  Trying to prove $equiv for \scrambler_top_inst.parity_err_des:ezsat
ezsat
ezsat
ezsat
ezsat
ezsat
 failed.
  Trying to prove $equiv for \scrambler_top_inst.parity_err_scr:ezsat
ezsat
ezsat
ezsat
ezsat
ezsat
 failed.
  Trying to prove $equiv for \scrambler_top_inst.des_dout_valid:ezsat
ezsat
 success!
  Trying to prove $equiv for \scrambler_top_inst.scr_dout_valid:ezsat
ezsat
 success!
 Grouping SAT models for \scrambler_top_inst.des_dout:
  Trying to prove $equiv for \scrambler_top_inst.des_dout [0]:ezsat
ezsat
 success!
  Trying to prove $equiv for \scrambler_top_inst.des_dout [1]:ezsat
ezsat
 success!
  Trying to prove $equiv for \scrambler_top_inst.des_dout [2]:ezsat
ezsat
 success!
  Trying to prove $equiv for \scrambler_top_inst.des_dout [3]:ezsat
ezsat
 success!
  Trying to prove $equiv for \scrambler_top_inst.des_dout [4]:ezsat
ezsat
 success!
  Trying to prove $equiv for \scrambler_top_inst.des_dout [5]:ezsat
ezsat
 success!
  Trying to prove $equiv for \scrambler_top_inst.des_dout [6]:ezsat
ezsat
 success!
  Trying to prove $equiv for \scrambler_top_inst.des_dout [7]:ezsat
ezsat
 success!
 Grouping SAT models for \scrambler_top_inst.scr_dout:
  Trying to prove $equiv for \scrambler_top_inst.scr_dout [0]:ezsat
ezsat
 success!
  Trying to prove $equiv for \scrambler_top_inst.scr_dout [1]:ezsat
ezsat
 success!
  Trying to prove $equiv for \scrambler_top_inst.scr_dout [2]:ezsat
ezsat
 success!
  Trying to prove $equiv for \scrambler_top_inst.scr_dout [3]:ezsat
ezsat
 success!
  Trying to prove $equiv for \scrambler_top_inst.scr_dout [4]:ezsat
ezsat
 success!
  Trying to prove $equiv for \scrambler_top_inst.scr_dout [5]:ezsat
ezsat
 success!
  Trying to prove $equiv for \scrambler_top_inst.scr_dout [6]:ezsat
ezsat
 success!
  Trying to prove $equiv for \scrambler_top_inst.scr_dout [7]:ezsat
ezsat
 success!
  Trying to prove $equiv for \scrambler_top_inst.allzero_err:ezsat
ezsat
ezsat
ezsat
ezsat
ezsat
 failed.
  Trying to prove $equiv for \scrambler_top_inst.descrambler_locked:ezsat
ezsat
ezsat
ezsat
ezsat
ezsat
 failed.
 Grouping SAT models for \scrambler_top_inst.descrambler_state:
  Trying to prove $equiv for \scrambler_top_inst.descrambler_state [0]:ezsat
ezsat
ezsat
ezsat
ezsat
ezsat
 failed.
  Trying to prove $equiv for \scrambler_top_inst.descrambler_state [1]:ezsat
ezsat
ezsat
ezsat
ezsat
ezsat
 failed.
  Trying to prove $equiv for \scrambler_top_inst.descrambler_state [2]:ezsat
ezsat
ezsat
ezsat
ezsat
ezsat
 failed.
  Trying to prove $equiv for \scrambler_top_inst.descrambler_state [3]:ezsat
ezsat
ezsat
ezsat
ezsat
ezsat
 failed.
  Trying to prove $equiv for \scrambler_top_inst.descrambler_state [4]:ezsat
ezsat
ezsat
ezsat
ezsat
ezsat
 failed.
  Trying to prove $equiv for \scrambler_top_inst.descrambler_state [5]:ezsat
ezsat
ezsat
ezsat
ezsat
ezsat
 failed.
  Trying to prove $equiv for \scrambler_top_inst.descrambler_state [6]:ezsat
ezsat
ezsat
ezsat
ezsat
ezsat
 failed.
  Trying to prove $equiv for \scrambler_top_inst.descrambler_state [7]:ezsat
ezsat
ezsat
ezsat
ezsat
ezsat
 failed.
  Trying to prove $equiv for \scrambler_top_inst.descrambler_state [8]:ezsat
ezsat
ezsat
ezsat
ezsat
ezsat
 failed.
  Trying to prove $equiv for \scrambler_top_inst.descrambler_state [9]:ezsat
ezsat
ezsat
ezsat
ezsat
ezsat
 failed.
  Trying to prove $equiv for \scrambler_top_inst.descrambler_state [10]:ezsat
ezsat
ezsat
ezsat
ezsat
ezsat
 failed.
  Trying to prove $equiv for \scrambler_top_inst.descrambler_state [11]:ezsat
ezsat
ezsat
ezsat
ezsat
ezsat
 failed.
  Trying to prove $equiv for \scrambler_top_inst.descrambler_state [12]:ezsat
ezsat
ezsat
ezsat
ezsat
ezsat
 failed.
  Trying to prove $equiv for \scrambler_top_inst.descrambler_state [13]:ezsat
ezsat
ezsat
ezsat
ezsat
ezsat
 failed.
  Trying to prove $equiv for \scrambler_top_inst.descrambler_state [14]:ezsat
ezsat
ezsat
ezsat
ezsat
ezsat
 failed.
  Trying to prove $equiv for \scrambler_top_inst.descrambler_state [15]:ezsat
ezsat
ezsat
ezsat
ezsat
ezsat
 failed.
  Trying to prove $equiv for \scrambler_top_inst.descrambler_state [16]:ezsat
ezsat
ezsat
ezsat
ezsat
ezsat
 failed.
  Trying to prove $equiv for \scrambler_top_inst.descrambler_state [17]:ezsat
ezsat
ezsat
ezsat
ezsat
ezsat
 failed.
  Trying to prove $equiv for \scrambler_top_inst.descrambler_state [18]:ezsat
ezsat
ezsat
ezsat
ezsat
ezsat
 failed.
  Trying to prove $equiv for \scrambler_top_inst.descrambler_state [19]:ezsat
ezsat
ezsat
ezsat
ezsat
ezsat
 failed.
  Trying to prove $equiv for \scrambler_top_inst.descrambler_state [20]:ezsat
ezsat
ezsat
ezsat
ezsat
ezsat
 failed.
  Trying to prove $equiv for \scrambler_top_inst.descrambler_state [21]:ezsat
ezsat
ezsat
ezsat
ezsat
ezsat
 failed.
  Trying to prove $equiv for \scrambler_top_inst.descrambler_state [22]:ezsat
ezsat
ezsat
ezsat
ezsat
ezsat
 failed.
  Trying to prove $equiv for \scrambler_top_inst.descrambler_state [23]:ezsat
ezsat
ezsat
ezsat
ezsat
ezsat
 failed.
  Trying to prove $equiv for \scrambler_top_inst.descrambler_state [24]:ezsat
ezsat
ezsat
ezsat
ezsat
ezsat
 failed.
  Trying to prove $equiv for \scrambler_top_inst.descrambler_state [25]:ezsat
ezsat
ezsat
ezsat
ezsat
ezsat
 failed.
  Trying to prove $equiv for \scrambler_top_inst.descrambler_state [26]:ezsat
ezsat
ezsat
ezsat
ezsat
ezsat
 failed.
  Trying to prove $equiv for \scrambler_top_inst.descrambler_state [27]:ezsat
ezsat
ezsat
ezsat
ezsat
ezsat
 failed.
  Trying to prove $equiv for \scrambler_top_inst.descrambler_state [28]:ezsat
ezsat
ezsat
ezsat
ezsat
ezsat
 failed.
  Trying to prove $equiv for \scrambler_top_inst.descrambler_state [29]:ezsat
ezsat
ezsat
ezsat
ezsat
ezsat
 failed.
  Trying to prove $equiv for \scrambler_top_inst.descrambler_state [30]:ezsat
ezsat
ezsat
ezsat
ezsat
ezsat
 failed.
  Trying to prove $equiv for \scrambler_top_inst.descrambler_state [31]:ezsat
ezsat
ezsat
ezsat
ezsat
ezsat
 failed.
  Trying to prove $equiv for \scrambler_top_inst.descrambler_state [32]:ezsat
ezsat
ezsat
ezsat
ezsat
ezsat
 failed.
  Trying to prove $equiv for \scrambler_top_inst.descrambler_state [33]:ezsat
ezsat
ezsat
ezsat
ezsat
ezsat
 failed.
  Trying to prove $equiv for \scrambler_top_inst.descrambler_state [34]:ezsat
ezsat
ezsat
ezsat
ezsat
ezsat
 failed.
  Trying to prove $equiv for \scrambler_top_inst.descrambler_state [35]:ezsat
ezsat
ezsat
ezsat
ezsat
ezsat
 failed.
  Trying to prove $equiv for \scrambler_top_inst.descrambler_state [36]:ezsat
ezsat
ezsat
ezsat
ezsat
ezsat
 failed.
  Trying to prove $equiv for \scrambler_top_inst.descrambler_state [37]:ezsat
ezsat
ezsat
ezsat
ezsat
ezsat
 failed.
  Trying to prove $equiv for \scrambler_top_inst.descrambler_state [38]:ezsat
ezsat
ezsat
ezsat
ezsat
ezsat
 failed.
  Trying to prove $equiv for \scrambler_top_inst.descrambler_state [39]:ezsat
ezsat
ezsat
ezsat
ezsat
ezsat
 failed.
  Trying to prove $equiv for \scrambler_top_inst.descrambler_state [40]:ezsat
ezsat
ezsat
ezsat
ezsat
ezsat
 failed.
  Trying to prove $equiv for \scrambler_top_inst.descrambler_state [41]:ezsat
ezsat
ezsat
ezsat
ezsat
ezsat
 failed.
  Trying to prove $equiv for \scrambler_top_inst.descrambler_state [42]:ezsat
ezsat
ezsat
ezsat
ezsat
ezsat
 failed.
  Trying to prove $equiv for \scrambler_top_inst.descrambler_state [43]:ezsat
ezsat
ezsat
ezsat
ezsat
ezsat
 failed.
  Trying to prove $equiv for \scrambler_top_inst.descrambler_state [44]:ezsat
ezsat
ezsat
ezsat
ezsat
ezsat
 failed.
  Trying to prove $equiv for \scrambler_top_inst.descrambler_state [45]:ezsat
ezsat
ezsat
ezsat
ezsat
ezsat
 failed.
  Trying to prove $equiv for \scrambler_top_inst.descrambler_state [46]:ezsat
ezsat
ezsat
ezsat
ezsat
ezsat
 failed.
  Trying to prove $equiv for \scrambler_top_inst.descrambler_state [47]:ezsat
ezsat
ezsat
ezsat
ezsat
ezsat
 failed.
  Trying to prove $equiv for \scrambler_top_inst.descrambler_state [48]:ezsat
ezsat
ezsat
ezsat
ezsat
ezsat
 failed.
  Trying to prove $equiv for \scrambler_top_inst.descrambler_state [49]:ezsat
ezsat
ezsat
ezsat
ezsat
ezsat
 failed.
  Trying to prove $equiv for \scrambler_top_inst.descrambler_state [50]:ezsat
ezsat
ezsat
ezsat
ezsat
ezsat
 failed.
  Trying to prove $equiv for \scrambler_top_inst.descrambler_state [51]:ezsat
ezsat
ezsat
ezsat
ezsat
ezsat
 failed.
  Trying to prove $equiv for \scrambler_top_inst.descrambler_state [52]:ezsat
ezsat
ezsat
ezsat
ezsat
ezsat
 failed.
  Trying to prove $equiv for \scrambler_top_inst.descrambler_state [53]:ezsat
ezsat
ezsat
ezsat
ezsat
ezsat
 failed.
  Trying to prove $equiv for \scrambler_top_inst.descrambler_state [54]:ezsat
ezsat
ezsat
ezsat
ezsat
ezsat
 failed.
  Trying to prove $equiv for \scrambler_top_inst.descrambler_state [55]:ezsat
ezsat
ezsat
ezsat
ezsat
ezsat
 failed.
  Trying to prove $equiv for \scrambler_top_inst.descrambler_state [56]:ezsat
ezsat
ezsat
ezsat
ezsat
ezsat
 failed.
  Trying to prove $equiv for \scrambler_top_inst.descrambler_state [57]:ezsat
ezsat
ezsat
ezsat
ezsat
ezsat
 failed.
 Grouping SAT models for \scrambler_top_inst.scrambler_state:
  Trying to prove $equiv for \scrambler_top_inst.scrambler_state [0]:ezsat
ezsat
ezsat
ezsat
ezsat
ezsat
 failed.
  Trying to prove $equiv for \scrambler_top_inst.scrambler_state [1]:ezsat
ezsat
ezsat
ezsat
ezsat
ezsat
 failed.
  Trying to prove $equiv for \scrambler_top_inst.scrambler_state [2]:ezsat
ezsat
ezsat
ezsat
ezsat
ezsat
 failed.
  Trying to prove $equiv for \scrambler_top_inst.scrambler_state [3]:ezsat
ezsat
ezsat
ezsat
ezsat
ezsat
 failed.
  Trying to prove $equiv for \scrambler_top_inst.scrambler_state [4]:ezsat
ezsat
ezsat
ezsat
ezsat
ezsat
 failed.
  Trying to prove $equiv for \scrambler_top_inst.scrambler_state [5]:ezsat
ezsat
ezsat
ezsat
ezsat
ezsat
 failed.
  Trying to prove $equiv for \scrambler_top_inst.scrambler_state [6]:ezsat
ezsat
ezsat
ezsat
ezsat
ezsat
 failed.
  Trying to prove $equiv for \scrambler_top_inst.scrambler_state [7]:ezsat
ezsat
ezsat
ezsat
ezsat
ezsat
 failed.
  Trying to prove $equiv for \scrambler_top_inst.scrambler_state [8]:ezsat
ezsat
ezsat
ezsat
ezsat
ezsat
 failed.
  Trying to prove $equiv for \scrambler_top_inst.scrambler_state [9]:ezsat
ezsat
ezsat
ezsat
ezsat
ezsat
 failed.
  Trying to prove $equiv for \scrambler_top_inst.scrambler_state [10]:ezsat
ezsat
ezsat
ezsat
ezsat
ezsat
 failed.
  Trying to prove $equiv for \scrambler_top_inst.scrambler_state [11]:ezsat
ezsat
ezsat
ezsat
ezsat
ezsat
 failed.
  Trying to prove $equiv for \scrambler_top_inst.scrambler_state [12]:ezsat
ezsat
ezsat
ezsat
ezsat
ezsat
 failed.
  Trying to prove $equiv for \scrambler_top_inst.scrambler_state [13]:ezsat
ezsat
ezsat
ezsat
ezsat
ezsat
 failed.
  Trying to prove $equiv for \scrambler_top_inst.scrambler_state [14]:ezsat
ezsat
ezsat
ezsat
ezsat
ezsat
 failed.
  Trying to prove $equiv for \scrambler_top_inst.scrambler_state [15]:ezsat
ezsat
ezsat
ezsat
ezsat
ezsat
 failed.
  Trying to prove $equiv for \scrambler_top_inst.scrambler_state [16]:ezsat
ezsat
ezsat
ezsat
ezsat
ezsat
 failed.
  Trying to prove $equiv for \scrambler_top_inst.scrambler_state [17]:ezsat
ezsat
ezsat
ezsat
ezsat
ezsat
 failed.
  Trying to prove $equiv for \scrambler_top_inst.scrambler_state [18]:ezsat
ezsat
ezsat
ezsat
ezsat
ezsat
 failed.
  Trying to prove $equiv for \scrambler_top_inst.scrambler_state [19]:ezsat
ezsat
ezsat
ezsat
ezsat
ezsat
 failed.
  Trying to prove $equiv for \scrambler_top_inst.scrambler_state [20]:ezsat
ezsat
ezsat
ezsat
ezsat
ezsat
 failed.
  Trying to prove $equiv for \scrambler_top_inst.scrambler_state [21]:ezsat
ezsat
ezsat
ezsat
ezsat
ezsat
 failed.
  Trying to prove $equiv for \scrambler_top_inst.scrambler_state [22]:ezsat
ezsat
ezsat
ezsat
ezsat
ezsat
 failed.
  Trying to prove $equiv for \scrambler_top_inst.scrambler_state [23]:ezsat
ezsat
ezsat
ezsat
ezsat
ezsat
 failed.
  Trying to prove $equiv for \scrambler_top_inst.scrambler_state [24]:ezsat
ezsat
ezsat
ezsat
ezsat
ezsat
 failed.
  Trying to prove $equiv for \scrambler_top_inst.scrambler_state [25]:ezsat
ezsat
ezsat
ezsat
ezsat
ezsat
 failed.
  Trying to prove $equiv for \scrambler_top_inst.scrambler_state [26]:ezsat
ezsat
ezsat
ezsat
ezsat
ezsat
 failed.
  Trying to prove $equiv for \scrambler_top_inst.scrambler_state [27]:ezsat
ezsat
ezsat
ezsat
ezsat
ezsat
 failed.
  Trying to prove $equiv for \scrambler_top_inst.scrambler_state [28]:ezsat
ezsat
ezsat
ezsat
ezsat
ezsat
 failed.
  Trying to prove $equiv for \scrambler_top_inst.scrambler_state [29]:ezsat
ezsat
ezsat
ezsat
ezsat
ezsat
 failed.
  Trying to prove $equiv for \scrambler_top_inst.scrambler_state [30]:ezsat
ezsat
ezsat
ezsat
ezsat
ezsat
 failed.
  Trying to prove $equiv for \scrambler_top_inst.scrambler_state [31]:ezsat
ezsat
ezsat
ezsat
ezsat
ezsat
 failed.
  Trying to prove $equiv for \scrambler_top_inst.scrambler_state [32]:ezsat
ezsat
ezsat
ezsat
ezsat
ezsat
 failed.
  Trying to prove $equiv for \scrambler_top_inst.scrambler_state [33]:ezsat
ezsat
ezsat
ezsat
ezsat
ezsat
 failed.
  Trying to prove $equiv for \scrambler_top_inst.scrambler_state [34]:ezsat
ezsat
ezsat
ezsat
ezsat
ezsat
 failed.
  Trying to prove $equiv for \scrambler_top_inst.scrambler_state [35]:ezsat
ezsat
ezsat
ezsat
ezsat
ezsat
 failed.
  Trying to prove $equiv for \scrambler_top_inst.scrambler_state [36]:ezsat
ezsat
ezsat
ezsat
ezsat
ezsat
 failed.
  Trying to prove $equiv for \scrambler_top_inst.scrambler_state [37]:ezsat
ezsat
ezsat
ezsat
ezsat
ezsat
 failed.
  Trying to prove $equiv for \scrambler_top_inst.scrambler_state [38]:ezsat
ezsat
ezsat
ezsat
ezsat
ezsat
 failed.
  Trying to prove $equiv for \scrambler_top_inst.scrambler_state [39]:ezsat
ezsat
ezsat
ezsat
ezsat
ezsat
 failed.
  Trying to prove $equiv for \scrambler_top_inst.scrambler_state [40]:ezsat
ezsat
ezsat
ezsat
ezsat
ezsat
 failed.
  Trying to prove $equiv for \scrambler_top_inst.scrambler_state [41]:ezsat
ezsat
ezsat
ezsat
ezsat
ezsat
 failed.
  Trying to prove $equiv for \scrambler_top_inst.scrambler_state [42]:ezsat
ezsat
ezsat
ezsat
ezsat
ezsat
 failed.
  Trying to prove $equiv for \scrambler_top_inst.scrambler_state [43]:ezsat
ezsat
ezsat
ezsat
ezsat
ezsat
 failed.
  Trying to prove $equiv for \scrambler_top_inst.scrambler_state [44]:ezsat
ezsat
ezsat
ezsat
ezsat
ezsat
 failed.
  Trying to prove $equiv for \scrambler_top_inst.scrambler_state [45]:ezsat
ezsat
ezsat
ezsat
ezsat
ezsat
 failed.
  Trying to prove $equiv for \scrambler_top_inst.scrambler_state [46]:ezsat
ezsat
ezsat
ezsat
ezsat
ezsat
 failed.
  Trying to prove $equiv for \scrambler_top_inst.scrambler_state [47]:ezsat
ezsat
ezsat
ezsat
ezsat
ezsat
 failed.
  Trying to prove $equiv for \scrambler_top_inst.scrambler_state [48]:ezsat
ezsat
ezsat
ezsat
ezsat
ezsat
 failed.
  Trying to prove $equiv for \scrambler_top_inst.scrambler_state [49]:ezsat
ezsat
ezsat
ezsat
ezsat
ezsat
 failed.
  Trying to prove $equiv for \scrambler_top_inst.scrambler_state [50]:ezsat
ezsat
ezsat
ezsat
ezsat
ezsat
 failed.
  Trying to prove $equiv for \scrambler_top_inst.scrambler_state [51]:ezsat
ezsat
ezsat
ezsat
ezsat
ezsat
 failed.
  Trying to prove $equiv for \scrambler_top_inst.scrambler_state [52]:ezsat
ezsat
ezsat
ezsat
ezsat
ezsat
 failed.
  Trying to prove $equiv for \scrambler_top_inst.scrambler_state [53]:ezsat
ezsat
ezsat
ezsat
ezsat
ezsat
 failed.
  Trying to prove $equiv for \scrambler_top_inst.scrambler_state [54]:ezsat
ezsat
ezsat
ezsat
ezsat
ezsat
 failed.
  Trying to prove $equiv for \scrambler_top_inst.scrambler_state [55]:ezsat
ezsat
ezsat
ezsat
ezsat
ezsat
 failed.
  Trying to prove $equiv for \scrambler_top_inst.scrambler_state [56]:ezsat
ezsat
ezsat
ezsat
ezsat
ezsat
 failed.
  Trying to prove $equiv for \scrambler_top_inst.scrambler_state [57]:ezsat
ezsat
ezsat
ezsat
ezsat
ezsat
 failed.
  Trying to prove $equiv for \scrambler_top_inst.test_en:ezsat
ezsat
 failed.
 Grouping SAT models for \scrambler_top_inst.test_period:
  Trying to prove $equiv for \scrambler_top_inst.test_period [0]:ezsat
ezsat
 failed.
  Trying to prove $equiv for \scrambler_top_inst.test_period [1]:ezsat
ezsat
 failed.
  Trying to prove $equiv for \scrambler_top_inst.test_period [2]:ezsat
ezsat
 failed.
  Trying to prove $equiv for \scrambler_top_inst.test_period [3]:ezsat
ezsat
 failed.
  Trying to prove $equiv for \scrambler_top_inst.test_period [4]:ezsat
ezsat
 failed.
  Trying to prove $equiv for \scrambler_top_inst.test_period [5]:ezsat
ezsat
 failed.
  Trying to prove $equiv for \scrambler_top_inst.test_period [6]:ezsat
ezsat
 failed.
  Trying to prove $equiv for \scrambler_top_inst.test_period [7]:ezsat
ezsat
 failed.
  Trying to prove $equiv for \scrambler_top_inst.test_period [8]:ezsat
ezsat
 failed.
  Trying to prove $equiv for \scrambler_top_inst.test_period [9]:ezsat
ezsat
 failed.
  Trying to prove $equiv for \scrambler_top_inst.test_period [10]:ezsat
ezsat
 failed.
  Trying to prove $equiv for \scrambler_top_inst.test_period [11]:ezsat
ezsat
 failed.
  Trying to prove $equiv for \scrambler_top_inst.test_period [12]:ezsat
ezsat
 failed.
  Trying to prove $equiv for \scrambler_top_inst.test_period [13]:ezsat
ezsat
 failed.
  Trying to prove $equiv for \scrambler_top_inst.test_period [14]:ezsat
ezsat
 failed.
  Trying to prove $equiv for \scrambler_top_inst.test_period [15]:ezsat
ezsat
 failed.
 Grouping SAT models for \scrambler_top_inst.seed_reg:
  Trying to prove $equiv for \scrambler_top_inst.seed_reg [0]:ezsat
ezsat
 failed.
  Trying to prove $equiv for \scrambler_top_inst.seed_reg [1]:ezsat
ezsat
 failed.
  Trying to prove $equiv for \scrambler_top_inst.seed_reg [2]:ezsat
ezsat
 failed.
  Trying to prove $equiv for \scrambler_top_inst.seed_reg [3]:ezsat
ezsat
 failed.
  Trying to prove $equiv for \scrambler_top_inst.seed_reg [4]:ezsat
ezsat
 failed.
  Trying to prove $equiv for \scrambler_top_inst.seed_reg [5]:ezsat
ezsat
 failed.
  Trying to prove $equiv for \scrambler_top_inst.seed_reg [6]:ezsat
ezsat
 failed.
  Trying to prove $equiv for \scrambler_top_inst.seed_reg [7]:ezsat
ezsat
 failed.
  Trying to prove $equiv for \scrambler_top_inst.seed_reg [8]:ezsat
ezsat
 failed.
  Trying to prove $equiv for \scrambler_top_inst.seed_reg [9]:ezsat
ezsat
 failed.
  Trying to prove $equiv for \scrambler_top_inst.seed_reg [10]:ezsat
ezsat
 failed.
  Trying to prove $equiv for \scrambler_top_inst.seed_reg [11]:ezsat
ezsat
 failed.
  Trying to prove $equiv for \scrambler_top_inst.seed_reg [12]:ezsat
ezsat
 failed.
  Trying to prove $equiv for \scrambler_top_inst.seed_reg [13]:ezsat
ezsat
 failed.
  Trying to prove $equiv for \scrambler_top_inst.seed_reg [14]:ezsat
ezsat
 failed.
  Trying to prove $equiv for \scrambler_top_inst.seed_reg [15]:ezsat
ezsat
 failed.
  Trying to prove $equiv for \scrambler_top_inst.seed_reg [16]:ezsat
ezsat
 failed.
  Trying to prove $equiv for \scrambler_top_inst.seed_reg [17]:ezsat
ezsat
 failed.
  Trying to prove $equiv for \scrambler_top_inst.seed_reg [18]:ezsat
ezsat
 failed.
  Trying to prove $equiv for \scrambler_top_inst.seed_reg [19]:ezsat
ezsat
 failed.
  Trying to prove $equiv for \scrambler_top_inst.seed_reg [20]:ezsat
ezsat
 failed.
  Trying to prove $equiv for \scrambler_top_inst.seed_reg [21]:ezsat
ezsat
 failed.
  Trying to prove $equiv for \scrambler_top_inst.seed_reg [22]:ezsat
ezsat
 failed.
  Trying to prove $equiv for \scrambler_top_inst.seed_reg [23]:ezsat
ezsat
 failed.
  Trying to prove $equiv for \scrambler_top_inst.seed_reg [24]:ezsat
ezsat
 failed.
  Trying to prove $equiv for \scrambler_top_inst.seed_reg [25]:ezsat
ezsat
 failed.
  Trying to prove $equiv for \scrambler_top_inst.seed_reg [26]:ezsat
ezsat
 failed.
  Trying to prove $equiv for \scrambler_top_inst.seed_reg [27]:ezsat
ezsat
 failed.
  Trying to prove $equiv for \scrambler_top_inst.seed_reg [28]:ezsat
ezsat
 failed.
  Trying to prove $equiv for \scrambler_top_inst.seed_reg [29]:ezsat
ezsat
 failed.
  Trying to prove $equiv for \scrambler_top_inst.seed_reg [30]:ezsat
ezsat
 failed.
  Trying to prove $equiv for \scrambler_top_inst.seed_reg [31]:ezsat
ezsat
 failed.
  Trying to prove $equiv for \scrambler_top_inst.seed_reg [32]:ezsat
ezsat
 failed.
  Trying to prove $equiv for \scrambler_top_inst.seed_reg [33]:ezsat
ezsat
 failed.
  Trying to prove $equiv for \scrambler_top_inst.seed_reg [34]:ezsat
ezsat
 failed.
  Trying to prove $equiv for \scrambler_top_inst.seed_reg [35]:ezsat
ezsat
 failed.
  Trying to prove $equiv for \scrambler_top_inst.seed_reg [36]:ezsat
ezsat
 failed.
  Trying to prove $equiv for \scrambler_top_inst.seed_reg [37]:ezsat
ezsat
 failed.
  Trying to prove $equiv for \scrambler_top_inst.seed_reg [38]:ezsat
ezsat
 failed.
  Trying to prove $equiv for \scrambler_top_inst.seed_reg [39]:ezsat
ezsat
 failed.
  Trying to prove $equiv for \scrambler_top_inst.seed_reg [40]:ezsat
ezsat
 failed.
  Trying to prove $equiv for \scrambler_top_inst.seed_reg [41]:ezsat
ezsat
 failed.
  Trying to prove $equiv for \scrambler_top_inst.seed_reg [42]:ezsat
ezsat
 failed.
  Trying to prove $equiv for \scrambler_top_inst.seed_reg [43]:ezsat
ezsat
 failed.
  Trying to prove $equiv for \scrambler_top_inst.seed_reg [44]:ezsat
ezsat
 failed.
  Trying to prove $equiv for \scrambler_top_inst.seed_reg [45]:ezsat
ezsat
 failed.
  Trying to prove $equiv for \scrambler_top_inst.seed_reg [46]:ezsat
ezsat
 failed.
  Trying to prove $equiv for \scrambler_top_inst.seed_reg [47]:ezsat
ezsat
 failed.
  Trying to prove $equiv for \scrambler_top_inst.seed_reg [48]:ezsat
ezsat
 failed.
  Trying to prove $equiv for \scrambler_top_inst.seed_reg [49]:ezsat
ezsat
 failed.
  Trying to prove $equiv for \scrambler_top_inst.seed_reg [50]:ezsat
ezsat
 failed.
  Trying to prove $equiv for \scrambler_top_inst.seed_reg [51]:ezsat
ezsat
 failed.
  Trying to prove $equiv for \scrambler_top_inst.seed_reg [52]:ezsat
ezsat
 failed.
  Trying to prove $equiv for \scrambler_top_inst.seed_reg [53]:ezsat
ezsat
 failed.
  Trying to prove $equiv for \scrambler_top_inst.seed_reg [54]:ezsat
ezsat
 failed.
  Trying to prove $equiv for \scrambler_top_inst.seed_reg [55]:ezsat
ezsat
 failed.
  Trying to prove $equiv for \scrambler_top_inst.seed_reg [56]:ezsat
ezsat
 failed.
  Trying to prove $equiv for \scrambler_top_inst.seed_reg [57]:ezsat
ezsat
 failed.
  Trying to prove $equiv for \scrambler_top_inst.ctrl_en:ezsat
ezsat
 failed.
 Grouping SAT models for \scrambler_top_inst.mode:
  Trying to prove $equiv for \scrambler_top_inst.mode [0]:ezsat
ezsat
 failed.
  Trying to prove $equiv for \scrambler_top_inst.mode [1]:ezsat
ezsat
 failed.
  Trying to prove $equiv for \scrambler_top_inst.dout_valid:ezsat
 success!
 Grouping SAT models for \scrambler_top_inst.dout:
  Trying to prove $equiv for \scrambler_top_inst.dout [0]:ezsat
 success!
  Trying to prove $equiv for \scrambler_top_inst.dout [1]:ezsat
 success!
  Trying to prove $equiv for \scrambler_top_inst.dout [2]:ezsat
 success!
  Trying to prove $equiv for \scrambler_top_inst.dout [3]:ezsat
 success!
  Trying to prove $equiv for \scrambler_top_inst.dout [4]:ezsat
 success!
  Trying to prove $equiv for \scrambler_top_inst.dout [5]:ezsat
 success!
  Trying to prove $equiv for \scrambler_top_inst.dout [6]:ezsat
 success!
  Trying to prove $equiv for \scrambler_top_inst.dout [7]:ezsat
 success!
  Trying to prove $equiv for \scrambler_top_inst.ext_en:ezsat
 success!
  Trying to prove $equiv for \scrambler_top_inst.din_valid:ezsat
 success!
 Grouping SAT models for \scrambler_top_inst.din:
  Trying to prove $equiv for \scrambler_top_inst.din [0]:ezsat
 success!
  Trying to prove $equiv for \scrambler_top_inst.din [1]:ezsat
 success!
  Trying to prove $equiv for \scrambler_top_inst.din [2]:ezsat
 success!
  Trying to prove $equiv for \scrambler_top_inst.din [3]:ezsat
 success!
  Trying to prove $equiv for \scrambler_top_inst.din [4]:ezsat
 success!
  Trying to prove $equiv for \scrambler_top_inst.din [5]:ezsat
 success!
  Trying to prove $equiv for \scrambler_top_inst.din [6]:ezsat
 success!
  Trying to prove $equiv for \scrambler_top_inst.din [7]:ezsat
 success!
 Grouping SAT models for \scrambler_top_inst.csr_rdata:
  Trying to prove $equiv for \scrambler_top_inst.csr_rdata [0]:ezsat
 success!
  Trying to prove $equiv for \scrambler_top_inst.csr_rdata [1]:ezsat
 success!
  Trying to prove $equiv for \scrambler_top_inst.csr_rdata [2]:ezsat
 success!
  Trying to prove $equiv for \scrambler_top_inst.csr_rdata [3]:ezsat
 success!
  Trying to prove $equiv for \scrambler_top_inst.csr_rdata [4]:ezsat
 success!
  Trying to prove $equiv for \scrambler_top_inst.csr_rdata [5]:ezsat
 success!
  Trying to prove $equiv for \scrambler_top_inst.csr_rdata [6]:ezsat
 success!
  Trying to prove $equiv for \scrambler_top_inst.csr_rdata [7]:ezsat
 success!
  Trying to prove $equiv for \scrambler_top_inst.csr_rdata [8]:ezsat
 success!
  Trying to prove $equiv for \scrambler_top_inst.csr_rdata [9]:ezsat
 success!
  Trying to prove $equiv for \scrambler_top_inst.csr_rdata [10]:ezsat
 success!
  Trying to prove $equiv for \scrambler_top_inst.csr_rdata [11]:ezsat
 success!
  Trying to prove $equiv for \scrambler_top_inst.csr_rdata [12]:ezsat
 success!
  Trying to prove $equiv for \scrambler_top_inst.csr_rdata [13]:ezsat
 success!
  Trying to prove $equiv for \scrambler_top_inst.csr_rdata [14]:ezsat
 success!
  Trying to prove $equiv for \scrambler_top_inst.csr_rdata [15]:ezsat
 success!
  Trying to prove $equiv for \scrambler_top_inst.csr_rdata [16]:ezsat
 success!
  Trying to prove $equiv for \scrambler_top_inst.csr_rdata [17]:ezsat
 success!
  Trying to prove $equiv for \scrambler_top_inst.csr_rdata [18]:ezsat
 success!
  Trying to prove $equiv for \scrambler_top_inst.csr_rdata [19]:ezsat
 success!
  Trying to prove $equiv for \scrambler_top_inst.csr_rdata [20]:ezsat
 success!
  Trying to prove $equiv for \scrambler_top_inst.csr_rdata [21]:ezsat
 success!
  Trying to prove $equiv for \scrambler_top_inst.csr_rdata [22]:ezsat
 success!
  Trying to prove $equiv for \scrambler_top_inst.csr_rdata [23]:ezsat
 success!
  Trying to prove $equiv for \scrambler_top_inst.csr_rdata [24]:ezsat
 success!
  Trying to prove $equiv for \scrambler_top_inst.csr_rdata [25]:ezsat
 success!
  Trying to prove $equiv for \scrambler_top_inst.csr_rdata [26]:ezsat
 success!
  Trying to prove $equiv for \scrambler_top_inst.csr_rdata [27]:ezsat
 success!
  Trying to prove $equiv for \scrambler_top_inst.csr_rdata [28]:ezsat
 success!
  Trying to prove $equiv for \scrambler_top_inst.csr_rdata [29]:ezsat
 success!
  Trying to prove $equiv for \scrambler_top_inst.csr_rdata [30]:ezsat
 success!
  Trying to prove $equiv for \scrambler_top_inst.csr_rdata [31]:ezsat
 success!
 Grouping SAT models for \scrambler_top_inst.csr_wdata:
  Trying to prove $equiv for \scrambler_top_inst.csr_wdata [0]:ezsat
 success!
  Trying to prove $equiv for \scrambler_top_inst.csr_wdata [1]:ezsat
 success!
  Trying to prove $equiv for \scrambler_top_inst.csr_wdata [2]:ezsat
 success!
  Trying to prove $equiv for \scrambler_top_inst.csr_wdata [3]:ezsat
 success!
  Trying to prove $equiv for \scrambler_top_inst.csr_wdata [4]:ezsat
 success!
  Trying to prove $equiv for \scrambler_top_inst.csr_wdata [5]:ezsat
 success!
  Trying to prove $equiv for \scrambler_top_inst.csr_wdata [6]:ezsat
 success!
  Trying to prove $equiv for \scrambler_top_inst.csr_wdata [7]:ezsat
 success!
  Trying to prove $equiv for \scrambler_top_inst.csr_wdata [8]:ezsat
 success!
  Trying to prove $equiv for \scrambler_top_inst.csr_wdata [9]:ezsat
 success!
  Trying to prove $equiv for \scrambler_top_inst.csr_wdata [10]:ezsat
 success!
  Trying to prove $equiv for \scrambler_top_inst.csr_wdata [11]:ezsat
 success!
  Trying to prove $equiv for \scrambler_top_inst.csr_wdata [12]:ezsat
 success!
  Trying to prove $equiv for \scrambler_top_inst.csr_wdata [13]:ezsat
 success!
  Trying to prove $equiv for \scrambler_top_inst.csr_wdata [14]:ezsat
 success!
  Trying to prove $equiv for \scrambler_top_inst.csr_wdata [15]:ezsat
 success!
  Trying to prove $equiv for \scrambler_top_inst.csr_wdata [16]:ezsat
 success!
  Trying to prove $equiv for \scrambler_top_inst.csr_wdata [17]:ezsat
 success!
  Trying to prove $equiv for \scrambler_top_inst.csr_wdata [18]:ezsat
 success!
  Trying to prove $equiv for \scrambler_top_inst.csr_wdata [19]:ezsat
 success!
  Trying to prove $equiv for \scrambler_top_inst.csr_wdata [20]:ezsat
 success!
  Trying to prove $equiv for \scrambler_top_inst.csr_wdata [21]:ezsat
 success!
  Trying to prove $equiv for \scrambler_top_inst.csr_wdata [22]:ezsat
 success!
  Trying to prove $equiv for \scrambler_top_inst.csr_wdata [23]:ezsat
 success!
  Trying to prove $equiv for \scrambler_top_inst.csr_wdata [24]:ezsat
 success!
  Trying to prove $equiv for \scrambler_top_inst.csr_wdata [25]:ezsat
 success!
  Trying to prove $equiv for \scrambler_top_inst.csr_wdata [26]:ezsat
 success!
  Trying to prove $equiv for \scrambler_top_inst.csr_wdata [27]:ezsat
 success!
  Trying to prove $equiv for \scrambler_top_inst.csr_wdata [28]:ezsat
 success!
  Trying to prove $equiv for \scrambler_top_inst.csr_wdata [29]:ezsat
 success!
  Trying to prove $equiv for \scrambler_top_inst.csr_wdata [30]:ezsat
 success!
  Trying to prove $equiv for \scrambler_top_inst.csr_wdata [31]:ezsat
 success!
 Grouping SAT models for \scrambler_top_inst.csr_addr:
  Trying to prove $equiv for \scrambler_top_inst.csr_addr [0]:ezsat
 success!
  Trying to prove $equiv for \scrambler_top_inst.csr_addr [1]:ezsat
 success!
  Trying to prove $equiv for \scrambler_top_inst.csr_addr [2]:ezsat
 success!
  Trying to prove $equiv for \scrambler_top_inst.csr_addr [3]:ezsat
 success!
  Trying to prove $equiv for \scrambler_top_inst.csr_addr [4]:ezsat
 success!
  Trying to prove $equiv for \scrambler_top_inst.csr_addr [5]:ezsat
 success!
  Trying to prove $equiv for \scrambler_top_inst.csr_addr [6]:ezsat
 success!
  Trying to prove $equiv for \scrambler_top_inst.csr_addr [7]:ezsat
 success!
  Trying to prove $equiv for \scrambler_top_inst.rst_n:ezsat
 success!
  Trying to prove $equiv for \scrambler_top_inst.clk:ezsat
 success!
Proved 282 previously unproven $equiv cells.

23. Executing EQUIV_INDUCT pass.
Found 662 unproven $equiv cells in module equiv:
  Proving existence of base case for step 1. (52982 clauses over 20264 variables)
  Proving induction step 1. (115652 clauses over 43596 variables)
  Proof for induction step failed. Extending to next time step.
  Proving existence of base case for step 2. (115653 clauses over 43596 variables)
  Proving induction step 2. (178323 clauses over 66928 variables)
  Proof for induction step holds. Entire workset of 662 cells proven!
Proved 662 previously unproven $equiv cells.
================ EQUIVALENCE RESULT ================

24. Executing EQUIV_STATUS pass.
Found 944 $equiv cells in equiv:
  Of those cells 944 are proven and 0 are unproven.
  Equivalence successfully proven!

Warnings: 1 unique messages, 4 total
End of script. Logfile hash: 5842f52baf, time: 13.53s, user: 11.93s, system: 0.18s, MEM: 72.34 MB peak
Yosys 0.67+24 (git sha1 0e82bbefe, Release, Clang /usr/bin/clang++ 18.1.8)
Time spent: 86% 1x equiv_simple (10 sec), 5% 1x equiv_induct (0 sec), ...
